report_id,report_text,disaster_type,severity,latitude,longitude,barangay,created_at,has_user_note,text_length,word_count,has_urgency,note_urgency_score,note_downgrade_score,has_prank_keywords,is_false_alarm,is_hotspot,historical_incident_count,hazard_zone_risk,hazard_zone_distance_km
REP-ONETAP-1448,,Fire,high,8.15561144409197,125.12296285845666,Bangcud,2026-02-04T07:08:00,0,0,0,0,0,0,0,0,1,26,MEDIUM,0.33
REP-ONETAP-1115,,Fire,critical,8.156807203539714,125.13292228184568,San Jose,2025-12-12T18:37:00,0,0,0,0,0,0,0,0,1,29,HIGH,0.17
REP-ONETAP-1065,Typhoon - Barangay 1,Typhoon,high,8.158777282308558,125.1319036161367,Barangay 1,2025-02-07T14:26:00,0,20,4,0,0,0,0,0,0,15,HIGH,0.38
REP-FA-2288,system test drill for cdrrmo rescuers,Typhoon,low,8.151288247197478,125.14392014792737,Violeta,2025-11-22T13:28:00,1,37,6,0,0,1,1,1,0,15,HIGH,0.51
REP-TEXT-1538,Uncontrolled fire outbreak in residential neighborhood,Fire,moderate,8.142387707000424,125.12684741049576,Casisang,2025-09-24T19:33:00,1,54,6,0,0,1,0,0,1,25,HIGH,0.4
REP-EXT-0669,Soil and rocks falling from hillside,Landslide,moderate,8.156708,125.127539,Barangay 9,2018-12-19T00:00:00,1,36,6,0,0,0,0,0,0,12,LOW,0.09
REP-TEXT-1584,Bonfire unattended spreading slightly to dry grass,Fire,moderate,8.14808681412911,125.11550034720425,Aglayan,2025-07-21T06:29:00,1,50,7,1,1,1,0,0,1,28,MEDIUM,0.29
REP-CLUSTER-2405,Torrential floodwater chest deep currents strong rescue boat needed,Flood,critical,8.150228824544467,125.13158537541143,Barangay 7,2025-12-23T01:53:00,1,67,9,0,0,0,0,0,0,15,MEDIUM,0.19
REP-EXT-0498,Flood entering homes after heavy rain,Flood,moderate,8.147758,125.11845,Aglayan,2018-06-10T00:00:00,1,37,6,0,0,0,0,0,0,18,MEDIUM,0.08
REP-CLUSTER-2481,River overflowing rapidly sweeping away vehicles people stranded,Flood,critical,8.081676971638105,125.15786764287904,Linabo,2025-05-06T01:07:00,1,64,8,1,1,0,0,0,0,15,NONE,7.19
REP-EXT-0472,Landslide damaged farm area,Landslide,high,8.159229,125.127028,Casisang,2022-12-11T00:00:00,1,27,4,0,0,0,0,0,1,29,LOW,0.21
REP-EXT-0247,Road blocked due to floodwater,Flood,moderate,8.151197,125.128945,Sumpong,2015-12-20T00:00:00,1,30,5,0,0,0,0,0,0,22,MEDIUM,0.16
REP-EXT-0924,Minor tremor felt in the barangay,Earthquake,moderate,8.149527,125.139489,Violeta,2020-12-01T00:00:00,1,33,6,0,0,1,0,0,1,32,HIGH,0.14
REP-ONETAP-1132,,Typhoon,high,8.149988946630225,125.11575747761886,Aglayan,2025-02-21T14:06:00,0,0,0,0,0,0,0,0,0,15,MEDIUM,0.4
REP-EXT-0671,House on fire please send help,Fire,high,8.160907,125.125191,Casisang,2017-04-02T00:00:00,1,30,6,0,0,0,0,0,1,25,LOW,0.48
REP-EXT-0917,Buildings shaking for several seconds,Earthquake,high,8.148626,125.141136,Violeta,2017-03-04T00:00:00,1,37,5,0,0,0,0,0,1,32,HIGH,0.1
REP-ONETAP-1415,,Earthquake,moderate,8.15887381791508,125.12814285645008,Barangay 10,2025-11-07T16:12:00,0,0,0,0,0,0,0,0,1,29,LOW,0.16
REP-TEXT-1607,Small grass fire controlled with garden hose,Fire,low,8.149004387981384,125.13387030795245,Barangay 8,2025-12-30T20:23:00,1,44,7,0,0,2,0,0,0,15,MEDIUM,0.47
REP-EXT-0403,Road covered by landslide debris,Landslide,moderate,8.158846,125.129648,Malaybalay Proper,2020-03-15T00:00:00,1,32,5,0,0,0,0,0,0,21,LOW,0.25
REP-ONETAP-1104,Fire - Barangay 2,Fire,high,8.15671487034296,125.12797033778776,Barangay 2,2025-07-25T15:04:00,0,17,4,0,0,0,0,0,0,15,HIGH,0.06
REP-TEXT-2073,Passing light rain shower with mild breeze,Typhoon,high,8.171412500626504,125.11406363996062,Kalasungay,2025-08-27T19:02:00,1,42,7,0,0,0,0,0,0,15,NONE,1.69
REP-EXT-0720,Strong shaking felt in our area,Earthquake,moderate,8.155114,125.127484,Barangay 9,2020-01-25T00:00:00,1,31,6,0,0,0,0,0,0,24,HIGH,0.21
REP-TEXT-2012,Strong typhoon winds blowing off tin roofs and toppling electric posts,Typhoon,high,8.160630642925181,125.12502963003608,Barangay 1,2025-12-29T15:30:00,1,70,11,0,0,0,0,0,0,15,LOW,0.46
REP-CLUSTER-2437,Electrical fire spreading across building roof,Fire,critical,8.146269015144131,125.1186262528205,Aglayan,2025-05-14T19:29:00,1,46,6,1,1,0,0,0,1,28,MEDIUM,0.12
REP-EXT-0197,Smoke and flames seen in residential area,Fire,critical,8.149905,125.13916,Violeta,2021-02-18T00:00:00,1,41,7,0,0,0,0,0,1,27,HIGH,0.19
REP-EXT-0892,Heavy rain triggered landslide near homes,Landslide,high,8.161068,125.125381,Casisang,2022-07-04T00:00:00,1,41,6,0,0,0,0,0,1,29,LOW,0.48
REP-ONETAP-1265,,Fire,high,8.149490866535157,125.13191737053315,Barangay 8,2025-11-02T20:43:00,0,0,0,0,0,0,0,0,0,15,MEDIUM,0.28
REP-ONETAP-1035,,Typhoon,moderate,8.155506205390484,125.12435089975205,Barangay 10,2025-06-10T01:03:00,0,0,0,0,0,0,0,0,0,15,LOW,0.44
REP-ONETAP-1326,Fire - Barangay 1,Fire,moderate,8.159770846632295,125.12714014218578,Barangay 1,2026-01-22T15:58:00,0,17,4,0,0,0,0,0,0,15,LOW,0.26
REP-EXT-0510,Strong shaking felt in our area,Earthquake,moderate,8.157281,125.127799,Malaybalay Proper,2020-12-30T00:00:00,1,31,6,0,0,0,0,0,0,24,LOW,0.02
REP-ONETAP-1428,,Flood,moderate,8.136132634665055,125.12935615869613,Casisang,2025-05-11T03:57:00,0,0,0,0,0,0,0,0,0,18,HIGH,0.38
REP-EXT-0195,House on fire please send help,Fire,high,8.157243,125.125968,Malaybalay Proper,2022-12-12T00:00:00,1,30,6,0,0,0,0,0,0,22,LOW,0.2
REP-ONETAP-1180,Flood - Barangay 10,Flood,moderate,8.159729225126199,125.12610614052441,Barangay 10,2025-10-17T21:25:00,0,19,4,0,0,0,0,0,1,32,LOW,0.31
REP-TEXT-2033,Typhoon signal 3 destructive winds continuous heavy rainfall,Typhoon,high,8.079387581189604,125.15450577510123,Linabo,2025-05-21T04:48:00,1,60,8,0,0,0,0,0,0,15,NONE,7.26
REP-EXT-0933,House on fire please send help,Fire,high,8.158906,125.128237,Barangay 11,2017-09-10T00:00:00,1,30,6,0,0,0,0,0,1,26,LOW,0.16
REP-ONETAP-1125,Earthquake - Linabo,Earthquake,moderate,8.083992859042613,125.15799025302825,Linabo,2025-05-20T13:53:00,0,19,3,0,0,0,0,0,0,15,NONE,6.97
REP-TEXT-1823,Ground shaking felt for 10 seconds slight vibration,Earthquake,moderate,8.156722233465283,125.13101841307453,Barangay 6,2025-01-06T20:49:00,1,51,8,0,0,1,0,0,0,15,HIGH,0.2
REP-ONETAP-1367,Earthquake - Santo Niño,Earthquake,moderate,8.114509804153904,125.16222059098442,Santo Niño,2025-10-02T19:40:00,0,23,4,0,0,0,0,0,0,15,NONE,4.49
REP-TEXT-1993,Category 4 winds tearing apart structures flying debris dangerous,Typhoon,high,8.156179739252945,125.12593670252575,Malaybalay Proper,2025-02-20T08:41:00,1,65,9,1,1,0,0,0,0,15,LOW,0.25
REP-ONETAP-1259,,Landslide,moderate,8.155437838153032,125.11855947819761,Bangcud,2025-08-26T06:21:00,0,0,0,0,0,0,0,0,1,29,MEDIUM,0.41
REP-FA-2275,system test drill for cdrrmo rescuers,Landslide,low,8.149604010635649,125.13666861811728,Violeta,2025-11-26T06:56:00,1,37,6,0,0,1,1,1,1,30,HIGH,0.41
REP-ONETAP-1274,Earthquake - Simaya,Earthquake,moderate,8.072657627536946,125.14149924161659,Simaya,2026-01-07T22:40:00,0,19,3,0,0,0,0,0,0,15,NONE,7.52
REP-TEXT-1937,Slope erosion noticed near drainage ditch,Landslide,moderate,8.152130522701478,125.13129952520922,Barangay 8,2025-04-12T22:48:00,1,41,6,0,0,0,0,0,0,15,MEDIUM,0.12
REP-ONETAP-1267,Typhoon - Sumpong,Typhoon,high,8.150695624115105,125.12980348972609,Sumpong,2025-07-05T17:18:00,0,17,3,0,0,0,0,0,0,15,MEDIUM,0.11
REP-EXT-0773,Heavy rain triggered landslide near homes,Landslide,high,8.156517,125.131905,San Jose,2024-07-21T00:00:00,1,41,6,0,0,0,0,0,1,28,HIGH,0.13
REP-TEXT-1609,Test fire safety drill conducted at school grounds,Fire,low,8.15579581265226,125.03369036105484,Cabangahan,2025-09-21T03:24:00,1,50,8,0,0,1,1,1,0,15,HIGH,0.4
REP-ONETAP-1312,Fire - Barangay 5,Fire,moderate,8.157167148845437,125.12583614129579,Barangay 5,2025-06-02T14:43:00,0,17,4,0,0,0,0,0,0,15,LOW,0.22
REP-EXT-0135,Landslide blocking the road,Landslide,moderate,8.155042,125.129713,Barangay 9,2019-11-23T00:00:00,1,27,4,0,0,0,0,0,0,12,HIGH,0.23
REP-TEXT-1856,Slight shake noticed no issues reported,Earthquake,moderate,8.156872389090069,125.12991848186627,San Jose,2025-03-12T09:44:00,1,39,6,0,0,1,0,0,1,29,HIGH,0.16
REP-CLUSTER-2400,Kitchen fire ignited wall spreading to second floor,Fire,critical,8.152211546289838,125.13019334865567,Sumpong,2025-02-28T22:58:00,1,51,8,1,1,0,0,0,0,24,MEDIUM,0.08
REP-EXT-0421,Strong shaking felt in our area,Earthquake,moderate,8.158216,125.129563,Barangay 9,2015-01-25T00:00:00,1,31,6,0,0,0,0,0,0,24,HIGH,0.21
REP-TEXT-1756,Destructive ground shaking multiple structures damaged people injured,Earthquake,high,8.15831430054766,125.12192664741264,Bangcud,2025-08-22T20:47:00,1,69,8,1,1,0,0,0,1,26,MEDIUM,0.09
REP-EXT-0708,Smoke and flames seen in residential area,Fire,high,8.160347,125.126986,Casisang,2019-09-03T00:00:00,1,41,7,0,0,0,0,0,1,25,LOW,0.33
REP-EXT-0094,Road covered by landslide debris,Landslide,moderate,8.147673,125.116993,Aglayan,2016-06-30T00:00:00,1,32,5,0,0,0,0,0,0,23,MEDIUM,0.12
REP-EXT-0057,Road covered by landslide debris,Landslide,moderate,8.158632,125.12971,Barangay 11,2021-03-07T00:00:00,1,32,5,0,0,0,0,0,0,16,LOW,0.25
REP-EXT-0219,Smoke and flames seen in residential area,Fire,high,8.158448,125.121704,Bangcud,2022-05-05T00:00:00,1,41,7,0,0,0,0,0,1,26,MEDIUM,0.07
REP-ONETAP-1037,,Flood,moderate,8.152911127996223,125.12760776518026,Barangay 6,2025-10-19T07:37:00,0,0,0,0,0,0,0,0,0,15,MEDIUM,0.35
REP-ONETAP-1294,,Typhoon,high,8.149535559782619,125.11580519967605,Aglayan,2025-04-09T03:21:00,0,0,0,0,0,0,0,0,0,15,MEDIUM,0.35
REP-TEXT-1953,Minor soil runoff along road gutter no blockage,Landslide,moderate,8.158659912923586,125.12429185777249,Malaybalay Proper,2025-04-22T04:56:00,1,47,8,0,0,1,0,0,0,21,MEDIUM,0.35
REP-ONETAP-1450,,Flood,moderate,8.154986502020174,125.12487592137352,Barangay 3,2025-06-19T03:02:00,0,0,0,0,0,0,0,0,0,15,LOW,0.43
REP-CLUSTER-2360,Street submerged under 3 feet of water cars stalling,Flood,critical,8.156156775672898,125.13143075503883,San Jose,2025-04-08T06:34:00,1,52,9,0,0,0,0,0,1,32,HIGH,0.13
REP-ONETAP-1466,Landslide - Barangay 6,Landslide,moderate,8.156894112152548,125.12982121029758,Barangay 6,2025-03-31T22:35:00,0,22,4,0,0,0,0,0,0,15,HIGH,0.15
REP-EXT-0299,Strong earthquake alarmed residents,Earthquake,moderate,8.157641,125.125874,Barangay 10,2016-05-19T00:00:00,1,35,4,0,0,0,0,0,1,29,LOW,0.21
REP-FA-2178,lol this is just a prank fire,Typhoon,low,8.159083968474691,125.13203538182958,Barangay 1,2025-11-26T01:46:00,1,29,7,0,0,1,1,1,0,15,HIGH,0.41
REP-EXT-0179,Landslide damaged farm area,Landslide,moderate,8.156656,125.125947,Barangay 10,2016-08-05T00:00:00,1,27,4,0,0,0,0,0,0,22,LOW,0.22
REP-ONETAP-1188,,Earthquake,moderate,8.158722027580296,125.12780157407933,Malaybalay Proper,2026-01-15T01:27:00,0,0,0,0,0,0,0,0,0,24,LOW,0.14
REP-ONETAP-1473,,Landslide,moderate,8.157817919375113,125.03429803065737,Cabangahan,2025-07-13T11:34:00,0,0,0,0,0,0,0,0,0,15,HIGH,0.23
REP-EXT-0189,Strong shaking felt in our area,Earthquake,moderate,8.156738,125.127273,Barangay 10,2017-01-03T00:00:00,1,31,6,0,0,0,0,0,1,29,LOW,0.1
REP-EXT-0573,Floodwater already waist deep,Flood,moderate,8.152453,125.129766,Sumpong,2024-10-24T00:00:00,1,29,4,0,0,0,0,0,0,22,MEDIUM,0.13
REP-EXT-0434,Electrical short circuit started a fire,Fire,high,8.157276,125.12247,Bangcud,2020-08-13T00:00:00,1,39,6,0,0,0,0,0,1,26,MEDIUM,0.16
REP-EXT-0519,Electrical short circuit started a fire,Fire,critical,8.156363,125.12831,Barangay 10,2024-11-29T00:00:00,1,39,6,0,0,0,0,0,1,25,HIGH,0.04
REP-CLUSTER-2347,Street submerged under 3 feet of water cars stalling,Flood,critical,8.138422376480454,125.12797044382008,Casisang,2025-08-29T09:38:00,1,52,9,0,0,0,0,0,0,18,HIGH,0.09
REP-FA-2272,lol this is just a prank fire,Fire,low,8.154840722788979,125.12913266266281,Barangay 6,2025-10-22T01:40:00,1,29,7,0,0,1,1,1,0,15,HIGH,0.22
REP-ONETAP-1085,Fire - Kalasungay,Fire,moderate,8.175643484963347,125.11648755391172,Kalasungay,2025-03-25T09:06:00,0,17,3,0,0,0,0,0,0,15,NONE,2.03
REP-ONETAP-1289,,Landslide,moderate,8.160367464271,125.12574764645726,Malaybalay Proper,2025-04-13T09:20:00,0,0,0,0,0,0,0,0,0,21,LOW,0.39
REP-ONETAP-1124,Flood - Malaybalay Proper,Flood,critical,8.154582046786796,125.12724794412374,Malaybalay Proper,2025-02-28T14:07:00,0,25,4,0,0,0,0,0,1,27,HIGH,0.27
REP-ONETAP-1342,,Flood,moderate,8.144536689634773,125.11505670103593,Aglayan,2025-08-11T20:50:00,0,0,0,0,0,0,0,0,0,18,MEDIUM,0.44
REP-FA-2257,lol this is just a prank fire,Landslide,low,8.159106975489054,125.12286191897593,Barangay 10,2025-03-30T06:10:00,1,29,7,0,0,1,1,1,0,22,MEDIUM,0.22
REP-ONETAP-1491,Earthquake - Sumpong,Earthquake,moderate,8.15183818522382,125.13071232514945,Sumpong,2025-01-07T22:39:00,0,20,3,0,0,0,0,0,0,23,MEDIUM,0.05
REP-EXT-0044,Heavy rain triggered landslide near homes,Landslide,high,8.151848,125.129515,Sumpong,2022-09-25T00:00:00,1,41,6,0,0,0,0,0,1,26,MEDIUM,0.1
REP-TEXT-1879,Catastrophic slope failure covered residential road casualties feared,Landslide,critical,8.114607086838777,125.16243102863156,Santo Niño,2025-10-30T22:57:00,1,69,8,1,1,0,0,0,0,15,NONE,4.49
REP-EXT-0451,Smoke and flames seen in residential area,Fire,critical,8.155672,125.128622,Barangay 10,2023-09-15T00:00:00,1,41,7,0,0,0,0,0,1,25,HIGH,0.12
REP-TEXT-2046,Typhoon approaching region moderate continuous rains and gusty winds,Typhoon,high,8.149480516160105,125.13227737313815,Barangay 8,2025-06-21T19:51:00,1,68,9,0,0,0,0,0,0,15,MEDIUM,0.31
REP-EXT-0045,Earthquake caused cracks in the wall,Earthquake,high,8.150087,125.138707,Violeta,2015-11-02T00:00:00,1,36,6,0,0,0,0,0,1,32,HIGH,0.24
REP-ONETAP-1284,Landslide - Barangay 4,Landslide,moderate,8.154940860823242,125.12745914526194,Barangay 4,2026-01-31T04:18:00,0,22,4,0,0,0,0,0,0,15,HIGH,0.23
REP-TEXT-1968,Slight surface soil slippage on grassy bank,Landslide,moderate,8.158360571399333,125.12657771774263,Barangay 5,2025-04-26T05:27:00,1,43,7,0,0,1,0,0,0,15,LOW,0.17
REP-TEXT-2091,Light precipitation weather clearing up,Typhoon,high,8.153086319059836,125.12778253348381,Barangay 5,2025-04-04T05:53:00,1,39,5,0,0,0,0,0,0,15,MEDIUM,0.34
REP-EXT-0255,Earthquake caused cracks in the wall,Earthquake,moderate,8.148036,125.119369,Aglayan,2016-09-14T00:00:00,1,36,6,0,0,0,0,0,1,30,MEDIUM,0.18
REP-TEXT-1946,Minor soil slide blocking footpath,Landslide,moderate,8.112908602334313,125.1629495284884,Santo Niño,2025-03-23T15:24:00,1,34,5,0,0,1,0,0,0,15,NONE,4.68
REP-TEXT-1875,Huge mudslide continuing to move towards village emergency evacuation needed,Landslide,critical,8.157384319131637,125.12423643318257,Barangay 2,2025-05-27T14:10:00,1,76,10,1,2,0,0,0,0,15,MEDIUM,0.34
REP-TEXT-1863,Massive hillside collapse buried 2 houses people trapped,Landslide,critical,8.115898896171505,125.16577088554098,Santo Niño,2025-04-29T21:01:00,1,56,8,1,3,0,0,0,0,15,NONE,4.59
REP-EXT-0565,Landslide damaged farm area,Landslide,moderate,8.155332,125.128278,Barangay 10,2017-11-02T00:00:00,1,27,4,0,0,0,0,0,0,22,HIGH,0.15
REP-EXT-0213,Water rising quickly near our house,Flood,moderate,8.162711,125.126924,Casisang,2019-06-06T00:00:00,1,35,6,0,0,0,0,0,0,18,LOW,0.59
REP-EXT-0867,Buildings shaking for several seconds,Earthquake,moderate,8.157311,125.122248,Bangcud,2022-06-08T00:00:00,1,37,5,0,0,0,0,0,1,26,MEDIUM,0.14
REP-EXT-0743,Road covered by landslide debris,Landslide,moderate,8.158687,125.127426,Malaybalay Proper,2022-12-27T00:00:00,1,32,5,0,0,0,0,0,0,21,LOW,0.14
REP-ONETAP-1252,,Earthquake,moderate,8.160188344838806,125.12590861279755,Barangay 2,2025-06-15T22:14:00,0,0,0,0,0,0,0,0,0,15,LOW,0.36
REP-ONETAP-1048,Typhoon - Barangay 5,Typhoon,high,8.156073541735232,125.12950757011932,Barangay 5,2025-08-09T04:02:00,0,20,4,0,0,0,0,0,0,15,HIGH,0.13
REP-TEXT-1737,Minor drainage overflow contained on street side,Flood,low,8.152706735042337,125.13002373859965,San Jose,2025-05-11T15:53:00,1,48,7,0,0,2,0,0,1,32,MEDIUM,0.14
REP-ONETAP-1018,Fire - Violeta,Fire,critical,8.150071773194313,125.14024609004763,Violeta,2025-06-02T20:32:00,0,14,3,0,0,0,0,0,1,27,HIGH,0.17
REP-EXT-0171,Water rising quickly near our house,Flood,moderate,8.161969,125.126935,Casisang,2015-11-18T00:00:00,1,35,6,0,0,0,0,0,0,18,LOW,0.51
REP-TEXT-2097,Mild windy weather with occasional light rain,Typhoon,high,8.142222490317835,125.12444842613961,Casisang,2026-01-14T17:32:00,1,45,7,0,0,0,0,0,0,15,HIGH,0.49
REP-CLUSTER-2488,Soil and large boulders falling from hillside into road,Landslide,critical,8.158134925686367,125.1283669491114,Malaybalay Proper,2025-09-23T18:34:00,1,55,9,0,0,0,0,0,0,21,LOW,0.09
REP-FA-2218,testing the app and button response,Flood,low,8.157351995144618,125.1277298855001,Malaybalay Proper,2025-06-28T02:13:00,1,35,6,0,0,1,1,1,1,27,LOW,0.02
REP-TEXT-1798,Strong tremor caused panic visible fissures in concrete pavement,Earthquake,moderate,8.158068097450839,125.13049039621285,Malaybalay Proper,2025-12-03T15:33:00,1,64,9,0,0,0,0,0,0,24,HIGH,0.27
REP-EXT-0545,Minor tremor felt in the barangay,Earthquake,moderate,8.161585,125.126501,Casisang,2015-08-31T00:00:00,1,33,6,0,0,1,0,0,1,33,LOW,0.48
REP-ONETAP-1222,Typhoon - Barangay 7,Typhoon,high,8.151809778595695,125.13109282547266,Barangay 7,2025-02-26T09:15:00,0,20,4,0,0,0,0,0,0,15,MEDIUM,0.08
REP-EXT-0464,Minor tremor felt in the barangay,Earthquake,moderate,8.160245,125.125332,Casisang,2018-08-03T00:00:00,1,33,6,0,0,1,0,0,1,33,LOW,0.41
REP-EXT-0989,Smoke and flames seen in residential area,Fire,high,8.162154,125.126074,Casisang,2017-03-28T00:00:00,1,41,7,0,0,0,0,0,1,25,LOW,0.55
REP-ONETAP-1322,Fire - Santo Niño,Fire,moderate,8.112866110494991,125.16477815095699,Santo Niño,2025-08-02T17:33:00,0,17,4,0,0,0,0,0,0,15,NONE,4.8
REP-EXT-0603,Soil and rocks falling from hillside,Landslide,high,8.153441,125.132164,San Jose,2021-09-12T00:00:00,1,36,6,0,0,0,0,0,1,28,HIGH,0.22
REP-ONETAP-1337,Fire - Barangay 1,Fire,moderate,8.161693274910077,125.12846803104931,Barangay 1,2025-05-21T17:18:00,0,17,4,0,0,0,0,0,0,15,LOW,0.47
REP-CLUSTER-2340,House fire with heavy black smoke visible from street,Fire,critical,8.157421477279456,125.12686367797949,Barangay 10,2025-10-14T01:18:00,1,53,9,0,0,0,0,0,1,25,LOW,0.1
REP-ONETAP-1261,,Flood,moderate,8.138889880804493,125.12483710360166,Casisang,2025-05-17T14:15:00,0,0,0,0,0,0,0,0,0,18,HIGH,0.26
REP-FA-2115,system test drill for cdrrmo rescuers,Earthquake,low,8.116447858456132,125.16028442584869,Santo Niño,2025-02-04T19:47:00,1,37,6,0,0,1,1,1,0,15,NONE,4.19
REP-EXT-0808,Landslide damaged farm area,Landslide,high,8.150425,125.139601,Violeta,2018-10-11T00:00:00,1,27,4,0,0,0,0,0,1,30,HIGH,0.22
REP-EXT-0887,Strong earthquake alarmed residents,Earthquake,moderate,8.157575,125.128491,Barangay 10,2024-03-23T00:00:00,1,35,4,0,0,0,0,0,1,29,LOW,0.08
REP-TEXT-1583,Bonfire unattended spreading slightly to dry grass,Fire,moderate,8.08457470927935,125.159940087123,Linabo,2025-07-29T03:16:00,1,50,7,1,1,1,0,0,0,15,NONE,7.02
REP-TEXT-1615,Small camp fire burning out safely,Fire,low,8.14577496394014,125.14054464124065,Violeta,2025-07-26T02:22:00,1,34,6,1,1,1,0,0,1,27,HIGH,0.31
REP-TEXT-1838,Very slight vibration barely noticeable no damage,Earthquake,moderate,8.159234246189074,125.12244094440042,Barangay 3,2025-08-30T00:21:00,1,49,7,0,0,1,0,0,0,15,MEDIUM,0.19
REP-TEXT-1874,Huge mudslide continuing to move towards village emergency evacuation needed,Landslide,critical,8.160421278979221,125.04000073849257,Cabangahan,2025-04-08T09:28:00,1,76,10,1,2,0,0,0,0,15,HIGH,0.47
REP-EXT-0283,Road covered by landslide debris,Landslide,moderate,8.155626,125.127735,Barangay 10,2023-06-02T00:00:00,1,32,5,0,0,0,0,0,0,22,HIGH,0.15
REP-EXT-0211,Minor tremor felt in the barangay,Earthquake,moderate,8.159949,125.121204,Bangcud,2021-08-15T00:00:00,1,33,6,0,0,1,0,0,1,26,MEDIUM,0.22
REP-EXT-0112,Road covered by landslide debris,Landslide,moderate,8.158981,125.129672,Malaybalay Proper,2020-06-12T00:00:00,1,32,5,0,0,0,0,0,0,21,LOW,0.26
REP-TEXT-1921,Landslide blocking one lane of road soil slowly sliding,Landslide,high,8.150722323131687,125.14350683076933,Violeta,2025-08-16T16:01:00,1,55,9,0,0,0,0,0,1,30,HIGH,0.44
REP-FA-2166,joke lang walang sunog testing lang,Earthquake,low,8.16020380488711,125.12435834023461,Barangay 3,2025-01-25T09:36:00,1,35,6,0,0,1,1,1,0,15,MEDIUM,0.43
REP-EXT-0458,Buildings shaking for several seconds,Earthquake,moderate,8.156574,125.128119,Malaybalay Proper,2024-01-22T00:00:00,1,37,5,0,0,0,0,0,0,24,HIGH,0.04
REP-EXT-0820,Soil and rocks falling from hillside,Landslide,high,8.161724,125.127244,Casisang,2020-03-31T00:00:00,1,36,6,0,0,0,0,0,1,29,LOW,0.47
REP-FA-2185,sample test report for capstone evaluation,Fire,low,8.183059254027185,125.15413469970336,Canayan,2025-10-07T13:30:00,1,42,6,0,0,1,1,1,0,15,NONE,3.9
REP-TEXT-1656,Floodwater already waist deep entering living rooms,Flood,moderate,8.117857313233078,125.16207105007558,Santo Niño,2025-09-14T16:05:00,1,51,7,0,0,0,0,0,0,15,NONE,4.17
REP-EXT-0253,Market stall caught fire,Fire,high,8.153321,125.128467,Sumpong,2024-09-22T00:00:00,1,24,4,0,0,0,0,0,0,24,MEDIUM,0.29
REP-EXT-0252,Buildings shaking for several seconds,Earthquake,moderate,8.149108,125.117434,Aglayan,2022-03-26T00:00:00,1,37,5,0,0,0,0,0,1,30,MEDIUM,0.22
REP-TEXT-1540,Uncontrolled fire outbreak in residential neighborhood,Fire,moderate,8.155721429476692,125.12950092465809,Barangay 5,2025-03-26T12:01:00,1,54,6,0,0,1,0,0,0,15,HIGH,0.15
REP-FA-2130,fake report test only,Typhoon,low,8.15082516940805,125.12837817381865,San Jose,2025-01-31T15:07:00,1,21,4,0,0,1,1,1,0,15,MEDIUM,0.23
REP-TEXT-1927,Small mudslide on hillside after continuous rainfall,Landslide,low,8.161313487007984,125.12262482263569,Barangay 2,2026-01-28T21:47:00,1,52,7,0,0,1,0,0,0,15,MEDIUM,0.4
REP-ONETAP-1019,Flood - Kalasungay,Flood,moderate,8.17319346661059,125.11424348311554,Kalasungay,2026-02-03T16:58:00,0,18,3,0,0,0,0,0,0,15,NONE,1.85
REP-EXT-0423,Landslide blocking the road,Landslide,high,8.157038,125.132735,San Jose,2020-05-10T00:00:00,1,27,4,0,0,0,0,0,1,28,HIGH,0.19
REP-ONETAP-1176,,Earthquake,moderate,8.155608676479835,125.03502577644588,Cabangahan,2025-10-23T16:13:00,0,0,0,0,0,0,0,0,0,15,HIGH,0.33
REP-EXT-0621,Landslide blocking the road,Landslide,high,8.159705,125.121857,Bangcud,2019-01-24T00:00:00,1,27,4,0,0,0,0,0,1,29,MEDIUM,0.2
REP-EXT-0174,Heavy rain triggered landslide near homes,Landslide,high,8.156314,125.121329,Bangcud,2017-05-28T00:00:00,1,41,6,0,0,0,0,0,1,29,MEDIUM,0.19
REP-EXT-0487,Soil and rocks falling from hillside,Landslide,high,8.162308,125.127434,Casisang,2017-04-03T00:00:00,1,36,6,0,0,0,0,0,1,29,LOW,0.54
REP-TEXT-1986,Violent super typhoon winds ripping off roofs trees falling on houses,Typhoon,high,8.15223876506955,125.14096435273491,Violeta,2025-03-20T15:48:00,1,69,11,0,0,0,0,0,0,15,HIGH,0.42
REP-ONETAP-1081,,Landslide,moderate,8.150169539693833,125.13310722471915,Sumpong,2025-02-11T15:01:00,0,0,0,0,0,0,0,0,1,26,MEDIUM,0.33
REP-ONETAP-1118,,Landslide,moderate,8.150014331416394,125.11782006236976,Aglayan,2025-12-10T03:54:00,0,0,0,0,0,0,0,0,0,23,MEDIUM,0.31
REP-ONETAP-1358,Landslide - Barangay 6,Landslide,moderate,8.155108057615577,125.12972661403863,Barangay 6,2025-07-04T08:15:00,0,22,4,0,0,0,0,0,0,15,HIGH,0.22
REP-ONETAP-1042,Earthquake - Barangay 6,Earthquake,moderate,8.155129107438047,125.13045930777358,Barangay 6,2025-12-01T16:00:00,0,23,4,0,0,0,0,0,0,15,HIGH,0.2
REP-ONETAP-1091,,Landslide,moderate,8.157395474124321,125.13101770594142,Barangay 9,2026-01-10T18:17:00,0,0,0,0,0,0,0,0,0,12,HIGH,0.26
REP-ONETAP-1356,Typhoon - Sumpong,Typhoon,high,8.153175014633748,125.1317490630642,Sumpong,2025-05-05T18:33:00,0,17,3,0,0,0,0,0,0,15,MEDIUM,0.24
REP-EXT-0212,Road blocked due to floodwater,Flood,high,8.153938,125.131017,San Jose,2024-02-11T00:00:00,1,30,5,0,0,0,0,0,1,32,HIGH,0.22
REP-EXT-0614,Heavy rain triggered landslide near homes,Landslide,high,8.157019,125.120641,Bangcud,2022-07-28T00:00:00,1,41,6,0,0,0,0,0,1,29,MEDIUM,0.13
REP-FA-2150,dummy alert testing gps coordinates,Fire,low,8.153827526112046,125.12873232618692,Barangay 5,2026-01-28T15:50:00,1,35,5,0,0,1,1,1,0,15,MEDIUM,0.32
REP-EXT-0465,River overflow causing flooding in the area,Flood,moderate,8.159595,125.121169,Bangcud,2024-01-31T00:00:00,1,43,7,0,0,0,0,0,0,23,MEDIUM,0.18
REP-ONETAP-1468,Flood - Barangay 10,Flood,moderate,8.158603969840192,125.1257671035883,Barangay 10,2025-12-26T18:25:00,0,19,4,0,0,0,0,0,1,32,LOW,0.26
REP-EXT-0555,Market stall caught fire,Fire,critical,8.155579,125.128216,Barangay 9,2022-06-20T00:00:00,1,24,4,0,0,0,0,0,1,25,HIGH,0.13
REP-EXT-0908,Fire spreading to nearby houses,Fire,high,8.147411,125.117227,Aglayan,2023-03-04T00:00:00,1,31,5,1,1,0,0,0,1,28,MEDIUM,0.09
REP-EXT-0994,Strong shaking felt in our area,Earthquake,moderate,8.156185,125.127026,Barangay 10,2020-12-14T00:00:00,1,31,6,0,0,0,0,0,1,29,LOW,0.17
REP-TEXT-1969,Few rocks rolled down roadside ditch,Landslide,moderate,8.173154003585031,125.1184125156132,Kalasungay,2025-10-23T11:02:00,1,36,6,0,0,0,0,0,0,15,NONE,1.71
REP-TEXT-1789,Vigorous shaking caused power outage and superficial structure damage,Earthquake,moderate,8.113781317432146,125.166859219281,Santo Niño,2025-05-21T19:58:00,1,69,9,0,0,0,0,0,0,15,NONE,4.85
REP-TEXT-1599,Minor burning of garbage contained in metal drum,Fire,low,8.150602164120837,125.12405176372678,Barangay 4,2025-07-15T04:03:00,1,48,8,1,1,2,0,0,0,15,MEDIUM,0.71
REP-EXT-0097,Buildings shaking for several seconds,Earthquake,moderate,8.160988,125.124782,Casisang,2016-01-29T00:00:00,1,37,5,0,0,0,0,0,1,33,LOW,0.51
REP-TEXT-1965,Slight surface soil slippage on grassy bank,Landslide,moderate,8.150993880926071,125.13432174113605,Sumpong,2025-02-13T04:41:00,1,43,7,0,0,1,0,0,1,26,MEDIUM,0.44
REP-ONETAP-1365,,Earthquake,moderate,8.156437865914373,125.13013507473617,San Jose,2025-12-04T04:45:00,0,0,0,0,0,0,0,0,1,29,HIGH,0.18
REP-TEXT-1925,Landslide blocking one lane of road soil slowly sliding,Landslide,high,8.14274176275329,125.12484149688034,Casisang,2025-01-19T14:24:00,1,55,9,0,0,0,0,0,1,29,HIGH,0.51
REP-EXT-0612,River overflow causing flooding in the area,Flood,moderate,8.150226,125.140448,Violeta,2022-04-06T00:00:00,1,43,7,0,0,0,0,0,0,13,HIGH,0.19
REP-EXT-0446,Strong shaking felt in our area,Earthquake,high,8.155833,125.133712,San Jose,2015-04-29T00:00:00,1,31,6,0,0,0,0,0,1,29,HIGH,0.16
REP-EXT-0238,Strong earthquake alarmed residents,Earthquake,moderate,8.158268,125.128398,Malaybalay Proper,2019-05-18T00:00:00,1,35,4,0,0,0,0,0,0,24,LOW,0.11
REP-CLUSTER-2311,Intense earthquake caused severe structural failure in commercial building,Earthquake,critical,8.08146748091152,125.15877231179206,Linabo,2025-10-28T21:06:00,1,74,9,1,1,0,0,0,0,15,NONE,7.26
REP-EXT-0874,Electrical short circuit started a fire,Fire,critical,8.156776,125.130954,San Jose,2020-05-17T00:00:00,1,39,6,0,0,0,0,0,1,29,HIGH,0.21
REP-CLUSTER-2498,Severe seismic shaking cracked bridge collapsed school wall,Earthquake,critical,8.15530011875117,125.12936650815226,Barangay 6,2025-12-22T04:34:00,1,59,8,1,2,0,0,0,0,15,HIGH,0.18
REP-TEXT-2055,Tropical depression bringing steady rainfall and breezy conditions,Typhoon,high,8.152592011994786,125.13301321093235,Barangay 6,2025-08-23T13:10:00,1,66,8,0,0,0,0,0,0,15,MEDIUM,0.31
REP-TEXT-1674,Floodwaters entering homes rapidly after heavy downpour,Flood,high,8.159000981653847,125.13252807186362,Barangay 11,2026-01-08T21:52:00,1,55,7,1,1,0,0,0,1,27,HIGH,0.4
REP-FA-2123,testing the app and button response,Flood,low,8.14158807844854,125.12631994504484,Casisang,2025-04-22T04:32:00,1,35,6,0,0,1,1,1,0,18,HIGH,0.32
REP-EXT-0840,Floodwater already waist deep,Flood,moderate,8.159584,125.120571,Bangcud,2020-11-04T00:00:00,1,29,4,0,0,0,0,0,0,23,MEDIUM,0.19
REP-EXT-0582,Strong earthquake alarmed residents,Earthquake,moderate,8.156488,125.121527,Bangcud,2023-08-21T00:00:00,1,35,4,0,0,0,0,0,1,26,MEDIUM,0.17
REP-ONETAP-1282,Earthquake - Malaybalay Proper,Earthquake,moderate,8.156290994967142,125.13044891327796,Malaybalay Proper,2025-12-27T06:44:00,0,30,4,0,0,0,0,0,0,24,HIGH,0.22
REP-EXT-0980,Soil and rocks falling from hillside,Landslide,moderate,8.156695,125.130321,Barangay 9,2022-07-22T00:00:00,1,36,6,0,0,0,0,0,0,12,HIGH,0.2
REP-EXT-0791,Smoke and flames seen in residential area,Fire,high,8.15619,125.119999,Bangcud,2022-06-20T00:00:00,1,41,7,0,0,0,0,0,1,26,MEDIUM,0.24
REP-EXT-0842,Floodwater already waist deep,Flood,moderate,8.155562,125.12958,Barangay 9,2021-07-17T00:00:00,1,29,4,0,0,0,0,0,0,19,HIGH,0.17
REP-EXT-0483,Earthquake caused cracks in the wall,Earthquake,moderate,8.157492,125.120244,Bangcud,2020-06-17T00:00:00,1,36,6,0,0,0,0,0,1,26,MEDIUM,0.12
REP-TEXT-1911,Hillside erosion threatening foundation of roadside homes,Landslide,moderate,8.15935634215925,125.12605212463919,Barangay 9,2025-06-23T21:30:00,1,57,7,0,0,0,0,0,0,12,LOW,0.28
REP-EXT-0622,Soil and rocks falling from hillside,Landslide,high,8.151955,125.130649,Sumpong,2021-05-19T00:00:00,1,36,6,0,0,0,0,0,1,26,MEDIUM,0.06
REP-TEXT-1503,Massive structure fire spreading to adjacent residential houses URGENT HELP,Fire,critical,8.149135504756716,125.13271029391254,Barangay 8,2025-08-17T05:55:00,1,75,10,1,3,0,0,0,0,15,MEDIUM,0.37
REP-EXT-0333,Fire spreading to nearby houses,Fire,high,8.14871,125.116827,Aglayan,2022-08-04T00:00:00,1,31,5,1,1,0,0,0,1,28,MEDIUM,0.21
REP-EXT-0479,Landslide damaged farm area,Landslide,moderate,8.146991,125.117635,Aglayan,2022-02-08T00:00:00,1,27,4,0,0,0,0,0,0,23,MEDIUM,0.05
REP-ONETAP-1495,,Landslide,moderate,8.14936311602376,125.13105193158451,Sumpong,2025-06-19T22:15:00,0,0,0,0,0,0,0,0,1,26,MEDIUM,0.25
REP-EXT-0508,Earthquake caused cracks in the wall,Earthquake,high,8.148169,125.138314,Violeta,2017-03-23T00:00:00,1,36,6,0,0,0,0,0,1,32,HIGH,0.21
REP-ONETAP-1451,Landslide - Bangcud,Landslide,moderate,8.155303826205492,125.1237447903532,Bangcud,2025-07-22T15:01:00,0,19,3,0,0,0,0,0,1,29,MEDIUM,0.41
REP-CLUSTER-2424,Floodwater already waist deep entering living rooms,Flood,critical,8.157539733479792,125.12313996983995,Barangay 3,2025-11-21T04:13:00,1,51,7,0,0,0,0,0,0,15,MEDIUM,0.22
REP-EXT-0644,Electrical short circuit started a fire,Fire,high,8.160425,125.126108,Casisang,2017-05-13T00:00:00,1,39,6,0,0,0,0,0,1,25,LOW,0.37
REP-EXT-0481,Water rising quickly near our house,Flood,high,8.15839,125.126031,Barangay 10,2024-08-20T00:00:00,1,35,6,0,0,0,0,0,1,32,LOW,0.22
REP-ONETAP-1456,Typhoon - Aglayan,Typhoon,high,8.147467106836205,125.11790807691264,Aglayan,2025-07-18T08:11:00,0,17,3,0,0,0,0,0,0,15,MEDIUM,0.03
REP-CLUSTER-2395,Severe flooding elderly residents unable to evacuate trapped inside,Flood,critical,8.175466487905862,125.11491565630412,Kalasungay,2025-02-18T12:44:00,1,67,9,1,2,0,0,0,0,15,NONE,2.06
REP-ONETAP-1012,,Landslide,moderate,8.15073263199177,125.13017379140636,Barangay 7,2025-03-13T07:47:00,0,0,0,0,0,0,0,0,0,15,MEDIUM,0.09
REP-EXT-0765,Earthquake caused cracks in the wall,Earthquake,high,8.147793,125.139693,Violeta,2017-10-31T00:00:00,1,36,6,0,0,0,0,0,1,32,HIGH,0.1
REP-ONETAP-1290,Fire - Barangay 10,Fire,critical,8.158075387507342,125.1294476217524,Barangay 10,2025-04-29T17:47:00,0,18,4,0,0,0,0,0,1,25,HIGH,0.19
REP-ONETAP-1224,Flood - Malaybalay Proper,Flood,critical,8.154598612113237,125.12789225438125,Malaybalay Proper,2025-05-30T13:00:00,0,25,4,0,0,0,0,0,1,27,HIGH,0.24
REP-ONETAP-1334,Fire - Barangay 6,Fire,high,8.158001396338166,125.13045282113211,Barangay 6,2025-02-08T21:03:00,0,17,4,0,0,0,0,0,0,15,HIGH,0.26
REP-EXT-0618,Landslide damaged farm area,Landslide,moderate,8.15882,125.125561,Barangay 10,2019-11-13T00:00:00,1,27,4,0,0,0,0,0,0,22,LOW,0.29
REP-EXT-0522,Smoke and flames seen in residential area,Fire,high,8.156706,125.127125,Barangay 10,2023-02-06T00:00:00,1,41,7,0,0,0,0,0,1,25,LOW,0.12
REP-EXT-0583,House on fire please send help,Fire,critical,8.156012,125.130899,Barangay 11,2020-12-23T00:00:00,1,30,6,0,0,0,0,0,1,26,HIGH,0.17
REP-ONETAP-1059,Earthquake - Barangay 7,Earthquake,moderate,8.148985328830689,125.12821984286676,Barangay 7,2025-12-06T03:46:00,0,23,4,0,0,0,0,0,0,15,MEDIUM,0.37
REP-ONETAP-1407,,Fire,high,8.15077538564453,125.1303471951233,Barangay 8,2025-09-02T02:08:00,0,0,0,0,0,0,0,0,0,15,MEDIUM,0.08
REP-EXT-0297,Landslide damaged farm area,Landslide,high,8.158193,125.121239,Bangcud,2016-10-16T00:00:00,1,27,4,0,0,0,0,0,1,29,MEDIUM,0.02
REP-CLUSTER-2443,Severe seismic shaking cracked bridge collapsed school wall,Earthquake,critical,8.114835679211094,125.1648336846479,Santo Niño,2025-03-29T05:23:00,1,59,8,1,2,0,0,0,0,15,NONE,4.62
REP-ONETAP-1062,Typhoon - Barangay 1,Typhoon,moderate,8.16032324969561,125.1272610961093,Barangay 1,2025-06-14T14:28:00,0,20,4,0,0,0,0,0,0,15,LOW,0.32
REP-EXT-0858,Water rising quickly near our house,Flood,high,8.157888,125.127495,Barangay 10,2018-01-29T00:00:00,1,35,6,0,0,0,0,0,1,32,LOW,0.05
REP-TEXT-1693,Street flooding making road impassable for small vehicles,Flood,low,8.139421209224722,125.12939355587396,Casisang,2025-07-23T23:08:00,1,57,8,0,0,1,0,0,0,18,HIGH,0.25
REP-EXT-0408,Strong shaking felt in our area,Earthquake,high,8.148922,125.1384,Violeta,2015-09-11T00:00:00,1,31,6,0,0,0,0,0,1,32,HIGH,0.2
REP-ONETAP-1079,,Fire,moderate,8.16394157317552,125.12955135665378,Barangay 1,2025-08-08T04:55:00,0,0,0,0,0,0,0,0,0,15,LOW,0.74
REP-ONETAP-1084,Landslide - Simaya,Landslide,moderate,8.072686336676655,125.1446865421333,Simaya,2026-01-28T11:10:00,0,18,3,0,0,0,0,0,0,15,NONE,7.6
REP-EXT-0169,Road covered by landslide debris,Landslide,high,8.151113,125.130111,Sumpong,2023-04-02T00:00:00,1,32,5,0,0,0,0,0,1,26,MEDIUM,0.05
REP-FA-2181,testing the app and button response,Typhoon,low,8.153160411518211,125.12820973379422,Barangay 5,2025-09-25T21:53:00,1,35,6,0,0,1,1,1,0,15,MEDIUM,0.3
REP-EXT-0240,Road blocked due to floodwater,Flood,moderate,8.159861,125.121614,Bangcud,2020-03-06T00:00:00,1,30,5,0,0,0,0,0,0,23,MEDIUM,0.21
REP-CLUSTER-2306,Electrical fire spreading across building roof,Fire,critical,8.155070703449011,125.12956533785247,Barangay 6,2025-06-07T13:43:00,1,46,6,1,1,0,0,0,0,15,HIGH,0.22
REP-TEXT-1998,Category 4 winds tearing apart structures flying debris dangerous,Typhoon,high,8.15690211411142,125.12998399641788,Barangay 9,2025-06-29T07:46:00,1,65,9,1,1,0,0,0,0,15,HIGH,0.16
REP-TEXT-1902,Soil and large boulders falling from hillside into road,Landslide,moderate,8.159809234226035,125.0397711333983,Cabangahan,2025-12-28T09:27:00,1,55,9,0,0,0,0,0,0,15,HIGH,0.42
REP-ONETAP-1051,Flood - Barangay 8,Flood,moderate,8.153387634177319,125.13565723619759,Barangay 8,2025-01-13T05:47:00,0,18,4,0,0,0,0,0,0,15,HIGH,0.43
REP-TEXT-1913,Hillside erosion threatening foundation of roadside homes,Landslide,moderate,8.155543090309335,125.03598494349075,Cabangahan,2025-10-02T10:29:00,1,57,7,0,0,0,0,0,0,15,HIGH,0.31
REP-TEXT-1868,Large rockslide crushed vehicles and blocked main highway completely,Landslide,moderate,8.15561662561459,125.12943759255323,Barangay 2,2025-08-13T19:31:00,1,68,9,0,0,0,0,0,0,15,HIGH,0.16
REP-TEXT-2096,Mild windy weather with occasional light rain,Typhoon,high,8.154099401641163,125.13294855132695,Barangay 11,2026-01-29T04:29:00,1,45,7,0,0,0,0,0,0,15,HIGH,0.16
REP-EXT-0523,Strong shaking felt in our area,Earthquake,moderate,8.156215,125.129308,Barangay 9,2015-05-25T00:00:00,1,31,6,0,0,0,0,0,0,24,HIGH,0.1
REP-TEXT-1738,Minor drainage overflow contained on street side,Flood,low,8.148238897698898,125.11759883855251,Aglayan,2025-06-21T08:23:00,1,48,7,0,0,2,0,0,0,18,MEDIUM,0.12
REP-CLUSTER-2473,Floodwater already waist deep entering living rooms,Flood,critical,8.114421226171375,125.16546531620524,Santo Niño,2026-02-02T05:54:00,1,51,7,0,0,0,0,0,0,15,NONE,4.7
REP-TEXT-1848,Small tremor recorded mild shaking,Earthquake,low,8.158485500331302,125.12289975352415,Bangcud,2025-01-21T07:59:00,1,34,5,0,0,1,0,0,1,26,MEDIUM,0.19
REP-CLUSTER-2369,Vigorous shaking caused power outage and superficial structure damage,Earthquake,critical,8.156303245503961,125.12709009603329,Barangay 5,2025-10-26T01:29:00,1,69,9,0,0,0,0,0,0,15,LOW,0.15
REP-FA-2250,fake report test only,Typhoon,low,8.1525701721495,125.12599680372223,Barangay 10,2026-01-07T19:59:00,1,21,4,0,0,1,1,1,0,15,MEDIUM,0.5
REP-TEXT-1884,Catastrophic slope failure covered residential road casualties feared,Landslide,critical,8.161498031113142,125.1285294290513,Barangay 11,2025-07-14T01:49:00,1,69,8,1,1,0,0,0,0,16,LOW,0.45
REP-TEXT-1512,Huge blaze engulfing commercial warehouse people trapped inside,Fire,critical,8.156388848769495,125.13297589724674,San Jose,2025-01-04T16:42:00,1,63,8,1,2,0,0,0,1,29,HIGH,0.13
REP-ONETAP-1460,Earthquake - Barangay 6,Earthquake,moderate,8.15355660220548,125.13075511705509,Barangay 6,2025-01-15T22:44:00,0,23,4,0,0,0,0,0,0,15,MEDIUM,0.23
REP-TEXT-1939,Soil displacement along highway shoulder rocks scattered,Landslide,moderate,8.157275823798443,125.12918172721663,Barangay 5,2025-08-27T15:14:00,1,56,7,0,0,0,0,0,0,15,HIGH,0.1
REP-TEXT-1724,Small puddles formed in driveway no property threat,Flood,low,8.137983035982971,125.12920135508637,Casisang,2025-03-07T01:33:00,1,51,8,0,0,1,0,0,0,18,HIGH,0.24
REP-TEXT-2026,Fierce winds causing trees to fall across main roads and houses,Typhoon,high,8.111152504054976,125.1682574310254,Santo Niño,2025-11-13T01:15:00,1,63,11,0,0,0,0,0,0,15,NONE,5.18
REP-TEXT-1608,Small grass fire controlled with garden hose,Fire,low,8.08404086164167,125.15837292109362,Linabo,2025-11-05T06:49:00,1,44,7,0,0,2,0,0,0,15,NONE,6.99
REP-TEXT-1978,Small soil erosion in vacant lot no hazard,Landslide,low,8.153482609921399,125.1303829161285,Barangay 10,2026-01-19T09:46:00,1,42,8,0,0,1,0,0,0,22,MEDIUM,0.22
REP-EXT-0509,River overflow causing flooding in the area,Flood,moderate,8.151538,125.128861,Sumpong,2022-07-20T00:00:00,1,43,7,0,0,0,0,0,0,22,MEDIUM,0.17
REP-EXT-0633,River overflow causing flooding in the area,Flood,high,8.156036,125.13356,San Jose,2015-11-09T00:00:00,1,43,7,0,0,0,0,0,1,32,HIGH,0.16
REP-EXT-0916,Landslide damaged farm area,Landslide,high,8.161643,125.126526,Casisang,2016-06-25T00:00:00,1,27,4,0,0,0,0,0,1,29,LOW,0.48
REP-EXT-0260,River overflow causing flooding in the area,Flood,high,8.155935,125.133622,San Jose,2016-01-21T00:00:00,1,43,7,0,0,0,0,0,1,32,HIGH,0.16
REP-ONETAP-1396,Landslide - Barangay 4,Landslide,moderate,8.15231353343857,125.12870056481894,Barangay 4,2025-05-22T20:08:00,0,22,4,0,0,0,0,0,0,15,MEDIUM,0.21
REP-FA-2296,prank call fake alarm haha,Earthquake,low,8.185597018790675,125.15332374427769,Canayan,2025-09-01T23:53:00,1,26,5,0,0,1,1,1,0,15,NONE,4.08
REP-CLUSTER-2322,Uncontrolled fire outbreak in residential neighborhood,Fire,critical,8.11540659935011,125.165524930483,Santo Niño,2025-10-03T00:57:00,1,54,6,0,0,1,0,0,0,15,NONE,4.62
REP-EXT-0803,Minor tremor felt in the barangay,Earthquake,moderate,8.157836,125.129753,Barangay 11,2018-11-30T00:00:00,1,33,6,0,0,1,0,0,1,26,HIGH,0.19
REP-TEXT-1936,Slope erosion noticed near drainage ditch,Landslide,moderate,8.188268970900253,125.15454204979119,Canayan,2025-12-20T22:28:00,1,41,6,0,0,0,0,0,0,15,NONE,4.4
REP-ONETAP-1197,Earthquake - Bangcud,Earthquake,moderate,8.155409717550974,125.12085324838301,Bangcud,2025-10-30T01:22:00,0,20,3,0,0,0,0,0,1,26,MEDIUM,0.29
REP-TEXT-1945,Minor soil slide blocking footpath,Landslide,moderate,8.15383944751633,125.13066196452742,Sumpong,2025-07-25T18:26:00,1,34,5,0,0,1,0,0,1,26,HIGH,0.25
REP-EXT-0757,Soil and rocks falling from hillside,Landslide,high,8.152428,125.130235,Sumpong,2017-09-30T00:00:00,1,36,6,0,0,0,0,0,1,26,MEDIUM,0.1
REP-EXT-0802,Floodwater already waist deep,Flood,moderate,8.158545,125.121431,Bangcud,2022-03-24T00:00:00,1,29,4,0,0,0,0,0,0,23,MEDIUM,0.07
REP-EXT-0234,Fire spreading to nearby houses,Fire,high,8.155687,125.126224,Malaybalay Proper,2022-03-09T00:00:00,1,31,5,1,1,0,0,0,0,22,LOW,0.27
REP-TEXT-1515,Forest fire moving rapidly towards community high wind spreading flames,Fire,critical,8.085617502384924,125.1592117317497,Linabo,2025-04-07T04:33:00,1,71,10,1,2,0,0,0,0,15,NONE,6.88
REP-EXT-0941,Earthquake caused cracks in the wall,Earthquake,moderate,8.148062,125.11666,Aglayan,2022-12-05T00:00:00,1,36,6,0,0,0,0,0,1,30,MEDIUM,0.18
REP-EXT-0999,Earthquake caused cracks in the wall,Earthquake,moderate,8.15241,125.130725,Sumpong,2022-01-19T00:00:00,1,36,6,0,0,0,0,0,0,23,MEDIUM,0.11
REP-ONETAP-1103,,Earthquake,moderate,8.144815525880727,125.11507359242025,Aglayan,2025-08-14T10:11:00,0,0,0,0,0,0,0,0,1,30,MEDIUM,0.42
REP-ONETAP-1464,Flood - Barangay 1,Flood,moderate,8.159386272113917,125.1302281780504,Barangay 1,2025-09-27T11:04:00,0,18,4,0,0,0,0,0,0,15,LOW,0.34
REP-TEXT-1877,Huge mudslide continuing to move towards village emergency evacuation needed,Landslide,critical,8.151729405173198,125.13990863162456,Violeta,2025-11-27T14:05:00,1,76,10,1,2,0,0,0,1,30,HIGH,0.36
REP-ONETAP-1226,Typhoon - Barangay 3,Typhoon,high,8.159520422067914,125.12426449175956,Barangay 3,2025-07-19T15:02:00,0,20,4,0,0,0,0,0,0,15,MEDIUM,0.38
REP-EXT-0325,Strong earthquake alarmed residents,Earthquake,moderate,8.148929,125.118971,Aglayan,2022-08-27T00:00:00,1,35,4,0,0,0,0,0,1,30,MEDIUM,0.22
REP-TEXT-1764,Intense earthquake caused severe structural failure in commercial building,Earthquake,high,8.158596942832828,125.12761778615882,Barangay 9,2025-07-13T07:16:00,1,74,9,1,1,0,0,0,0,24,LOW,0.12
REP-TEXT-1954,Minor soil runoff along road gutter no blockage,Landslide,moderate,8.155146143132642,125.1292399080894,Barangay 4,2025-01-01T04:42:00,1,47,8,0,0,1,0,0,0,15,HIGH,0.19
REP-ONETAP-1378,,Flood,moderate,8.18707731704662,125.15082670025996,Canayan,2026-01-21T22:51:00,0,0,0,0,0,0,0,0,0,15,NONE,4.07
REP-EXT-0101,Smoke and flames seen in residential area,Fire,high,8.157245,125.129326,Malaybalay Proper,2020-08-21T00:00:00,1,41,7,0,0,0,0,0,0,22,HIGH,0.11
REP-CLUSTER-2482,River overflowing rapidly sweeping away vehicles people stranded,Flood,critical,8.150993289594181,125.13240537921918,Barangay 8,2026-02-02T22:50:00,1,64,8,1,1,0,0,0,0,15,MEDIUM,0.23
REP-ONETAP-1341,,Fire,moderate,8.07696837247228,125.13948370151164,Simaya,2025-07-14T12:35:00,0,0,0,0,0,0,0,0,0,15,NONE,7.01
REP-EXT-0388,Road covered by landslide debris,Landslide,moderate,8.157006,125.127789,Malaybalay Proper,2024-07-06T00:00:00,1,32,5,0,0,0,0,0,0,21,LOW,0.05
REP-TEXT-1955,Minor soil runoff along road gutter no blockage,Landslide,moderate,8.155493731454193,125.03655004656859,Cabangahan,2025-07-19T19:36:00,1,47,8,0,0,1,0,0,0,15,HIGH,0.31
REP-EXT-0180,Earthquake caused cracks in the wall,Earthquake,moderate,8.156308,125.120057,Bangcud,2023-12-28T00:00:00,1,36,6,0,0,0,0,0,1,26,MEDIUM,0.23
REP-TEXT-1695,Street flooding making road impassable for small vehicles,Flood,low,8.117264874082762,125.16859396142732,Santo Niño,2025-02-21T06:32:00,1,57,8,0,0,1,0,0,0,15,NONE,4.67
REP-TEXT-1663,Street submerged under 3 feet of water cars stalling,Flood,moderate,8.115354800496707,125.16239079853158,Santo Niño,2025-12-01T12:23:00,1,52,9,0,0,0,0,0,0,15,NONE,4.42
REP-ONETAP-1305,Flood - Barangay 11,Flood,moderate,8.16002691604437,125.12915104331596,Barangay 11,2025-09-08T02:57:00,0,19,4,0,0,0,0,0,1,27,LOW,0.32
REP-EXT-0928,Strong shaking felt in our area,Earthquake,high,8.156379,125.130902,Barangay 11,2019-11-14T00:00:00,1,31,6,0,0,0,0,0,1,26,HIGH,0.19
REP-ONETAP-1431,,Earthquake,moderate,8.11644399496864,125.16451621582618,Santo Niño,2026-01-04T10:17:00,0,0,0,0,0,0,0,0,0,15,NONE,4.46
REP-FA-2269,lol this is just a prank fire,Flood,low,8.158332062586657,125.12779650274081,Barangay 5,2025-08-08T13:58:00,1,29,7,0,0,1,1,1,0,15,LOW,0.09
REP-EXT-0142,Earthquake caused cracks in the wall,Earthquake,moderate,8.160218,125.125803,Casisang,2016-03-08T00:00:00,1,36,6,0,0,0,0,0,1,33,LOW,0.37
REP-EXT-0369,Floodwater already waist deep,Flood,high,8.158826,125.128845,Barangay 10,2015-11-13T00:00:00,1,29,4,0,0,0,0,0,1,32,LOW,0.19
REP-CLUSTER-2446,Heavy continuous rain caused river to overflow into streets,Flood,critical,8.082825942808753,125.15721839089495,Linabo,2025-05-31T02:24:00,1,59,9,0,0,0,0,0,0,15,NONE,7.05
REP-ONETAP-1086,,Landslide,moderate,8.184654070552984,125.15267174346637,Canayan,2026-01-02T06:04:00,0,0,0,0,0,0,0,0,0,15,NONE,3.95
REP-EXT-0368,Strong earthquake alarmed residents,Earthquake,high,8.157431,125.129351,Barangay 11,2017-06-09T00:00:00,1,35,4,0,0,0,0,0,1,26,HIGH,0.12
REP-TEXT-1675,Main drainage backed up causing severe street flooding,Flood,high,8.160138419191936,125.12436453427192,Barangay 10,2025-07-30T19:09:00,1,54,8,1,1,0,0,0,1,32,MEDIUM,0.42
REP-ONETAP-1045,,Landslide,moderate,8.07580542775331,125.14058390340978,Simaya,2025-01-27T02:40:00,0,0,0,0,0,0,0,0,0,15,NONE,7.16
REP-EXT-0319,River overflow causing flooding in the area,Flood,moderate,8.159715,125.124884,Casisang,2017-01-12T00:00:00,1,43,7,0,0,0,0,0,0,18,LOW,0.4
REP-TEXT-1539,Uncontrolled fire outbreak in residential neighborhood,Fire,moderate,8.155902681209662,125.1301037923507,Barangay 10,2025-03-10T10:57:00,1,54,6,0,0,1,0,0,1,25,HIGH,0.2
REP-EXT-0248,Landslide blocking the road,Landslide,high,8.160268,125.124648,Casisang,2024-12-25T00:00:00,1,27,4,0,0,0,0,0,1,29,MEDIUM,0.46
REP-EXT-0322,Fire spreading to nearby houses,Fire,high,8.157392,125.129762,Barangay 11,2018-07-23T00:00:00,1,31,5,1,1,0,0,0,1,26,HIGH,0.16
REP-TEXT-1834,Minor tremor felt faintly by few people at rest,Earthquake,moderate,8.171193654642682,125.11343855078037,Kalasungay,2025-06-29T19:52:00,1,47,9,0,0,1,0,0,0,15,NONE,1.7
REP-TEXT-1840,Very slight vibration barely noticeable no damage,Earthquake,moderate,8.16020284119002,125.12619040043849,Barangay 2,2025-11-15T23:09:00,1,49,7,0,0,1,0,0,0,15,LOW,0.35
REP-EXT-1000,Smoke and flames seen in residential area,Fire,critical,8.154758,125.130586,San Jose,2023-06-08T00:00:00,1,41,7,0,0,0,0,0,1,29,HIGH,0.2
REP-EXT-0943,Soil and rocks falling from hillside,Landslide,moderate,8.157517,125.127973,Malaybalay Proper,2020-09-17T00:00:00,1,36,6,0,0,0,0,0,0,21,LOW,0.02
REP-TEXT-1773,Strong earthquake alarmed residents cracked walls and shattered windows,Earthquake,high,8.157039374200783,125.12984553560436,Barangay 11,2025-04-03T06:57:00,1,71,9,0,0,0,0,0,1,26,HIGH,0.15
REP-EXT-0030,Minor tremor felt in the barangay,Earthquake,moderate,8.160427,125.124233,Casisang,2022-06-18T00:00:00,1,33,6,0,0,1,0,0,1,33,MEDIUM,0.43
REP-ONETAP-1300,Earthquake - Sumpong,Earthquake,moderate,8.152616441719347,125.13293863608368,Sumpong,2025-11-24T09:23:00,0,20,3,0,0,0,0,0,0,23,MEDIUM,0.31
REP-TEXT-1994,Category 4 winds tearing apart structures flying debris dangerous,Typhoon,high,8.082673414670895,125.15768886874754,Linabo,2025-12-12T23:15:00,1,65,9,1,1,0,0,0,0,15,NONE,7.09
REP-TEXT-1915,Mudflow blocked purok entrance soil continuing to loosen,Landslide,high,8.144649747443692,125.1408191811374,Violeta,2025-06-19T11:04:00,1,56,8,0,0,0,0,0,1,30,HIGH,0.43
REP-EXT-0696,Road blocked due to floodwater,Flood,moderate,8.153096,125.13124,Sumpong,2020-10-14T00:00:00,1,30,5,0,0,0,0,0,0,22,MEDIUM,0.2
REP-CLUSTER-2471,Kitchen fire ignited wall spreading to second floor,Fire,critical,8.114068687731011,125.16464027871652,Santo Niño,2025-12-28T18:30:00,1,51,8,1,1,0,0,0,0,15,NONE,4.68
REP-TEXT-2029,Typhoon signal 3 destructive winds continuous heavy rainfall,Typhoon,high,8.15625981925721,125.13112502821807,Barangay 6,2025-02-02T06:27:00,1,60,8,0,0,0,0,0,0,15,HIGH,0.16
REP-TEXT-1601,Minor burning of garbage contained in metal drum,Fire,low,8.158967122629319,125.12497142712112,Malaybalay Proper,2025-02-01T22:50:00,1,48,8,1,1,2,0,0,0,22,LOW,0.35
REP-CLUSTER-2330,Intense earthquake caused severe structural failure in commercial building,Earthquake,critical,8.074046235009908,125.14293962150354,Simaya,2025-08-21T00:27:00,1,74,9,1,1,0,0,0,0,15,NONE,7.41
REP-ONETAP-1232,,Flood,moderate,8.157340398606062,125.12501972462921,Malaybalay Proper,2026-02-04T01:55:00,0,0,0,0,0,0,0,0,1,27,LOW,0.31
REP-FA-2174,prank call fake alarm haha,Landslide,low,8.158264335164823,125.1301553008184,Barangay 5,2025-06-13T02:40:00,1,26,5,0,0,1,1,1,0,15,HIGH,0.25
REP-TEXT-1916,Mudflow blocked purok entrance soil continuing to loosen,Landslide,moderate,8.160956906339484,125.12524368022923,Barangay 10,2025-01-16T10:24:00,1,56,8,0,0,0,0,0,0,22,LOW,0.48
REP-TEXT-1730,Puddle of rain water drying up slowly,Flood,moderate,8.136271309393571,125.12659154304329,Casisang,2025-08-03T22:48:00,1,37,7,0,0,0,0,0,0,18,HIGH,0.29
REP-TEXT-1707,Moderate water accumulation on low-lying purok road,Flood,moderate,8.15860910967766,125.12447291093558,Barangay 3,2025-10-26T11:22:00,1,51,7,0,0,0,0,0,0,15,MEDIUM,0.37
REP-TEXT-1704,Creek water level high reaching road shoulder,Flood,moderate,8.115921519885628,125.1663921950481,Santo Niño,2025-07-04T07:41:00,1,45,7,0,0,0,0,0,0,15,NONE,4.63
REP-EXT-0756,Landslide blocking the road,Landslide,moderate,8.146638,125.118709,Aglayan,2015-10-12T00:00:00,1,27,4,0,0,0,0,0,0,23,MEDIUM,0.1
REP-ONETAP-1331,,Flood,moderate,8.187974857556224,125.15330546844133,Canayan,2025-04-28T12:36:00,0,0,0,0,0,0,0,0,0,15,NONE,4.3
REP-EXT-0354,Strong shaking felt in our area,Earthquake,moderate,8.159659,125.125801,Casisang,2024-07-05T00:00:00,1,31,6,0,0,0,0,0,1,33,LOW,0.33
REP-EXT-0209,Market stall caught fire,Fire,high,8.159985,125.120975,Bangcud,2021-08-25T00:00:00,1,24,4,0,0,0,0,0,1,26,MEDIUM,0.22
REP-FA-2145,prank call fake alarm haha,Flood,low,8.17844029501011,125.11404289030453,Kalasungay,2026-01-07T15:17:00,1,26,5,0,0,1,1,1,0,15,NONE,2.41
REP-EXT-0904,House on fire please send help,Fire,critical,8.157215,125.133764,San Jose,2021-12-24T00:00:00,1,30,6,0,0,0,0,0,1,29,HIGH,0.26
REP-EXT-0953,River overflow causing flooding in the area,Flood,moderate,8.147448,125.140594,Violeta,2020-02-01T00:00:00,1,43,7,0,0,0,0,0,0,13,HIGH,0.12
REP-ONETAP-1338,Landslide - Barangay 1,Landslide,moderate,8.161513296193473,125.1301871544573,Barangay 1,2025-04-02T03:58:00,0,22,4,0,0,0,0,0,0,15,LOW,0.52
REP-TEXT-1552,"Fire breaking out in commercial store, smoke filling area",Fire,high,8.111021903992459,125.16637306505973,Santo Niño,2025-02-26T18:42:00,1,57,9,0,0,0,0,0,0,15,NONE,5.07
REP-TEXT-1568,Small brush fire burning near perimeter fence,Fire,low,8.149793706102768,125.1381886159588,Violeta,2025-06-27T21:43:00,1,45,7,1,1,1,0,0,1,27,HIGH,0.26
REP-TEXT-1944,Soil displacement along highway shoulder rocks scattered,Landslide,moderate,8.159343532118118,125.12783552185145,Barangay 10,2025-03-07T16:06:00,1,56,7,0,0,0,0,0,0,22,LOW,0.21
REP-EXT-0486,Market stall caught fire,Fire,high,8.148083,125.119623,Aglayan,2018-08-27T00:00:00,1,24,4,0,0,0,0,0,1,28,MEDIUM,0.2
REP-TEXT-1630,River overflowing rapidly sweeping away vehicles people stranded,Flood,high,8.154331233967357,125.12661601493795,Barangay 5,2025-03-02T17:00:00,1,64,8,1,1,0,0,0,0,15,HIGH,0.34
REP-TEXT-2040,Dangerous wind gusts breaking tree branches and smashing windows,Typhoon,high,8.152270175765754,125.13213759004472,Sumpong,2025-11-10T02:40:00,1,64,9,1,1,0,0,0,0,15,MEDIUM,0.21
REP-EXT-0200,Landslide blocking the road,Landslide,moderate,8.149035,125.119497,Aglayan,2023-05-18T00:00:00,1,27,4,0,0,0,0,0,0,23,MEDIUM,0.26
REP-EXT-0230,Strong shaking felt in our area,Earthquake,moderate,8.156607,125.129742,Barangay 9,2015-04-14T00:00:00,1,31,6,0,0,0,0,0,0,24,HIGH,0.14
REP-EXT-0811,Minor tremor felt in the barangay,Earthquake,moderate,8.158444,125.128283,Malaybalay Proper,2024-07-11T00:00:00,1,33,6,0,0,1,0,0,0,24,LOW,0.12
REP-EXT-0788,Strong earthquake alarmed residents,Earthquake,moderate,8.159788,125.130023,Barangay 11,2019-02-11T00:00:00,1,35,4,0,0,0,0,0,1,26,LOW,0.35
REP-EXT-0411,Buildings shaking for several seconds,Earthquake,moderate,8.156574,125.12884,Malaybalay Proper,2020-03-29T00:00:00,1,37,5,0,0,0,0,0,0,24,HIGH,0.04
REP-EXT-0630,Fire spreading to nearby houses,Fire,high,8.148567,125.138951,Violeta,2015-12-13T00:00:00,1,31,5,1,1,0,0,0,1,27,HIGH,0.14
REP-TEXT-1511,Huge blaze engulfing commercial warehouse people trapped inside,Fire,critical,8.154715989674223,125.12823358412398,Barangay 9,2025-12-13T16:52:00,1,63,8,1,2,0,0,0,1,25,HIGH,0.22
REP-EXT-0663,Heavy rain triggered landslide near homes,Landslide,high,8.155229,125.133455,San Jose,2020-12-02T00:00:00,1,41,6,0,0,0,0,0,1,28,HIGH,0.13
REP-FA-2143,prank call fake alarm haha,Landslide,low,8.076765186643973,125.13819217843886,Simaya,2025-12-22T18:06:00,1,26,5,0,0,1,1,1,0,15,NONE,7.0
REP-TEXT-1919,Mudflow blocked purok entrance soil continuing to loosen,Landslide,moderate,8.160362555820615,125.1294787201185,Malaybalay Proper,2025-05-20T13:05:00,1,56,8,0,0,0,0,0,0,21,LOW,0.37
REP-CLUSTER-2335,House fire with heavy black smoke visible from street,Fire,critical,8.155158449267011,125.12932568824927,Barangay 6,2025-09-03T13:51:00,1,53,9,0,0,0,0,0,0,15,HIGH,0.19
REP-ONETAP-1270,,Typhoon,high,8.153994347289315,125.12755473509735,Barangay 5,2025-01-20T04:45:00,0,0,0,0,0,0,0,0,0,15,HIGH,0.32
REP-EXT-0070,Strong shaking felt in our area,Earthquake,moderate,8.153004,125.129789,Sumpong,2015-06-23T00:00:00,1,31,6,0,0,0,0,0,0,23,MEDIUM,0.18
REP-EXT-0444,River overflow causing flooding in the area,Flood,high,8.156608,125.131586,San Jose,2018-06-13T00:00:00,1,43,7,0,0,0,0,0,1,32,HIGH,0.16
REP-FA-2148,test emergency alert system please ignore,Flood,low,8.147172737821252,125.11928371029663,Aglayan,2025-02-20T23:03:00,1,41,6,0,0,1,1,1,0,18,MEDIUM,0.14
REP-FA-2242,joke lang walang sunog testing lang,Landslide,low,8.079658038075584,125.14301887440129,Simaya,2025-11-13T19:23:00,1,35,6,0,0,1,1,1,0,15,NONE,6.8
REP-TEXT-1585,Smoke coming from residential backyard,Fire,high,8.153213012244299,125.13349972989988,Barangay 7,2025-10-29T03:49:00,1,38,5,0,0,0,0,0,0,15,HIGH,0.28
REP-EXT-0232,Soil and rocks falling from hillside,Landslide,moderate,8.156463,125.126808,Barangay 10,2018-05-05T00:00:00,1,36,6,0,0,0,0,0,0,22,LOW,0.16
REP-EXT-0441,Flood entering homes after heavy rain,Flood,high,8.156266,125.130975,Barangay 11,2016-09-21T00:00:00,1,37,6,0,0,0,0,0,1,27,HIGH,0.17
REP-TEXT-1628,River overflowing rapidly sweeping away vehicles people stranded,Flood,high,8.084353718295809,125.15846467364254,Linabo,2025-10-22T07:58:00,1,64,8,1,1,0,0,0,0,15,NONE,6.96
REP-ONETAP-1323,Earthquake - Barangay 5,Earthquake,moderate,8.155130514292845,125.12602997387364,Barangay 5,2025-08-19T11:05:00,0,23,4,0,0,0,0,0,0,15,HIGH,0.32
REP-ONETAP-1279,,Typhoon,moderate,8.159434651392912,125.12591209926936,Barangay 2,2025-12-06T15:33:00,0,0,0,0,0,0,0,0,0,15,LOW,0.3
REP-EXT-0818,Flood entering homes after heavy rain,Flood,moderate,8.160855,125.12436,Casisang,2018-01-10T00:00:00,1,37,6,0,0,0,0,0,0,18,MEDIUM,0.47
REP-EXT-0600,Floodwater already waist deep,Flood,high,8.15833,125.127828,Malaybalay Proper,2016-02-23T00:00:00,1,29,4,0,0,0,0,0,1,27,LOW,0.09
REP-ONETAP-1057,,Typhoon,high,8.160018569069223,125.03591836330322,Cabangahan,2025-10-23T06:16:00,0,0,0,0,0,0,0,0,0,15,HIGH,0.2
REP-EXT-0415,Heavy rain triggered landslide near homes,Landslide,high,8.160019,125.124756,Casisang,2024-10-20T00:00:00,1,41,6,0,0,0,0,0,1,29,LOW,0.44
REP-EXT-0680,River overflow causing flooding in the area,Flood,high,8.158751,125.128703,Barangay 11,2019-03-18T00:00:00,1,43,7,0,0,0,0,0,1,27,LOW,0.17
REP-TEXT-1519,Multiple houses on fire with children trapped send rescue immediately,Fire,critical,8.160112399012649,125.03407890555181,Cabangahan,2025-10-01T20:50:00,1,69,10,1,2,0,0,0,0,15,HIGH,0.32
REP-ONETAP-1117,Flood - Violeta,Flood,moderate,8.149409056936602,125.14269643672755,Violeta,2025-08-12T20:52:00,0,15,3,0,0,0,0,0,0,13,HIGH,0.29
REP-EXT-0280,Buildings shaking for several seconds,Earthquake,moderate,8.156481,125.130236,Barangay 9,2021-04-02T00:00:00,1,37,5,0,0,0,0,0,0,24,HIGH,0.19
REP-ONETAP-1386,,Fire,high,8.158716459872734,125.12339313338514,Bangcud,2025-04-10T12:35:00,0,0,0,0,0,0,0,0,1,26,MEDIUM,0.25
REP-EXT-0409,Electrical short circuit started a fire,Fire,high,8.157513,125.128301,Barangay 9,2019-04-14T00:00:00,1,39,6,0,0,0,0,0,1,25,LOW,0.06
REP-ONETAP-1092,,Fire,high,8.160010278960115,125.13148438611334,Barangay 11,2025-08-19T07:48:00,0,0,0,0,0,0,0,0,1,26,LOW,0.49
REP-FA-2283,fake report test only,Typhoon,low,8.189646471209402,125.158175394257,Canayan,2025-04-30T11:19:00,1,21,4,0,0,1,1,1,0,15,NONE,4.76
REP-ONETAP-1217,Flood - Barangay 6,Flood,moderate,8.154136747797548,125.13263183725387,Barangay 6,2025-02-16T07:52:00,0,18,4,0,0,0,0,0,0,15,HIGH,0.15
REP-TEXT-2079,Overcast skies and light drizzle no strong winds,Typhoon,high,8.152878602309936,125.13422646633538,Barangay 8,2025-09-30T09:28:00,1,48,8,0,0,0,0,0,0,15,HIGH,0.35
REP-EXT-0499,Road covered by landslide debris,Landslide,moderate,8.155369,125.126712,Barangay 10,2024-08-20T00:00:00,1,32,5,0,0,0,0,0,0,22,HIGH,0.25
REP-TEXT-1709,Moderate water accumulation on low-lying purok road,Flood,moderate,8.154937710726497,125.13099925377396,Sumpong,2025-05-14T05:26:00,1,51,7,0,0,0,0,0,0,22,HIGH,0.15
REP-TEXT-2027,Fierce winds causing trees to fall across main roads and houses,Typhoon,high,8.153110374489355,125.12744430186834,Sumpong,2025-03-30T20:03:00,1,63,11,0,0,0,0,0,0,15,MEDIUM,0.37
REP-EXT-0790,Landslide blocking the road,Landslide,moderate,8.15577,125.126718,Barangay 9,2018-11-11T00:00:00,1,27,4,0,0,0,0,0,0,12,HIGH,0.22
REP-ONETAP-1071,Earthquake - Aglayan,Earthquake,moderate,8.146900418543481,125.119510660719,Aglayan,2025-09-24T15:40:00,0,20,3,0,0,0,0,0,1,30,MEDIUM,0.17
REP-FA-2266,sample test report for capstone evaluation,Earthquake,low,8.16200492712403,125.03284295732432,Cabangahan,2025-03-12T03:54:00,1,42,6,0,0,1,1,1,0,15,HIGH,0.56
REP-EXT-0436,Road blocked due to floodwater,Flood,high,8.158734,125.130957,Barangay 11,2019-01-13T00:00:00,1,30,5,0,0,0,0,0,1,27,HIGH,0.35
REP-TEXT-2044,Typhoon approaching region moderate continuous rains and gusty winds,Typhoon,high,8.158401432978906,125.12619373933586,Barangay 1,2025-08-31T15:11:00,1,68,9,0,0,0,0,0,0,15,LOW,0.2
REP-TEXT-1880,Catastrophic slope failure covered residential road casualties feared,Landslide,critical,8.155115456037674,125.12743746566117,Malaybalay Proper,2025-05-09T10:44:00,1,69,8,1,1,0,0,0,0,21,HIGH,0.21
REP-EXT-0783,Strong shaking felt in our area,Earthquake,moderate,8.146615,125.117015,Aglayan,2021-02-15T00:00:00,1,31,6,0,0,0,0,0,1,30,MEDIUM,0.13
REP-ONETAP-1477,Landslide - Kalasungay,Landslide,moderate,8.17735935703588,125.11622702787955,Kalasungay,2025-03-26T19:56:00,0,22,3,0,0,0,0,0,0,15,NONE,2.22
REP-TEXT-1832,Minor tremor felt faintly by few people at rest,Earthquake,moderate,8.153193104647162,125.127516757185,Barangay 7,2025-12-10T13:27:00,1,47,9,0,0,1,0,0,0,15,MEDIUM,0.37
REP-TEXT-1837,Very slight vibration barely noticeable no damage,Earthquake,moderate,8.16125001881316,125.03886107165144,Cabangahan,2025-01-08T10:44:00,1,49,7,0,0,1,0,0,0,15,HIGH,0.43
REP-EXT-0150,Road covered by landslide debris,Landslide,moderate,8.157192,125.129229,Barangay 11,2019-12-17T00:00:00,1,32,5,0,0,0,0,0,0,16,HIGH,0.1
REP-ONETAP-1195,,Landslide,moderate,8.079452119641475,125.16070775284348,Linabo,2025-10-16T18:28:00,0,0,0,0,0,0,0,0,0,15,NONE,7.56
REP-CLUSTER-2452,Floodwater already waist deep entering living rooms,Flood,critical,8.114803616713363,125.16567084231806,Santo Niño,2025-11-05T03:55:00,1,51,7,0,0,0,0,0,0,15,NONE,4.68
REP-ONETAP-1242,,Earthquake,moderate,8.147701699691924,125.13908631264788,Violeta,2025-02-28T00:47:00,0,0,0,0,0,0,0,0,1,32,HIGH,0.15
REP-ONETAP-1056,,Earthquake,moderate,8.154771406897035,125.13127520589457,Barangay 9,2025-11-02T13:22:00,0,0,0,0,0,0,0,0,0,24,HIGH,0.13
REP-TEXT-1770,Strong tremor caused building facade collapse road cracked open,Earthquake,high,8.156207333083577,125.1245656327148,Barangay 9,2025-02-16T04:00:00,1,63,9,1,1,0,0,0,0,24,LOW,0.38
REP-TEXT-1690,Water rising slowly near our house gutter overflowing,Flood,high,8.158712607478224,125.12582906180985,Malaybalay Proper,2025-10-02T13:36:00,1,53,8,0,0,0,0,0,1,27,LOW,0.26
REP-TEXT-2094,Light precipitation weather clearing up,Typhoon,high,8.154783257577996,125.12597597266466,Barangay 9,2025-10-15T22:02:00,1,39,5,0,0,0,0,0,0,15,HIGH,0.35
REP-FA-2193,lol this is just a prank fire,Fire,low,8.160073860179065,125.13326761227239,Barangay 11,2025-12-24T08:32:00,1,29,7,0,0,1,1,1,1,26,HIGH,0.53
REP-TEXT-1930,Small mudslide on hillside after continuous rainfall,Landslide,low,8.155353198324013,125.12352892498201,Barangay 3,2025-03-02T08:09:00,1,52,7,0,0,1,0,0,0,15,MEDIUM,0.39
REP-EXT-0164,Water rising quickly near our house,Flood,moderate,8.151752,125.129626,Sumpong,2017-08-26T00:00:00,1,35,6,0,0,0,0,0,0,22,MEDIUM,0.09
REP-EXT-0439,Earthquake caused cracks in the wall,Earthquake,high,8.154747,125.130687,San Jose,2015-04-23T00:00:00,1,36,6,0,0,0,0,0,1,29,HIGH,0.19
REP-ONETAP-1026,Fire - Barangay 3,Fire,moderate,8.159232520078037,125.12615781240152,Barangay 3,2025-05-23T21:31:00,0,17,4,0,0,0,0,0,0,15,LOW,0.26
REP-ONETAP-1383,Earthquake - Barangay 4,Earthquake,moderate,8.152931436358633,125.12490169342382,Barangay 4,2025-09-19T12:26:00,0,23,4,0,0,0,0,0,0,15,HIGH,0.58
REP-TEXT-1979,Small soil erosion in vacant lot no hazard,Landslide,low,8.177280172441227,125.11308354509242,Kalasungay,2025-11-19T15:37:00,1,42,8,0,0,1,0,0,0,15,NONE,2.32
REP-EXT-0830,Fire spreading to nearby houses,Fire,high,8.154167,125.1321,San Jose,2024-07-05T00:00:00,1,31,5,1,1,0,0,0,1,29,HIGH,0.14
REP-EXT-0655,Road blocked due to floodwater,Flood,moderate,8.155612,125.128443,Barangay 9,2019-04-21T00:00:00,1,30,5,0,0,0,0,0,0,19,HIGH,0.12
REP-EXT-0529,Market stall caught fire,Fire,high,8.158453,125.122352,Bangcud,2017-03-13T00:00:00,1,24,4,0,0,0,0,0,1,26,MEDIUM,0.14
REP-ONETAP-1134,Typhoon - Aglayan,Typhoon,high,8.148889151747637,125.11659013667726,Aglayan,2025-11-29T02:54:00,0,17,3,0,0,0,0,0,0,15,MEDIUM,0.24
REP-EXT-0050,Buildings shaking for several seconds,Earthquake,moderate,8.155572,125.127507,Barangay 9,2016-05-22T00:00:00,1,37,5,0,0,0,0,0,0,24,HIGH,0.17
REP-EXT-0068,Smoke and flames seen in residential area,Fire,critical,8.155101,125.127335,Barangay 9,2019-08-28T00:00:00,1,41,7,0,0,0,0,0,1,25,HIGH,0.22
REP-TEXT-2017,Severe tropical storm heavy rain combined with damaging gusts,Typhoon,high,8.154912946436076,125.12411464946075,Malaybalay Proper,2025-07-16T21:12:00,1,61,9,1,1,0,0,0,0,15,MEDIUM,0.47
REP-ONETAP-1371,Typhoon - Bangcud,Typhoon,high,8.15724471740683,125.12097837925131,Bangcud,2025-03-19T11:01:00,0,17,3,0,0,0,0,0,0,15,MEDIUM,0.09
REP-FA-2271,testing the app and button response,Fire,low,8.163676257357467,125.12917348698852,Barangay 1,2025-06-23T10:25:00,1,35,6,0,0,1,1,1,0,15,LOW,0.7
REP-EXT-0049,Minor tremor felt in the barangay,Earthquake,moderate,8.146083,125.118802,Aglayan,2015-12-26T00:00:00,1,33,6,0,0,1,0,0,1,30,MEDIUM,0.15
REP-ONETAP-1335,,Flood,moderate,8.160974353334494,125.13105526830095,Barangay 1,2025-03-19T00:13:00,0,0,0,0,0,0,0,0,0,15,LOW,0.53
REP-TEXT-1682,Flood entering yard after heavy rain knee deep water,Flood,moderate,8.154309601646482,125.03980187872499,Cabangahan,2025-12-14T20:27:00,1,52,9,0,0,0,0,0,0,15,HIGH,0.59
REP-EXT-0839,Water rising quickly near our house,Flood,high,8.158661,125.125972,Barangay 10,2021-02-18T00:00:00,1,35,6,0,0,0,0,0,1,32,LOW,0.24
REP-FA-2163,sample test report for capstone evaluation,Landslide,low,8.166357647815087,125.1277773759343,Barangay 1,2025-10-21T03:51:00,1,42,6,0,0,1,1,1,0,15,LOW,0.98
REP-EXT-0125,Fire spreading to nearby houses,Fire,high,8.155394,125.12581,Barangay 10,2016-09-30T00:00:00,1,31,5,1,1,0,0,0,1,25,LOW,0.32
REP-EXT-0611,Landslide blocking the road,Landslide,high,8.159937,125.119817,Bangcud,2021-05-11T00:00:00,1,27,4,0,0,0,0,0,1,29,MEDIUM,0.26
REP-TEXT-1861,Massive hillside collapse buried 2 houses people trapped,Landslide,critical,8.155115656446165,125.12700346881788,Barangay 11,2025-03-09T05:01:00,1,56,8,1,3,0,0,0,0,16,HIGH,0.24
REP-CLUSTER-2333,Hillside erosion threatening foundation of roadside homes,Landslide,critical,8.155464820564521,125.13193248392948,San Jose,2025-06-21T02:56:00,1,57,7,0,0,0,0,0,1,28,HIGH,0.04
REP-TEXT-1513,Forest fire moving rapidly towards community high wind spreading flames,Fire,critical,8.137187807410026,125.12406483624468,Casisang,2025-02-02T10:17:00,1,71,10,1,2,0,0,0,1,25,HIGH,0.39
REP-EXT-0742,Landslide blocking the road,Landslide,high,8.147729,125.141063,Violeta,2021-08-10T00:00:00,1,27,4,0,0,0,0,0,1,30,HIGH,0.13
REP-EXT-0026,Floodwater already waist deep,Flood,high,8.155898,125.127532,Barangay 10,2016-11-24T00:00:00,1,29,4,0,0,0,0,0,1,32,HIGH,0.14
REP-CLUSTER-2389,Street submerged under 3 feet of water cars stalling,Flood,critical,8.156577985795664,125.12480717500844,Barangay 3,2025-04-16T09:27:00,1,52,9,0,0,0,0,0,0,15,LOW,0.35
REP-TEXT-1753,Destructive ground shaking multiple structures damaged people injured,Earthquake,high,8.151413938703447,125.13016486387423,Barangay 8,2025-01-18T21:22:00,1,69,8,1,1,0,0,0,0,15,MEDIUM,0.03
REP-TEXT-1534,House fire with heavy black smoke visible from street,Fire,high,8.157366531360429,125.0326018025478,Cabangahan,2025-04-13T23:23:00,1,53,9,0,0,0,0,0,0,15,HIGH,0.42
REP-TEXT-1816,Moderate earthquake felt across barangay no visible damage,Earthquake,moderate,8.17557289464204,125.1117542970203,Kalasungay,2025-08-24T11:09:00,1,58,8,0,0,0,0,0,0,15,NONE,2.21
REP-TEXT-1617,Small camp fire burning out safely,Fire,low,8.153848594857362,125.13380246621088,Barangay 6,2025-11-13T16:30:00,1,34,6,1,1,1,0,0,0,15,HIGH,0.24
REP-ONETAP-1455,Typhoon - Violeta,Typhoon,high,8.146994886530821,125.14316452366421,Violeta,2025-07-15T22:22:00,0,17,3,0,0,0,0,0,0,15,HIGH,0.37
REP-EXT-0566,Strong shaking felt in our area,Earthquake,moderate,8.146227,125.116082,Aglayan,2022-11-18T00:00:00,1,31,6,0,0,0,0,0,1,30,MEDIUM,0.24
REP-EXT-0846,Strong earthquake alarmed residents,Earthquake,high,8.147966,125.140607,Violeta,2020-02-29T00:00:00,1,35,4,0,0,0,0,0,1,32,HIGH,0.07
REP-CLUSTER-2490,Heavy shaking felt for 30 seconds items fell from shelves cracks on road,Earthquake,critical,8.154510648005527,125.13009446575643,Barangay 6,2025-01-21T04:36:00,1,72,13,0,0,0,0,0,0,15,HIGH,0.26
REP-ONETAP-1457,,Earthquake,moderate,8.160413265403976,125.12731412112845,Barangay 1,2025-08-30T16:22:00,0,0,0,0,0,0,0,0,0,15,LOW,0.33
REP-EXT-0362,Buildings shaking for several seconds,Earthquake,moderate,8.156139,125.12765,Barangay 9,2017-07-20T00:00:00,1,37,5,0,0,0,0,0,0,24,HIGH,0.11
REP-TEXT-1566,Smoke and flames seen from vacant lot,Fire,high,8.152306688371992,125.12873978855099,Barangay 5,2025-01-07T22:55:00,1,37,7,0,0,0,0,0,0,15,MEDIUM,0.2
REP-CLUSTER-2499,Flash flood water rising to second floor residents trapped on roofs,Flood,critical,8.14894111609205,125.13126534979745,Barangay 7,2025-10-16T21:41:00,1,67,11,1,1,0,0,0,0,15,MEDIUM,0.3
REP-CLUSTER-2415,Road covered by landslide debris heavy equipment needed to clear,Landslide,critical,8.154699734290308,125.12816283178972,Barangay 4,2025-06-20T05:40:00,1,64,10,0,0,0,0,0,0,15,HIGH,0.23
REP-TEXT-1835,Minor tremor felt faintly by few people at rest,Earthquake,moderate,8.15242127345817,125.13973768084186,Violeta,2025-03-16T14:02:00,1,47,9,0,0,1,0,0,1,32,HIGH,0.44
REP-TEXT-1785,Strong ground motion caused ceiling damage and deep wall cracks,Earthquake,moderate,8.155402743055383,125.1287339164723,Barangay 6,2025-10-13T20:48:00,1,63,10,0,0,0,0,0,0,15,HIGH,0.15
REP-EXT-0431,Strong earthquake alarmed residents,Earthquake,high,8.146877,125.139213,Violeta,2021-05-16T00:00:00,1,35,4,0,0,0,0,0,1,32,HIGH,0.21
REP-CLUSTER-2310,Soil and large boulders falling from hillside into road,Landslide,critical,8.15403857505412,125.12683667289116,Barangay 4,2025-09-05T00:26:00,1,55,9,0,0,0,0,0,0,15,HIGH,0.35
REP-EXT-0638,Water rising quickly near our house,Flood,high,8.157155,125.127645,Barangay 11,2017-05-22T00:00:00,1,35,6,0,0,0,0,0,1,27,LOW,0.04
REP-FA-2188,joke lang walang sunog testing lang,Flood,low,8.160106824552825,125.12868802710709,Barangay 2,2025-10-10T12:19:00,1,35,6,0,0,1,1,1,0,15,LOW,0.31
REP-EXT-0652,Road covered by landslide debris,Landslide,moderate,8.156026,125.128866,Barangay 11,2024-10-22T00:00:00,1,32,5,0,0,0,0,0,0,16,HIGH,0.09
REP-EXT-0241,Road covered by landslide debris,Landslide,high,8.149659,125.12924,Sumpong,2020-05-31T00:00:00,1,32,5,0,0,0,0,0,1,26,MEDIUM,0.24
REP-EXT-0694,Strong earthquake alarmed residents,Earthquake,moderate,8.150031,125.131633,Sumpong,2021-11-23T00:00:00,1,35,4,0,0,0,0,0,0,23,MEDIUM,0.21
REP-EXT-0071,Road blocked due to floodwater,Flood,high,8.157341,125.130438,San Jose,2015-01-04T00:00:00,1,30,5,0,0,0,0,0,1,32,HIGH,0.22
REP-FA-2233,system test drill for cdrrmo rescuers,Fire,low,8.144339701018534,125.13988219171742,Violeta,2025-06-03T04:08:00,1,37,6,0,0,1,1,1,1,27,HIGH,0.46
REP-EXT-0651,Buildings shaking for several seconds,Earthquake,moderate,8.162668,125.124812,Casisang,2021-01-06T00:00:00,1,37,5,0,0,0,0,0,1,33,MEDIUM,0.65
REP-TEXT-2019,Severe tropical storm heavy rain combined with damaging gusts,Typhoon,high,8.155674088972003,125.12067889987738,Barangay 3,2025-11-20T14:47:00,1,61,9,1,1,0,0,0,0,15,MEDIUM,0.26
REP-EXT-0074,Buildings shaking for several seconds,Earthquake,moderate,8.158225,125.125847,Barangay 10,2022-05-14T00:00:00,1,37,5,0,0,0,0,0,1,29,LOW,0.23
REP-ONETAP-1164,,Fire,high,8.158491082941346,125.12615955808734,Barangay 9,2025-07-03T07:37:00,0,0,0,0,0,0,0,0,1,25,LOW,0.21
REP-EXT-0351,House on fire please send help,Fire,critical,8.148476,125.139088,Violeta,2015-03-20T00:00:00,1,30,6,0,0,0,0,0,1,27,HIGH,0.12
REP-FA-2290,dummy alert testing gps coordinates,Typhoon,low,8.149311505676636,125.11429385187984,Aglayan,2025-03-02T22:13:00,1,35,5,0,0,1,1,1,0,15,MEDIUM,0.47
REP-FA-2169,prank call fake alarm haha,Earthquake,low,8.158315368135552,125.1220184701461,Barangay 3,2025-12-06T17:20:00,1,26,5,0,0,1,1,1,0,15,MEDIUM,0.1
REP-ONETAP-1099,Fire - Barangay 8,Fire,high,8.148923935308513,125.13095550576071,Barangay 8,2026-01-26T22:11:00,0,17,4,0,0,0,0,0,0,15,MEDIUM,0.29
REP-ONETAP-1447,Landslide - Barangay 6,Landslide,moderate,8.152686492560152,125.12962635335869,Barangay 6,2025-10-09T07:06:00,0,22,4,0,0,0,0,0,0,15,MEDIUM,0.16
REP-CLUSTER-2329,Dam overflowing sudden massive surge of water entering all homes,Flood,critical,8.156054861820634,125.12486712680116,Barangay 3,2026-01-09T08:12:00,1,64,10,1,1,0,0,0,0,15,LOW,0.36
REP-EXT-0077,Earthquake caused cracks in the wall,Earthquake,high,8.157273,125.129098,Barangay 11,2024-12-10T00:00:00,1,36,6,0,0,0,0,0,1,26,HIGH,0.09
REP-EXT-0433,House on fire please send help,Fire,high,8.157457,125.12972,Malaybalay Proper,2024-07-15T00:00:00,1,30,6,0,0,0,0,0,0,22,HIGH,0.16
REP-CLUSTER-2350,Steep mountain slide swept away structures active soil movement,Landslide,critical,8.156483103847346,125.12433572027795,Barangay 3,2025-12-21T10:54:00,1,63,9,0,0,0,0,0,0,15,MEDIUM,0.38
REP-ONETAP-1293,,Earthquake,moderate,8.172643804144641,125.11789796333022,Kalasungay,2025-11-25T17:33:00,0,0,0,0,0,0,0,0,0,15,NONE,1.67
REP-EXT-0158,Market stall caught fire,Fire,high,8.159002,125.128432,Malaybalay Proper,2017-08-20T00:00:00,1,24,4,0,0,0,0,0,0,22,LOW,0.18
REP-TEXT-1799,Strong tremor caused panic visible fissures in concrete pavement,Earthquake,moderate,8.156791763871986,125.12822240729665,Barangay 5,2025-01-26T11:14:00,1,64,9,0,0,0,0,0,0,15,HIGH,0.03
REP-ONETAP-1406,,Fire,critical,8.139787052868476,125.12809346725489,Casisang,2025-06-06T23:44:00,0,0,0,0,0,0,0,0,1,25,HIGH,0.15
REP-TEXT-2051,Strong wind and intermittent rain small branches broken,Typhoon,low,8.160459090423583,125.12680425910301,Malaybalay Proper,2025-04-23T02:30:00,1,55,8,0,0,1,0,0,0,15,LOW,0.35
REP-EXT-0136,Strong earthquake alarmed residents,Earthquake,moderate,8.157789,125.127901,Barangay 10,2017-02-09T00:00:00,1,35,4,0,0,0,0,0,1,29,LOW,0.03
REP-FA-2138,testing the app and button response,Earthquake,low,8.150275779699745,125.13541409446482,Barangay 8,2025-08-27T03:33:00,1,35,6,0,0,1,1,1,0,15,HIGH,0.56
REP-TEXT-1929,Small mudslide on hillside after continuous rainfall,Landslide,low,8.172678765494876,125.11260444409803,Kalasungay,2025-05-27T08:34:00,1,52,7,0,0,1,0,0,0,15,NONE,1.89
REP-TEXT-1691,Water rising slowly near our house gutter overflowing,Flood,high,8.154325152755492,125.13050448434304,San Jose,2025-12-15T12:48:00,1,53,8,0,0,0,0,0,1,32,HIGH,0.23
REP-EXT-0868,Landslide damaged farm area,Landslide,moderate,8.14819,125.117071,Aglayan,2020-07-30T00:00:00,1,27,4,0,0,0,0,0,0,23,MEDIUM,0.15
REP-TEXT-1950,Minor soil slide blocking footpath,Landslide,moderate,8.158495270572555,125.12669398555079,Barangay 3,2025-02-28T18:38:00,1,34,5,0,0,1,0,0,0,15,LOW,0.16
REP-EXT-0052,Buildings shaking for several seconds,Earthquake,moderate,8.152164,125.129322,Sumpong,2019-04-14T00:00:00,1,37,5,0,0,0,0,0,0,23,MEDIUM,0.14
REP-TEXT-1901,Soil and large boulders falling from hillside into road,Landslide,moderate,8.161734799565611,125.12973157298488,Barangay 11,2025-02-14T15:46:00,1,55,9,0,0,0,0,0,0,16,LOW,0.52
REP-EXT-0679,Minor tremor felt in the barangay,Earthquake,moderate,8.156176,125.130573,Barangay 11,2020-08-12T00:00:00,1,33,6,0,0,1,0,0,1,26,HIGH,0.21
REP-TEXT-1504,Massive structure fire spreading to adjacent residential houses URGENT HELP,Fire,critical,8.114796658312493,125.16541066976487,Santo Niño,2025-06-26T05:53:00,1,75,10,1,3,0,0,0,0,15,NONE,4.66
REP-EXT-0290,Road blocked due to floodwater,Flood,high,8.155025,125.130665,San Jose,2015-01-09T00:00:00,1,30,5,0,0,0,0,0,1,32,HIGH,0.18
REP-FA-2248,test emergency alert system please ignore,Earthquake,low,8.19079450762524,125.15271733393453,Canayan,2025-02-22T20:54:00,1,41,6,0,0,1,1,1,0,15,NONE,4.53
REP-ONETAP-1421,,Earthquake,moderate,8.158196282334002,125.1264648064144,Malaybalay Proper,2025-04-15T04:34:00,0,0,0,0,0,0,0,0,0,24,LOW,0.17
REP-TEXT-1603,Small grass fire controlled with garden hose,Fire,low,8.15711109329686,125.12128737842943,Bangcud,2025-12-23T09:44:00,1,44,7,0,0,2,0,0,1,26,MEDIUM,0.1
REP-EXT-0533,Landslide blocking the road,Landslide,high,8.156711,125.120084,Bangcud,2021-03-13T00:00:00,1,27,4,0,0,0,0,0,1,29,MEDIUM,0.19
REP-EXT-0480,Road covered by landslide debris,Landslide,high,8.159418,125.124879,Casisang,2015-02-28T00:00:00,1,32,5,0,0,0,0,0,1,29,LOW,0.39
REP-ONETAP-1404,,Landslide,moderate,8.155147715693259,125.12720405558908,Barangay 6,2025-12-19T04:56:00,0,0,0,0,0,0,0,0,0,15,HIGH,0.22
REP-TEXT-1933,Slope erosion noticed near drainage ditch,Landslide,moderate,8.152369942969761,125.12840610306813,Barangay 5,2025-06-23T17:28:00,1,41,6,0,0,0,0,0,0,15,MEDIUM,0.24
REP-EXT-0292,Flood entering homes after heavy rain,Flood,high,8.155703,125.127051,Barangay 10,2021-05-28T00:00:00,1,37,6,0,0,0,0,0,1,32,HIGH,0.19
REP-TEXT-1722,Slight water buildup on roadside drainage working fine,Flood,moderate,8.155441318906178,125.12625298940922,Barangay 6,2025-10-05T01:54:00,1,54,8,0,0,1,0,0,0,15,HIGH,0.28
REP-ONETAP-1069,,Typhoon,high,8.159005466395518,125.1241273547184,Bangcud,2026-01-22T14:39:00,0,0,0,0,0,0,0,0,0,15,MEDIUM,0.34
REP-ONETAP-1024,,Fire,critical,8.138428600503486,125.12730545504621,Casisang,2025-02-02T10:01:00,0,0,0,0,0,0,0,0,1,25,HIGH,0.04
REP-FA-2180,testing the app and button response,Earthquake,low,8.160805748849741,125.12307006851559,Barangay 3,2025-07-23T23:53:00,1,35,6,0,0,1,1,1,0,15,MEDIUM,0.37
REP-FA-2228,joke lang walang sunog testing lang,Fire,low,8.084525585662904,125.15954064298825,Linabo,2025-09-09T13:47:00,1,35,6,0,0,1,1,1,0,15,NONE,7.01
REP-EXT-0706,Strong earthquake alarmed residents,Earthquake,high,8.156332,125.133236,San Jose,2020-01-11T00:00:00,1,35,4,0,0,0,0,0,1,29,HIGH,0.15
REP-TEXT-2035,Dangerous wind gusts breaking tree branches and smashing windows,Typhoon,high,8.153421293101177,125.12892504261015,Barangay 8,2025-09-07T02:00:00,1,64,9,1,1,0,0,0,0,15,MEDIUM,0.27
REP-EXT-0407,Fire spreading to nearby houses,Fire,high,8.148191,125.119877,Aglayan,2024-11-19T00:00:00,1,31,5,1,1,0,0,0,1,28,MEDIUM,0.23
REP-TEXT-2100,Mild windy weather with occasional light rain,Typhoon,high,8.161255046303408,125.12073684427372,Bangcud,2025-12-19T03:46:00,1,45,7,0,0,0,0,0,0,15,MEDIUM,0.37
REP-TEXT-2024,Fierce winds causing trees to fall across main roads and houses,Typhoon,high,8.161161600236552,125.12609249114686,Barangay 2,2026-01-15T18:14:00,1,63,11,0,0,0,0,0,0,15,LOW,0.45
REP-CLUSTER-2409,Electrical fire spreading across building roof,Fire,critical,8.07412634297044,125.14291749051037,Simaya,2026-01-06T05:02:00,1,46,6,1,1,0,0,0,0,15,NONE,7.4
REP-EXT-0979,Landslide blocking the road,Landslide,high,8.158279,125.120227,Bangcud,2019-04-26T00:00:00,1,27,4,0,0,0,0,0,1,29,MEDIUM,0.11
REP-TEXT-1746,Major violent earthquake building collapsed people trapped under rubble,Earthquake,critical,8.153325743515103,125.12873502593357,Barangay 6,2025-05-30T22:17:00,1,71,9,1,2,0,0,0,0,15,MEDIUM,0.27
REP-TEXT-1881,Catastrophic slope failure covered residential road casualties feared,Landslide,critical,8.156988611442276,125.12919175796488,Barangay 5,2025-03-25T22:46:00,1,69,8,1,1,0,0,0,0,15,HIGH,0.08
REP-EXT-0343,Smoke and flames seen in residential area,Fire,high,8.15123,125.131409,Sumpong,2023-10-28T00:00:00,1,41,7,0,0,0,0,0,0,24,MEDIUM,0.12
REP-TEXT-1991,Severe tropical storm with destructive winds power lines down fires starting,Typhoon,high,8.155743537060635,125.12967787463737,Barangay 6,2025-05-28T14:24:00,1,76,11,1,1,0,0,0,0,15,HIGH,0.17
REP-CLUSTER-2477,Destructive ground shaking multiple structures damaged people injured,Earthquake,critical,8.188231710863189,125.15290824660734,Canayan,2025-12-02T05:36:00,1,69,8,1,1,0,0,0,0,15,NONE,4.3
REP-EXT-0835,Smoke and flames seen in residential area,Fire,high,8.157717,125.119264,Bangcud,2023-12-06T00:00:00,1,41,7,0,0,0,0,0,1,26,MEDIUM,0.22
REP-ONETAP-1453,Flood - Barangay 5,Flood,moderate,8.153007896662388,125.12821505929307,Barangay 5,2025-09-13T13:56:00,0,18,4,0,0,0,0,0,0,15,MEDIUM,0.29
REP-EXT-0300,Electrical short circuit started a fire,Fire,high,8.157817,125.126838,Barangay 10,2024-01-13T00:00:00,1,39,6,0,0,0,0,0,1,25,LOW,0.11
REP-TEXT-1989,Severe tropical storm with destructive winds power lines down fires starting,Typhoon,high,8.151009855538687,125.13261012992538,Barangay 8,2026-01-21T17:14:00,1,76,11,1,1,0,0,0,0,15,MEDIUM,0.25
REP-FA-2294,joke lang walang sunog testing lang,Earthquake,low,8.186717569682646,125.15816820655273,Canayan,2025-04-21T05:52:00,1,35,6,0,0,1,1,1,0,15,NONE,4.5
REP-EXT-0496,Fire spreading to nearby houses,Fire,high,8.157894,125.128846,Malaybalay Proper,2017-06-29T00:00:00,1,31,5,1,1,0,0,0,0,22,LOW,0.12
REP-EXT-0813,Strong earthquake alarmed residents,Earthquake,moderate,8.159616,125.126248,Casisang,2022-12-21T00:00:00,1,35,4,0,0,0,0,0,1,33,LOW,0.29
REP-EXT-0930,Road blocked due to floodwater,Flood,high,8.159092,125.127896,Barangay 10,2020-08-30T00:00:00,1,30,5,0,0,0,0,0,1,32,LOW,0.18
REP-ONETAP-1058,Typhoon - Barangay 2,Typhoon,high,8.159452711703006,125.12281014766931,Barangay 2,2026-01-15T23:42:00,0,20,4,0,0,0,0,0,0,15,MEDIUM,0.24
REP-TEXT-1638,Torrential floodwater chest deep currents strong rescue boat needed,Flood,moderate,8.111334185123743,125.16558174875955,Santo Niño,2025-07-21T17:35:00,1,67,9,0,0,0,0,0,0,15,NONE,4.99
REP-CLUSTER-2456,Severe seismic shaking cracked bridge collapsed school wall,Earthquake,critical,8.15197840926964,125.13098792075635,Sumpong,2025-09-01T21:54:00,1,59,8,1,2,0,0,0,0,23,MEDIUM,0.08
REP-EXT-0221,Fire spreading to nearby houses,Fire,high,8.1569,125.127905,Barangay 9,2020-03-12T00:00:00,1,31,5,1,1,0,0,0,1,25,LOW,0.07
REP-CLUSTER-2487,River overflowing rapidly sweeping away vehicles people stranded,Flood,critical,8.157026996602323,125.13031776104661,Barangay 11,2025-12-25T00:25:00,1,64,8,1,1,0,0,0,1,27,HIGH,0.2
REP-TEXT-1660,Heavy continuous rain caused river to overflow into streets,Flood,moderate,8.158002889291309,125.12795548148358,Barangay 1,2025-01-22T21:13:00,1,59,9,0,0,0,0,0,0,15,LOW,0.06
REP-EXT-0528,Soil and rocks falling from hillside,Landslide,high,8.150044,125.131746,Sumpong,2016-02-04T00:00:00,1,36,6,0,0,0,0,0,1,26,MEDIUM,0.22
REP-ONETAP-1487,,Earthquake,moderate,8.147636285743786,125.11641385211689,Aglayan,2026-01-01T01:32:00,0,0,0,0,0,0,0,0,1,30,MEDIUM,0.18
REP-CLUSTER-2376,Forest fire moving rapidly towards community high wind spreading flames,Fire,critical,8.152391630014863,125.13104372263223,Sumpong,2025-12-01T16:48:00,1,71,10,1,2,0,0,0,0,24,MEDIUM,0.12
REP-TEXT-1610,Test fire safety drill conducted at school grounds,Fire,low,8.146125073863775,125.12903289797046,Barangay 7,2025-05-16T04:10:00,1,50,8,0,0,1,1,1,0,15,MEDIUM,0.62
REP-EXT-0597,Minor tremor felt in the barangay,Earthquake,moderate,8.145897,125.119381,Aglayan,2017-06-29T00:00:00,1,33,6,0,0,1,0,0,1,30,MEDIUM,0.21
REP-EXT-0085,Soil and rocks falling from hillside,Landslide,moderate,8.156258,125.126784,Barangay 10,2016-12-11T00:00:00,1,36,6,0,0,0,0,0,0,22,LOW,0.18
REP-FA-2214,fake report test only,Earthquake,low,8.143062370424724,125.12502925508193,Casisang,2026-01-25T08:33:00,1,21,4,0,0,1,1,1,1,33,HIGH,0.53
REP-TEXT-2056,Tropical depression bringing steady rainfall and breezy conditions,Typhoon,high,8.153582716664289,125.128158828514,Sumpong,2025-06-01T19:10:00,1,66,8,0,0,0,0,0,0,15,MEDIUM,0.34
REP-TEXT-1962,Small gravel and soil fell from slope safely cleared,Landslide,low,8.18698152038724,125.15148972859755,Canayan,2025-03-30T15:08:00,1,52,9,0,0,1,0,0,0,15,NONE,4.1
REP-TEXT-1865,Massive hillside collapse buried 2 houses people trapped,Landslide,critical,8.160769105887693,125.12095010798646,Bangcud,2025-11-29T11:11:00,1,56,8,1,3,0,0,0,1,29,MEDIUM,0.31
REP-CLUSTER-2327,River overflowing rapidly sweeping away vehicles people stranded,Flood,critical,8.115413936013073,125.1644181726427,Santo Niño,2025-02-26T08:36:00,1,64,8,1,1,0,0,0,0,15,NONE,4.54
REP-EXT-0462,Heavy rain triggered landslide near homes,Landslide,moderate,8.157016,125.129715,Malaybalay Proper,2017-09-12T00:00:00,1,41,6,0,0,0,0,0,0,21,HIGH,0.14
REP-EXT-0110,Road covered by landslide debris,Landslide,moderate,8.156477,125.12932,Barangay 11,2023-02-14T00:00:00,1,32,5,0,0,0,0,0,0,16,HIGH,0.09
REP-TEXT-1963,Slight surface soil slippage on grassy bank,Landslide,moderate,8.14810776697382,125.13378188553274,Barangay 7,2025-03-06T04:00:00,1,43,7,0,0,1,0,0,0,15,MEDIUM,0.53
REP-EXT-0355,Road blocked due to floodwater,Flood,moderate,8.157061,125.127536,Barangay 9,2022-03-11T00:00:00,1,30,5,0,0,0,0,0,0,19,LOW,0.06
REP-EXT-0267,Heavy rain triggered landslide near homes,Landslide,high,8.150036,125.140721,Violeta,2017-09-20T00:00:00,1,41,6,0,0,0,0,0,1,30,HIGH,0.18
REP-TEXT-1546,Electrical fire spreading across building roof,Fire,high,8.155525016784996,125.03786153623376,Cabangahan,2025-11-19T00:19:00,1,46,6,1,1,0,0,0,0,15,HIGH,0.35
REP-EXT-0531,Market stall caught fire,Fire,critical,8.156093,125.131759,San Jose,2019-01-26T00:00:00,1,24,4,0,0,0,0,0,1,29,HIGH,0.1
REP-CLUSTER-2447,Torrential floodwater chest deep currents strong rescue boat needed,Flood,critical,8.154053524405722,125.12688430383548,Barangay 4,2025-09-06T21:48:00,1,67,9,0,0,0,0,0,0,15,HIGH,0.34
REP-EXT-0291,Floodwater already waist deep,Flood,moderate,8.14897,125.118544,Aglayan,2015-04-27T00:00:00,1,29,4,0,0,0,0,0,0,18,MEDIUM,0.21
REP-EXT-0606,Floodwater already waist deep,Flood,moderate,8.148005,125.138873,Violeta,2024-05-20T00:00:00,1,29,4,0,0,0,0,0,0,13,HIGH,0.16
REP-TEXT-1561,Smoke and flames seen from vacant lot,Fire,high,8.14876935898819,125.11446917116531,Aglayan,2025-03-23T03:26:00,1,37,7,0,0,0,0,0,1,28,MEDIUM,0.43
REP-EXT-0417,Earthquake caused cracks in the wall,Earthquake,moderate,8.155748,125.129525,Barangay 9,2016-06-30T00:00:00,1,36,6,0,0,0,0,0,0,24,HIGH,0.15
REP-EXT-0473,Market stall caught fire,Fire,critical,8.150259,125.139519,Violeta,2022-08-01T00:00:00,1,24,4,0,0,0,0,0,1,27,HIGH,0.21
REP-EXT-0932,Strong shaking felt in our area,Earthquake,moderate,8.15597,125.12643,Barangay 10,2018-04-28T00:00:00,1,31,6,0,0,0,0,0,1,29,LOW,0.23
REP-FA-2280,dummy alert testing gps coordinates,Landslide,low,8.154113397791404,125.13124157787144,Barangay 9,2025-02-26T23:03:00,1,35,5,0,0,1,1,1,0,12,HIGH,0.18
REP-CLUSTER-2420,Massive hillside collapse buried 2 houses people trapped,Landslide,critical,8.150908770660193,125.12947581343111,Sumpong,2025-03-10T08:20:00,1,56,8,1,3,0,0,0,1,26,MEDIUM,0.12
REP-EXT-0809,Fire spreading to nearby houses,Fire,high,8.148321,125.119092,Aglayan,2021-05-31T00:00:00,1,31,5,1,1,0,0,0,1,28,MEDIUM,0.17
REP-EXT-0799,Fire spreading to nearby houses,Fire,high,8.156113,125.130598,Barangay 11,2023-02-11T00:00:00,1,31,5,1,1,0,0,0,1,26,HIGH,0.2
REP-CLUSTER-2492,Heavy rain triggered landslide near homes blocking access road,Landslide,critical,8.156927119281384,125.12708885430055,Barangay 10,2025-05-08T09:02:00,1,62,9,0,0,0,0,0,0,22,LOW,0.1
REP-EXT-0931,Earthquake caused cracks in the wall,Earthquake,high,8.154513,125.130687,San Jose,2017-01-10T00:00:00,1,36,6,0,0,0,0,0,1,29,HIGH,0.2
REP-EXT-0279,Landslide damaged farm area,Landslide,moderate,8.158069,125.128393,Barangay 9,2021-03-13T00:00:00,1,27,4,0,0,0,0,0,0,12,LOW,0.09
REP-TEXT-1518,Forest fire moving rapidly towards community high wind spreading flames,Fire,critical,8.161179752796626,125.1250754101817,Barangay 10,2025-08-03T12:24:00,1,71,10,1,2,0,0,0,1,25,LOW,0.51
REP-EXT-0884,Road covered by landslide debris,Landslide,moderate,8.149148,125.119562,Aglayan,2017-09-14T00:00:00,1,32,5,0,0,0,0,0,0,23,MEDIUM,0.28
REP-ONETAP-1015,Landslide - Simaya,Landslide,moderate,8.074532959800797,125.1393811662369,Simaya,2025-08-28T16:16:00,0,18,3,0,0,0,0,0,0,15,NONE,7.27
REP-EXT-0019,Electrical short circuit started a fire,Fire,critical,8.156201,125.128378,Barangay 10,2021-01-18T00:00:00,1,39,6,0,0,0,0,0,1,25,HIGH,0.06
REP-ONETAP-1235,Typhoon - Barangay 3,Typhoon,high,8.158162487946056,125.12147356203633,Barangay 3,2025-04-03T17:18:00,0,20,4,0,0,0,0,0,0,15,MEDIUM,0.04
REP-CLUSTER-2402,Torrential floodwater chest deep currents strong rescue boat needed,Flood,critical,8.07448458721807,125.14290003684815,Simaya,2025-05-23T05:10:00,1,67,9,0,0,0,0,0,0,15,NONE,7.36
REP-TEXT-1973,Few rocks rolled down roadside ditch,Landslide,moderate,8.151335596399202,125.13298685435593,Barangay 8,2025-11-09T02:15:00,1,36,6,0,0,0,0,0,0,15,MEDIUM,0.29
REP-TEXT-1533,House fire with heavy black smoke visible from street,Fire,critical,8.1588158379098,125.13056790032562,Barangay 11,2025-07-26T13:30:00,1,53,9,0,0,0,0,0,1,26,HIGH,0.33
REP-TEXT-1903,Road covered by landslide debris heavy equipment needed to clear,Landslide,moderate,8.178416842945202,125.11591431984678,Kalasungay,2025-09-12T16:46:00,1,64,10,0,0,0,0,0,0,15,NONE,2.34
REP-FA-2134,testing the app and button response,Fire,low,8.159429564288395,125.03634909229056,Cabangahan,2025-10-24T00:33:00,1,35,6,0,0,1,1,1,0,15,HIGH,0.13
REP-TEXT-1502,Massive structure fire spreading to adjacent residential houses URGENT HELP,Fire,critical,8.157913747710296,125.12497553822013,Barangay 2,2025-03-05T21:01:00,1,75,10,1,3,0,0,0,0,15,LOW,0.31
REP-TEXT-1565,Smoke and flames seen from vacant lot,Fire,high,8.157863183885105,125.12410349983499,Barangay 4,2025-07-30T14:02:00,1,37,7,0,0,0,0,0,0,15,MEDIUM,0.32
REP-EXT-0220,Smoke and flames seen in residential area,Fire,high,8.158694,125.119227,Bangcud,2016-08-02T00:00:00,1,41,7,0,0,0,0,0,1,26,MEDIUM,0.23
REP-EXT-0619,Soil and rocks falling from hillside,Landslide,high,8.156586,125.131465,San Jose,2019-03-08T00:00:00,1,36,6,0,0,0,0,0,1,28,HIGH,0.16
REP-ONETAP-1248,,Earthquake,moderate,8.14435770416085,125.11832412862356,Aglayan,2025-10-10T04:39:00,0,0,0,0,0,0,0,0,1,30,MEDIUM,0.32
REP-EXT-0304,Water rising quickly near our house,Flood,moderate,8.148564,125.11657,Aglayan,2017-04-17T00:00:00,1,35,6,0,0,0,0,0,0,18,MEDIUM,0.22
REP-TEXT-1739,Minor drainage overflow contained on street side,Flood,low,8.154682452640554,125.12795993190598,Barangay 5,2025-05-12T11:01:00,1,48,7,0,0,2,0,0,0,15,HIGH,0.23
REP-CLUSTER-2377,Torrential floodwater chest deep currents strong rescue boat needed,Flood,critical,8.15653093224164,125.12695515698532,Barangay 5,2025-04-30T16:37:00,1,67,9,0,0,0,0,0,0,15,LOW,0.14
REP-TEXT-2009,Catastrophic typhoon damage roofs blown away people injured,Typhoon,high,8.157711730327806,125.12084999769405,Barangay 3,2025-08-15T22:16:00,1,59,8,1,1,0,0,0,0,15,MEDIUM,0.05
REP-TEXT-2065,Rainy weather with occasional strong gusts,Typhoon,high,8.15658112158769,125.12902583603955,San Jose,2025-09-03T21:19:00,1,42,6,0,0,0,0,0,0,15,HIGH,0.06
REP-ONETAP-1296,Landslide - Simaya,Landslide,moderate,8.076543696501545,125.14005296948302,Simaya,2025-09-21T10:05:00,0,18,3,0,0,0,0,0,0,15,NONE,7.07
REP-FA-2202,prank call fake alarm haha,Typhoon,low,8.159972435084525,125.12637350518808,Barangay 6,2026-01-31T14:52:00,1,26,5,0,0,1,1,1,0,15,LOW,0.32
REP-EXT-0880,Electrical short circuit started a fire,Fire,critical,8.149706,125.139845,Violeta,2023-08-10T00:00:00,1,39,6,0,0,0,0,0,1,27,HIGH,0.14
REP-FA-2159,prank call fake alarm haha,Earthquake,low,8.147473500492286,125.12885143027543,Sumpong,2025-06-29T01:42:00,1,26,5,0,0,1,1,1,0,23,MEDIUM,0.48
REP-ONETAP-1006,,Landslide,moderate,8.159578390720164,125.12601736854873,Barangay 2,2025-05-31T20:39:00,0,0,0,0,0,0,0,0,0,15,LOW,0.3
REP-ONETAP-1034,Typhoon - San Jose,Typhoon,high,8.1565795490216,125.1336830319045,San Jose,2025-09-07T04:12:00,0,18,4,0,0,0,0,0,0,15,HIGH,0.2
REP-TEXT-1506,Massive structure fire spreading to adjacent residential houses URGENT HELP,Fire,critical,8.078219603919182,125.15439720834273,Linabo,2025-10-20T06:54:00,1,75,10,1,3,0,0,0,0,15,NONE,7.37
REP-ONETAP-1054,Fire - Simaya,Fire,moderate,8.073158778729965,125.14096957170719,Simaya,2025-05-23T11:41:00,0,13,3,0,0,0,0,0,0,15,NONE,7.45
REP-TEXT-1870,Large rockslide crushed vehicles and blocked main highway completely,Landslide,moderate,8.163709717753042,125.12986343966338,Barangay 1,2025-07-14T23:20:00,1,68,9,0,0,0,0,0,0,15,LOW,0.73
REP-ONETAP-1101,,Earthquake,moderate,8.156495770179962,125.12597747877959,Barangay 4,2025-01-08T22:34:00,0,0,0,0,0,0,0,0,0,15,LOW,0.23
REP-EXT-0193,Electrical short circuit started a fire,Fire,high,8.156619,125.120048,Bangcud,2019-06-02T00:00:00,1,39,6,0,0,0,0,0,1,26,MEDIUM,0.2
REP-EXT-0175,Heavy rain triggered landslide near homes,Landslide,high,8.14848,125.138917,Violeta,2018-11-10T00:00:00,1,41,6,0,0,0,0,0,1,30,HIGH,0.14
REP-EXT-0766,Landslide damaged farm area,Landslide,high,8.149187,125.139496,Violeta,2016-06-12T00:00:00,1,27,4,0,0,0,0,0,1,30,HIGH,0.11
REP-ONETAP-1379,,Typhoon,moderate,8.157264087431212,125.12579701414131,Barangay 3,2025-06-16T06:29:00,0,0,0,0,0,0,0,0,0,15,LOW,0.22
REP-TEXT-1567,Small brush fire burning near perimeter fence,Fire,low,8.07515279743213,125.1435059331477,Simaya,2025-11-13T03:27:00,1,45,7,1,1,1,0,0,0,15,NONE,7.3
REP-TEXT-1905,Road covered by landslide debris heavy equipment needed to clear,Landslide,moderate,8.158368696540029,125.13233406127654,Barangay 9,2025-01-01T03:01:00,1,64,10,0,0,0,0,0,0,12,HIGH,0.33
REP-EXT-0701,Soil and rocks falling from hillside,Landslide,high,8.149981,125.130828,Sumpong,2016-12-24T00:00:00,1,36,6,0,0,0,0,0,1,26,MEDIUM,0.18
REP-EXT-0129,Soil and rocks falling from hillside,Landslide,moderate,8.155359,125.129496,Barangay 9,2023-08-18T00:00:00,1,36,6,0,0,0,0,0,0,12,HIGH,0.19
REP-EXT-0341,Smoke and flames seen in residential area,Fire,critical,8.149822,125.14158,Violeta,2015-10-28T00:00:00,1,41,7,0,0,0,0,0,1,27,HIGH,0.21
REP-FA-2128,drill simulation drill only do not dispatch,Flood,low,8.151723578477556,125.13076815209197,Barangay 4,2025-06-07T04:13:00,1,43,7,0,0,1,1,1,0,15,MEDIUM,0.05
REP-EXT-0648,Strong shaking felt in our area,Earthquake,moderate,8.158455,125.129975,Barangay 9,2016-05-14T00:00:00,1,31,6,0,0,0,0,0,0,24,HIGH,0.25
REP-ONETAP-1287,,Flood,moderate,8.155194062206487,125.12772098299142,Barangay 4,2025-09-29T07:40:00,0,0,0,0,0,0,0,0,0,15,HIGH,0.19
REP-EXT-0308,Earthquake caused cracks in the wall,Earthquake,moderate,8.154899,125.129216,Barangay 9,2022-10-12T00:00:00,1,36,6,0,0,0,0,0,0,24,HIGH,0.22
REP-EXT-0384,Fire spreading to nearby houses,Fire,high,8.159549,125.130283,Barangay 11,2024-02-10T00:00:00,1,31,5,1,1,0,0,0,1,26,LOW,0.36
REP-ONETAP-1273,,Typhoon,high,8.150469736315744,125.14039403897925,Violeta,2025-01-09T11:21:00,0,0,0,0,0,0,0,0,0,15,HIGH,0.22
REP-CLUSTER-2315,House fire with heavy black smoke visible from street,Fire,critical,8.17457849890967,125.11594416360806,Kalasungay,2025-09-04T08:38:00,1,53,9,0,0,0,0,0,0,15,NONE,1.93
REP-ONETAP-1264,,Fire,high,8.157992558250385,125.12005124289233,Bangcud,2025-07-21T16:29:00,0,0,0,0,0,0,0,0,1,26,MEDIUM,0.13
REP-EXT-0178,House on fire please send help,Fire,critical,8.148672,125.139414,Violeta,2017-05-28T00:00:00,1,30,6,0,0,0,0,0,1,27,HIGH,0.09
REP-EXT-0427,Fire spreading to nearby houses,Fire,high,8.152469,125.132351,Sumpong,2018-02-14T00:00:00,1,31,5,1,1,0,0,0,0,24,MEDIUM,0.24
REP-EXT-0787,Strong earthquake alarmed residents,Earthquake,moderate,8.157533,125.120293,Bangcud,2019-04-25T00:00:00,1,35,4,0,0,0,0,0,1,26,MEDIUM,0.11
REP-TEXT-1747,Severe seismic shaking cracked bridge collapsed school wall,Earthquake,critical,8.176983163987812,125.11516748553308,Kalasungay,2025-08-19T13:10:00,1,59,8,1,2,0,0,0,0,15,NONE,2.21
REP-ONETAP-1100,Typhoon - Barangay 7,Typhoon,high,8.148098307839273,125.13070519152328,Barangay 7,2025-09-26T19:18:00,0,20,4,0,0,0,0,0,0,15,MEDIUM,0.38
REP-CLUSTER-2390,Strong tremor caused building facade collapse road cracked open,Earthquake,critical,8.11532958529107,125.1643175624997,Santo Niño,2025-04-14T16:45:00,1,63,9,1,1,0,0,0,0,15,NONE,4.54
REP-EXT-0185,House on fire please send help,Fire,critical,8.156265,125.129988,Barangay 9,2023-03-02T00:00:00,1,30,6,0,0,0,0,0,1,25,HIGH,0.17
REP-TEXT-1592,Small trash can fire already contained by neighbors,Fire,low,8.14556697464813,125.13950196378245,Violeta,2025-12-25T23:32:00,1,51,8,0,0,3,0,0,1,27,HIGH,0.34
REP-TEXT-1990,Severe tropical storm with destructive winds power lines down fires starting,Typhoon,high,8.157038406353205,125.12284486243666,Bangcud,2025-08-31T08:09:00,1,76,11,1,1,0,0,0,0,15,MEDIUM,0.21
REP-CLUSTER-2496,Severe flooding elderly residents unable to evacuate trapped inside,Flood,critical,8.150714845856045,125.13100428877401,Barangay 7,2025-07-03T08:08:00,1,67,9,1,2,0,0,0,0,15,MEDIUM,0.11
REP-FA-2286,testing the app and button response,Landslide,low,8.150965532534693,125.12645692132327,Barangay 4,2025-02-17T01:27:00,1,35,6,0,0,1,1,1,0,15,MEDIUM,0.44
REP-ONETAP-1304,,Typhoon,moderate,8.185173252749223,125.15577264432376,Canayan,2025-10-02T04:10:00,0,0,0,0,0,0,0,0,0,15,NONE,4.2
REP-EXT-0962,Market stall caught fire,Fire,critical,8.157386,125.130898,Barangay 11,2024-03-11T00:00:00,1,24,4,0,0,0,0,0,1,26,HIGH,0.27
REP-TEXT-1640,Dam overflowing sudden massive surge of water entering all homes,Flood,critical,8.15496630375486,125.12967798693494,Barangay 10,2025-04-10T03:11:00,1,64,10,1,1,0,0,0,1,32,HIGH,0.23
REP-EXT-0490,Smoke and flames seen in residential area,Fire,critical,8.155587,125.132843,San Jose,2015-01-14T00:00:00,1,41,7,0,0,0,0,0,1,29,HIGH,0.06
REP-EXT-0762,Strong shaking felt in our area,Earthquake,moderate,8.159561,125.122953,Bangcud,2017-11-07T00:00:00,1,31,6,0,0,0,0,0,1,26,MEDIUM,0.26
REP-EXT-0810,Buildings shaking for several seconds,Earthquake,high,8.15407,125.132947,San Jose,2020-12-05T00:00:00,1,37,5,0,0,0,0,0,1,29,HIGH,0.16
REP-FA-2278,joke lang walang sunog testing lang,Typhoon,low,8.16209875616178,125.0365046970272,Cabangahan,2025-04-20T02:32:00,1,35,6,0,0,1,1,1,0,15,HIGH,0.42
REP-ONETAP-1430,Flood - Aglayan,Flood,moderate,8.146383858977988,125.12052135927155,Aglayan,2025-01-19T17:51:00,0,15,3,0,0,0,0,0,0,18,MEDIUM,0.29
REP-TEXT-1658,Heavy continuous rain caused river to overflow into streets,Flood,moderate,8.142389694652904,125.12847530645563,Casisang,2025-03-16T23:46:00,1,59,9,0,0,0,0,0,0,18,HIGH,0.42
REP-TEXT-1526,Gas station explosion and uncontrolled fire spreading fast,Fire,moderate,8.142354407872,125.12376972589924,Casisang,2025-04-10T16:07:00,1,58,8,1,1,1,0,0,1,25,HIGH,0.55
REP-TEXT-2087,Gentle rain without gusty winds,Typhoon,high,8.074293533836526,125.14074233982895,Simaya,2025-11-27T10:31:00,1,31,5,0,0,0,0,0,0,15,NONE,7.33
REP-EXT-0119,Earthquake caused cracks in the wall,Earthquake,moderate,8.151235,125.129383,Sumpong,2018-04-29T00:00:00,1,36,6,0,0,0,0,0,0,23,MEDIUM,0.12
REP-TEXT-1554,"Fire breaking out in commercial store, smoke filling area",Fire,high,8.148988508935188,125.11481032382873,Aglayan,2025-05-12T20:14:00,1,57,9,0,0,0,0,0,1,28,MEDIUM,0.4
REP-EXT-0282,River overflow causing flooding in the area,Flood,high,8.158232,125.130292,Barangay 11,2022-04-16T00:00:00,1,43,7,0,0,0,0,0,1,27,HIGH,0.26
REP-FA-2186,sample test report for capstone evaluation,Flood,low,8.072463466894872,125.13977733764644,Simaya,2025-09-01T22:23:00,1,42,6,0,0,1,1,1,0,15,NONE,7.51
REP-CLUSTER-2465,Massive structure fire spreading to adjacent residential houses URGENT HELP,Fire,critical,8.155931379930541,125.1276753606813,Barangay 9,2026-01-15T18:59:00,1,75,10,1,3,0,0,0,1,25,HIGH,0.12
REP-TEXT-1836,Minor tremor felt faintly by few people at rest,Earthquake,moderate,8.154593705655227,125.13066791677474,Barangay 8,2025-12-17T11:09:00,1,47,9,0,0,1,0,0,0,15,HIGH,0.2
REP-EXT-0650,Strong earthquake alarmed residents,Earthquake,moderate,8.15819,125.12273,Bangcud,2022-02-11T00:00:00,1,35,4,0,0,0,0,0,1,26,MEDIUM,0.17
REP-EXT-0728,Landslide damaged farm area,Landslide,high,8.149717,125.139175,Violeta,2020-04-14T00:00:00,1,27,4,0,0,0,0,0,1,30,HIGH,0.18
REP-EXT-0367,Strong shaking felt in our area,Earthquake,high,8.156816,125.13047,Barangay 11,2018-05-06T00:00:00,1,31,6,0,0,0,0,0,1,26,HIGH,0.22
REP-ONETAP-1352,Flood - Barangay 3,Flood,moderate,8.155407832185368,125.1232799999585,Barangay 3,2025-06-12T11:06:00,0,18,4,0,0,0,0,0,0,15,MEDIUM,0.37
REP-EXT-0556,Road blocked due to floodwater,Flood,high,8.154845,125.133256,San Jose,2024-07-31T00:00:00,1,30,5,0,0,0,0,0,1,32,HIGH,0.12
REP-ONETAP-1411,Fire - Simaya,Fire,moderate,8.072857118401009,125.14218304965928,Simaya,2025-03-26T14:22:00,0,13,3,0,0,0,0,0,0,15,NONE,7.52
REP-FA-2281,test emergency alert system please ignore,Fire,low,8.136397564580067,125.12727499377091,Casisang,2026-01-23T20:07:00,1,41,6,0,0,1,1,1,1,25,HIGH,0.27
REP-TEXT-1914,Hillside erosion threatening foundation of roadside homes,Landslide,moderate,8.177271912265669,125.11431162452267,Kalasungay,2026-01-16T01:53:00,1,57,7,0,0,0,0,0,0,15,NONE,2.27
REP-EXT-0204,Buildings shaking for several seconds,Earthquake,high,8.148142,125.140486,Violeta,2021-06-16T00:00:00,1,37,5,0,0,0,0,0,1,32,HIGH,0.05
REP-FA-2114,prank call fake alarm haha,Earthquake,low,8.081725411692574,125.15953812972202,Linabo,2025-04-02T15:58:00,1,26,5,0,0,1,1,1,0,15,NONE,7.28
REP-EXT-0121,Minor tremor felt in the barangay,Earthquake,moderate,8.15153,125.129677,Sumpong,2018-04-28T00:00:00,1,33,6,0,0,1,0,0,0,23,MEDIUM,0.08
REP-EXT-0284,Road covered by landslide debris,Landslide,high,8.157504,125.121133,Bangcud,2016-03-02T00:00:00,1,32,5,0,0,0,0,0,1,29,MEDIUM,0.06
REP-EXT-0576,Market stall caught fire,Fire,high,8.158388,125.122553,Bangcud,2018-10-20T00:00:00,1,24,4,0,0,0,0,0,1,26,MEDIUM,0.16
REP-ONETAP-1302,Typhoon - San Jose,Typhoon,high,8.156611644361135,125.1347767813297,San Jose,2025-04-22T07:43:00,0,18,4,0,0,0,0,0,0,15,HIGH,0.3
REP-CLUSTER-2414,Multiple houses on fire with children trapped send rescue immediately,Fire,critical,8.15773509026168,125.12699915204917,Barangay 10,2025-10-19T05:16:00,1,69,10,1,2,0,0,0,1,25,LOW,0.09
REP-EXT-0276,Landslide blocking the road,Landslide,moderate,8.158376,125.128501,Barangay 10,2022-02-02T00:00:00,1,27,4,0,0,0,0,0,0,22,LOW,0.12
REP-EXT-0966,Electrical short circuit started a fire,Fire,high,8.151179,125.132207,Sumpong,2017-12-22T00:00:00,1,39,6,0,0,0,0,0,0,24,MEDIUM,0.2
REP-TEXT-1548,Electrical fire spreading across building roof,Fire,high,8.158345074695392,125.12489730818383,Malaybalay Proper,2025-02-23T16:46:00,1,46,6,1,1,0,0,0,0,22,LOW,0.33
REP-EXT-0361,Water rising quickly near our house,Flood,moderate,8.147708,125.119458,Aglayan,2016-09-27T00:00:00,1,35,6,0,0,0,0,0,0,18,MEDIUM,0.17
REP-ONETAP-1128,Earthquake - Violeta,Earthquake,moderate,8.147103035978402,125.13721539155614,Violeta,2025-10-24T21:31:00,0,20,3,0,0,0,0,0,1,32,HIGH,0.36
REP-EXT-0768,Flood entering homes after heavy rain,Flood,moderate,8.159839,125.124735,Casisang,2020-09-14T00:00:00,1,37,6,0,0,0,0,0,0,18,LOW,0.43
REP-TEXT-2004,Extreme storm surge combined with gale force winds devastating coastal/river area,Typhoon,high,8.160181563126757,125.12221106849725,Barangay 3,2025-08-07T22:57:00,1,81,11,0,0,0,0,0,0,15,MEDIUM,0.27
REP-TEXT-1727,Small puddles formed in driveway no property threat,Flood,low,8.162112057561897,125.03788595654477,Cabangahan,2025-08-24T10:44:00,1,51,8,0,0,1,0,0,0,15,HIGH,0.46
REP-TEXT-1889,Steep mountain slide swept away structures active soil movement,Landslide,moderate,8.160759636509761,125.0371638714482,Cabangahan,2025-09-10T07:13:00,1,63,9,0,0,0,0,0,0,15,HIGH,0.29
REP-EXT-0287,Minor tremor felt in the barangay,Earthquake,moderate,8.156246,125.120656,Bangcud,2022-05-28T00:00:00,1,33,6,0,0,1,0,0,1,26,MEDIUM,0.2
REP-FA-2103,drill simulation drill only do not dispatch,Earthquake,low,8.150634314415338,125.12802143857041,Barangay 7,2025-01-12T02:34:00,1,43,7,0,0,1,1,1,0,15,MEDIUM,0.28
REP-ONETAP-1095,Flood - Barangay 1,Flood,moderate,8.16159976351029,125.12714633854117,Barangay 1,2025-09-08T17:48:00,0,18,4,0,0,0,0,0,0,15,LOW,0.46
REP-EXT-0889,Road blocked due to floodwater,Flood,high,8.156977,125.131095,Barangay 11,2022-07-31T00:00:00,1,30,5,0,0,0,0,0,1,27,HIGH,0.22
REP-EXT-0424,Road covered by landslide debris,Landslide,high,8.147457,125.138543,Violeta,2019-09-19T00:00:00,1,32,5,0,0,0,0,0,1,30,HIGH,0.22
REP-TEXT-1809,Noticeable tremor felt by people indoors doors rattling,Earthquake,moderate,8.15652123996914,125.12513170392495,Bangcud,2025-06-16T11:26:00,1,55,8,0,0,0,0,0,1,26,LOW,0.31
REP-CLUSTER-2348,Floodwater already waist deep entering living rooms,Flood,critical,8.157482127889526,125.13044054211687,Barangay 11,2025-05-02T16:52:00,1,51,7,0,0,0,0,0,1,27,HIGH,0.23
REP-TEXT-1588,Smoke coming from residential backyard,Fire,high,8.157982466246654,125.12991052888543,Barangay 4,2025-09-05T16:49:00,1,38,5,0,0,0,0,0,0,15,HIGH,0.21
REP-EXT-0841,Earthquake caused cracks in the wall,Earthquake,high,8.150154,125.14079,Violeta,2022-08-30T00:00:00,1,36,6,0,0,0,0,0,1,32,HIGH,0.2
REP-EXT-0066,Strong earthquake alarmed residents,Earthquake,moderate,8.149162,125.116889,Aglayan,2019-07-27T00:00:00,1,35,4,0,0,0,0,0,1,30,MEDIUM,0.25
REP-TEXT-1646,Severe flooding elderly residents unable to evacuate trapped inside,Flood,critical,8.150334895143777,125.13326159811713,Barangay 7,2025-08-08T05:00:00,1,67,9,1,2,0,0,0,0,15,MEDIUM,0.34
REP-TEXT-1711,Minor street puddle after light shower subsiding quickly,Flood,low,8.156053534891772,125.13092844364506,Barangay 4,2025-10-16T15:49:00,1,56,8,0,0,2,0,0,0,15,HIGH,0.17
REP-ONETAP-1458,,Fire,moderate,8.190497634480868,125.1566438791704,Canayan,2025-05-04T08:34:00,0,0,0,0,0,0,0,0,0,15,NONE,4.73
REP-TEXT-1560,Kitchen fire ignited wall spreading to second floor,Fire,high,8.153706220114247,125.1308984794412,Barangay 4,2025-05-20T12:44:00,1,51,8,1,1,0,0,0,0,15,HIGH,0.24
REP-EXT-0231,Strong shaking felt in our area,Earthquake,high,8.157305,125.132112,San Jose,2022-06-11T00:00:00,1,31,6,0,0,0,0,0,1,29,HIGH,0.21
REP-TEXT-1576,Overheated electrical transformer sparking and caught small fire,Fire,low,8.071001357723826,125.13872716437528,Simaya,2025-11-06T19:40:00,1,64,8,0,0,1,0,0,0,15,NONE,7.64
REP-TEXT-1570,Small brush fire burning near perimeter fence,Fire,low,8.154393158939088,125.03977497136336,Cabangahan,2025-09-16T15:54:00,1,45,7,1,1,1,0,0,0,15,HIGH,0.58
REP-ONETAP-1186,,Fire,high,8.150571580376525,125.13339594974167,Barangay 8,2025-04-19T04:48:00,0,0,0,0,0,0,0,0,0,15,MEDIUM,0.35
REP-EXT-0890,Landslide blocking the road,Landslide,high,8.14928,125.138478,Violeta,2019-09-05T00:00:00,1,27,4,0,0,0,0,0,1,30,HIGH,0.21
REP-ONETAP-1400,Fire - Barangay 1,Fire,moderate,8.163713446577228,125.13108300395606,Barangay 1,2025-08-23T20:42:00,0,17,4,0,0,0,0,0,0,15,LOW,0.78
REP-EXT-0730,Minor tremor felt in the barangay,Earthquake,moderate,8.158961,125.128681,Barangay 10,2016-06-19T00:00:00,1,33,6,0,0,1,0,0,1,29,LOW,0.19
REP-EXT-0737,Landslide blocking the road,Landslide,high,8.156934,125.119657,Bangcud,2015-04-21T00:00:00,1,27,4,0,0,0,0,0,1,29,MEDIUM,0.21
REP-ONETAP-1074,,Landslide,moderate,8.154845596218,125.13255566684302,San Jose,2025-08-04T12:57:00,0,0,0,0,0,0,0,0,1,28,HIGH,0.07
REP-EXT-0375,Fire spreading to nearby houses,Fire,high,8.156122,125.128425,Barangay 10,2020-06-10T00:00:00,1,31,5,1,1,0,0,0,1,25,HIGH,0.06
REP-EXT-0760,Minor tremor felt in the barangay,Earthquake,moderate,8.150129,125.131768,Sumpong,2019-12-24T00:00:00,1,33,6,0,0,1,0,0,0,23,MEDIUM,0.21
REP-FA-2251,test emergency alert system please ignore,Flood,low,8.07905073142176,125.14567634195744,Simaya,2025-09-28T00:27:00,1,41,6,0,0,1,1,1,0,15,NONE,6.95
REP-TEXT-1668,Street submerged under 3 feet of water cars stalling,Flood,moderate,8.187616330185143,125.1520464760668,Canayan,2025-03-18T05:10:00,1,52,9,0,0,0,0,0,0,15,NONE,4.19
REP-EXT-0298,Minor tremor felt in the barangay,Earthquake,moderate,8.157235,125.131579,San Jose,2023-11-12T00:00:00,1,33,6,0,0,1,0,0,1,29,HIGH,0.22
REP-EXT-0599,Water rising quickly near our house,Flood,high,8.158733,125.128928,Barangay 11,2016-11-21T00:00:00,1,35,6,0,0,0,0,0,1,27,LOW,0.18
REP-TEXT-1972,Few rocks rolled down roadside ditch,Landslide,moderate,8.149050345464135,125.12186863278504,Aglayan,2026-01-20T08:29:00,1,36,6,0,0,0,0,0,0,23,MEDIUM,0.47
REP-EXT-0100,Buildings shaking for several seconds,Earthquake,moderate,8.158456,125.129247,Barangay 9,2015-11-21T00:00:00,1,37,5,0,0,0,0,0,0,24,LOW,0.19
REP-ONETAP-1055,,Typhoon,high,8.14789807030616,125.14308689812319,Violeta,2025-01-15T03:56:00,0,0,0,0,0,0,0,0,0,15,HIGH,0.32
REP-TEXT-1780,Heavy shaking felt for 30 seconds items fell from shelves cracks on road,Earthquake,moderate,8.152563271727214,125.12899610790103,Sumpong,2025-03-27T08:37:00,1,72,13,0,0,0,0,0,0,23,MEDIUM,0.19
REP-ONETAP-1238,,Fire,critical,8.157536815862956,125.13024886697298,Barangay 9,2025-11-23T12:23:00,0,0,0,0,0,0,0,0,1,25,HIGH,0.21
REP-EXT-0530,Strong earthquake alarmed residents,Earthquake,high,8.154738,125.132523,San Jose,2021-09-10T00:00:00,1,35,4,0,0,0,0,0,1,29,HIGH,0.08
REP-TEXT-1934,Slope erosion noticed near drainage ditch,Landslide,moderate,8.111405809469824,125.16123194148963,Santo Niño,2025-12-12T01:06:00,1,41,6,0,0,0,0,0,0,15,NONE,4.73
REP-TEXT-1613,Test fire safety drill conducted at school grounds,Fire,low,8.15768928759887,125.13120293330047,Barangay 6,2025-12-05T09:31:00,1,50,8,0,0,1,1,1,0,15,HIGH,0.28
REP-ONETAP-1209,Typhoon - Barangay 10,Typhoon,high,8.159266570332115,125.124606844582,Barangay 10,2025-09-27T01:42:00,0,21,4,0,0,0,0,0,0,15,MEDIUM,0.4
REP-EXT-0637,Water rising quickly near our house,Flood,high,8.157228,125.128944,Barangay 10,2015-06-26T00:00:00,1,35,6,0,0,0,0,0,1,32,HIGH,0.08
REP-FA-2197,sample test report for capstone evaluation,Landslide,low,8.084631627032913,125.16146960429803,Linabo,2025-08-20T15:55:00,1,42,6,0,0,1,1,1,0,15,NONE,7.11
REP-EXT-0186,Road blocked due to floodwater,Flood,high,8.15752,125.127475,Malaybalay Proper,2021-05-06T00:00:00,1,30,5,0,0,0,0,0,1,27,LOW,0.04
REP-TEXT-1997,Category 4 winds tearing apart structures flying debris dangerous,Typhoon,high,8.17638241487792,125.1176535159986,Kalasungay,2025-01-07T13:06:00,1,65,9,1,1,0,0,0,0,15,NONE,2.08
REP-EXT-0945,Buildings shaking for several seconds,Earthquake,high,8.149338,125.139069,Violeta,2018-10-03T00:00:00,1,37,5,0,0,0,0,0,1,32,HIGH,0.16
REP-TEXT-1805,Buildings shaking for several seconds hanging lights swinging,Earthquake,high,8.139009536174349,125.12519010423243,Casisang,2025-11-17T05:35:00,1,61,8,0,0,0,0,0,1,33,HIGH,0.22
REP-TEXT-1657,Heavy continuous rain caused river to overflow into streets,Flood,moderate,8.153557648570189,125.12752296554125,Sumpong,2025-03-23T05:36:00,1,59,9,0,0,0,0,0,0,22,HIGH,0.37
REP-TEXT-1779,Heavy shaking felt for 30 seconds items fell from shelves cracks on road,Earthquake,moderate,8.150300156608347,125.12090926132599,Aglayan,2025-04-22T03:15:00,1,72,13,0,0,0,0,0,1,30,MEDIUM,0.47
REP-EXT-0512,Fire spreading to nearby houses,Fire,high,8.158325,125.13112,Barangay 11,2016-03-19T00:00:00,1,31,5,1,1,0,0,0,1,26,HIGH,0.34
REP-EXT-0801,House on fire please send help,Fire,high,8.159955,125.121937,Bangcud,2020-09-16T00:00:00,1,30,6,0,0,0,0,0,1,26,MEDIUM,0.23
REP-ONETAP-1135,Landslide - Barangay 11,Landslide,moderate,8.160014048019395,125.131656053105,Barangay 11,2025-11-17T22:56:00,0,23,4,0,0,0,0,0,0,16,HIGH,0.51
REP-ONETAP-1395,Earthquake - Barangay 6,Earthquake,moderate,8.154441921695128,125.13142432257054,Barangay 6,2025-09-21T21:52:00,0,23,4,0,0,0,0,0,0,15,HIGH,0.14
REP-CLUSTER-2406,Huge blaze engulfing commercial warehouse people trapped inside,Fire,critical,8.082623023651882,125.15828202437852,Linabo,2025-12-20T09:28:00,1,63,8,1,2,0,0,0,0,15,NONE,7.12
REP-EXT-0608,House on fire please send help,Fire,high,8.15917,125.124465,Casisang,2021-05-14T00:00:00,1,30,6,0,0,0,0,0,1,25,MEDIUM,0.38
REP-ONETAP-1208,,Flood,moderate,8.14885039407079,125.132396937246,Barangay 7,2025-03-12T04:04:00,0,0,0,0,0,0,0,0,0,15,MEDIUM,0.37
REP-EXT-0152,Road blocked due to floodwater,Flood,moderate,8.146218,125.118019,Aglayan,2021-11-23T00:00:00,1,30,5,0,0,0,0,0,0,18,MEDIUM,0.11
REP-TEXT-1558,Kitchen fire ignited wall spreading to second floor,Fire,high,8.15566409821085,125.0351602192339,Cabangahan,2025-08-13T19:17:00,1,51,8,1,1,0,0,0,0,15,HIGH,0.32
REP-EXT-0857,Landslide blocking the road,Landslide,high,8.156913,125.130362,San Jose,2018-02-12T00:00:00,1,27,4,0,0,0,0,0,1,28,HIGH,0.21
REP-ONETAP-1136,,Fire,high,8.14943429810439,125.11521539459902,Aglayan,2025-12-17T09:14:00,0,0,0,0,0,0,0,0,1,28,MEDIUM,0.39
REP-EXT-0875,House on fire please send help,Fire,critical,8.149183,125.141692,Violeta,2021-05-05T00:00:00,1,30,6,0,0,0,0,0,1,27,HIGH,0.18
REP-FA-2276,sample test report for capstone evaluation,Landslide,low,8.158743596806254,125.1289818746218,Malaybalay Proper,2026-02-05T20:25:00,1,42,6,0,0,1,1,1,0,21,LOW,0.19
REP-EXT-0024,Water rising quickly near our house,Flood,high,8.1571,125.127166,Malaybalay Proper,2020-08-31T00:00:00,1,35,6,0,0,0,0,0,1,27,LOW,0.08
REP-EXT-0159,Landslide blocking the road,Landslide,high,8.155547,125.132943,San Jose,2016-11-19T00:00:00,1,27,4,0,0,0,0,0,1,28,HIGH,0.07
REP-EXT-0332,Fire spreading to nearby houses,Fire,high,8.156972,125.126552,Malaybalay Proper,2018-09-27T00:00:00,1,31,5,1,1,0,0,0,0,22,LOW,0.15
REP-ONETAP-1111,Typhoon - Barangay 8,Typhoon,high,8.153743466266894,125.13452696815989,Barangay 8,2025-04-12T13:07:00,0,20,4,0,0,0,0,0,0,15,HIGH,0.31
REP-CLUSTER-2388,Dam overflowing sudden massive surge of water entering all homes,Flood,critical,8.155182210546092,125.13327919024692,San Jose,2025-08-03T15:47:00,1,64,10,1,1,0,0,0,1,32,HIGH,0.11
REP-TEXT-1718,Slight water buildup on roadside drainage working fine,Flood,moderate,8.078576944872507,125.14346485846819,Simaya,2025-04-08T15:47:00,1,54,8,0,0,1,0,0,0,15,NONE,6.93
REP-CLUSTER-2366,Mudflow blocked purok entrance soil continuing to loosen,Landslide,critical,8.114966594110662,125.16591150378429,Santo Niño,2025-10-25T12:40:00,1,56,8,0,0,0,0,0,0,15,NONE,4.68
REP-CLUSTER-2450,Major violent earthquake building collapsed people trapped under rubble,Earthquake,critical,8.155073100402516,125.13266371999815,San Jose,2025-05-03T11:42:00,1,71,9,1,2,0,0,0,1,29,HIGH,0.05
REP-EXT-0643,Earthquake caused cracks in the wall,Earthquake,moderate,8.151985,125.129648,Sumpong,2017-08-30T00:00:00,1,36,6,0,0,0,0,0,0,23,MEDIUM,0.1
REP-ONETAP-1438,Flood - Aglayan,Flood,moderate,8.149967110365326,125.12083535541579,Aglayan,2025-02-17T01:58:00,0,15,3,0,0,0,0,0,0,18,MEDIUM,0.44
REP-EXT-0312,House on fire please send help,Fire,critical,8.147768,125.139792,Violeta,2023-09-14T00:00:00,1,30,6,0,0,0,0,0,1,27,HIGH,0.09
REP-EXT-0352,Water rising quickly near our house,Flood,moderate,8.158607,125.123141,Bangcud,2021-01-01T00:00:00,1,35,6,0,0,0,0,0,0,23,MEDIUM,0.22
REP-EXT-0549,Market stall caught fire,Fire,high,8.145856,125.118489,Aglayan,2016-04-01T00:00:00,1,24,4,0,0,0,0,0,1,28,MEDIUM,0.16
REP-TEXT-1745,Major violent earthquake building collapsed people trapped under rubble,Earthquake,critical,8.156738181760842,125.13105658441015,Malaybalay Proper,2025-02-10T05:21:00,1,71,9,1,2,0,0,0,0,24,HIGH,0.2
REP-ONETAP-1126,,Typhoon,high,8.15008146779562,125.11646238543645,Aglayan,2025-04-08T19:32:00,0,0,0,0,0,0,0,0,0,15,MEDIUM,0.36
REP-EXT-0307,Electrical short circuit started a fire,Fire,high,8.145886,125.116665,Aglayan,2019-04-29T00:00:00,1,39,6,0,0,0,0,0,1,28,MEDIUM,0.21
REP-EXT-0288,Landslide damaged farm area,Landslide,high,8.149542,125.140637,Violeta,2017-11-30T00:00:00,1,27,4,0,0,0,0,0,1,30,HIGH,0.13
REP-EXT-0695,Heavy rain triggered landslide near homes,Landslide,moderate,8.157223,125.126537,Barangay 9,2023-08-16T00:00:00,1,41,6,0,0,0,0,0,0,12,LOW,0.14
REP-EXT-0963,Smoke and flames seen in residential area,Fire,critical,8.155399,125.128209,Barangay 10,2019-01-08T00:00:00,1,41,7,0,0,0,0,0,1,25,HIGH,0.15
REP-EXT-0631,Earthquake caused cracks in the wall,Earthquake,moderate,8.161452,125.125393,Casisang,2021-03-16T00:00:00,1,36,6,0,0,0,0,0,1,33,LOW,0.51
REP-TEXT-1813,Moderate earthquake felt across barangay no visible damage,Earthquake,moderate,8.158580685674751,125.13212259646069,Barangay 1,2025-01-04T09:14:00,1,58,8,0,0,0,0,0,0,15,HIGH,0.35
REP-EXT-0950,Earthquake caused cracks in the wall,Earthquake,high,8.155597,125.131181,San Jose,2016-07-27T00:00:00,1,36,6,0,0,0,0,0,1,29,HIGH,0.13
REP-ONETAP-1390,Earthquake - Barangay 9,Earthquake,moderate,8.158350678167185,125.13043969684799,Barangay 9,2026-01-23T01:48:00,0,23,4,0,0,0,0,0,0,24,HIGH,0.28
REP-EXT-0987,Smoke and flames seen in residential area,Fire,high,8.160613,125.127795,Casisang,2021-05-29T00:00:00,1,41,7,0,0,0,0,0,1,25,LOW,0.35
REP-EXT-0991,Electrical short circuit started a fire,Fire,high,8.158788,125.128599,Barangay 10,2020-12-10T00:00:00,1,39,6,0,0,0,0,0,1,25,LOW,0.17
REP-TEXT-1591,Small trash can fire already contained by neighbors,Fire,low,8.156088767039648,125.13320874830143,Barangay 11,2025-05-31T14:51:00,1,51,8,0,0,3,0,0,1,26,HIGH,0.13
REP-EXT-0782,House on fire please send help,Fire,high,8.15976,125.128839,Barangay 11,2021-03-16T00:00:00,1,30,6,0,0,0,0,0,1,26,LOW,0.28
REP-ONETAP-1377,,Landslide,moderate,8.153618321551702,125.13114384746696,Barangay 6,2025-11-11T06:28:00,0,0,0,0,0,0,0,0,0,15,HIGH,0.24
REP-EXT-0837,Floodwater already waist deep,Flood,high,8.157031,125.129229,Barangay 11,2020-02-19T00:00:00,1,29,4,0,0,0,0,0,1,27,HIGH,0.09
REP-ONETAP-1436,,Typhoon,moderate,8.164094385195227,125.12614346153586,Barangay 1,2025-12-22T00:21:00,0,0,0,0,0,0,0,0,0,15,LOW,0.76
REP-CLUSTER-2418,Kitchen fire ignited wall spreading to second floor,Fire,critical,8.150242426759247,125.13331788206246,Barangay 8,2025-05-02T23:27:00,1,51,8,1,1,0,0,0,0,15,MEDIUM,0.35
REP-EXT-0014,Fire spreading to nearby houses,Fire,high,8.152463,125.132308,Sumpong,2020-10-15T00:00:00,1,31,5,1,1,0,0,0,0,24,MEDIUM,0.24
REP-ONETAP-1221,,Typhoon,moderate,8.157353046928593,125.12731466076293,Barangay 5,2025-02-10T00:16:00,0,0,0,0,0,0,0,0,0,15,LOW,0.06
REP-ONETAP-1408,,Fire,moderate,8.185857145168756,125.15487989635074,Canayan,2025-06-25T03:55:00,0,0,0,0,0,0,0,0,0,15,NONE,4.2
REP-EXT-0515,Road covered by landslide debris,Landslide,high,8.160371,125.124832,Casisang,2018-04-06T00:00:00,1,32,5,0,0,0,0,0,1,29,LOW,0.46
REP-EXT-0410,Buildings shaking for several seconds,Earthquake,moderate,8.160712,125.12522,Casisang,2020-11-17T00:00:00,1,37,5,0,0,0,0,0,1,33,LOW,0.46
REP-EXT-0862,Road blocked due to floodwater,Flood,moderate,8.162346,125.125375,Casisang,2021-05-27T00:00:00,1,30,5,0,0,0,0,0,0,18,LOW,0.6
REP-EXT-0314,Market stall caught fire,Fire,critical,8.156595,125.131547,San Jose,2019-04-28T00:00:00,1,24,4,0,0,0,0,0,1,29,HIGH,0.16
REP-TEXT-1871,Large rockslide crushed vehicles and blocked main highway completely,Landslide,moderate,8.155853205669613,125.13201311306611,Barangay 9,2025-10-20T19:34:00,1,68,9,0,0,0,0,0,0,12,HIGH,0.06
REP-ONETAP-1303,Landslide - Kalasungay,Landslide,moderate,8.177238810350927,125.11249122183884,Kalasungay,2025-07-05T02:58:00,0,22,3,0,0,0,0,0,0,15,NONE,2.34
REP-ONETAP-1280,,Typhoon,high,8.150382515592428,125.12843909454314,Sumpong,2025-07-01T21:49:00,0,0,0,0,0,0,0,0,0,15,MEDIUM,0.25
REP-CLUSTER-2500,Flash flood water rising to second floor residents trapped on roofs,Flood,critical,8.148709889384568,125.14003937294514,Violeta,2025-08-11T12:01:00,1,67,11,1,1,0,0,0,0,13,HIGH,0.03
REP-CLUSTER-2359,Strong ground motion caused ceiling damage and deep wall cracks,Earthquake,critical,8.149410144756082,125.13028029986575,Barangay 7,2025-09-27T19:56:00,1,63,10,0,0,0,0,0,0,15,MEDIUM,0.23
REP-EXT-0383,Minor tremor felt in the barangay,Earthquake,moderate,8.160145,125.127612,Casisang,2024-07-28T00:00:00,1,33,6,0,0,1,0,0,1,33,LOW,0.29
REP-ONETAP-1200,Landslide - Canayan,Landslide,moderate,8.188411024727891,125.15272916057728,Canayan,2025-02-01T14:06:00,0,19,3,0,0,0,0,0,0,15,NONE,4.3
REP-TEXT-1624,Flash flood water rising to second floor residents trapped on roofs,Flood,critical,8.157803798647715,125.12385864468973,Malaybalay Proper,2025-02-03T06:42:00,1,67,11,1,1,0,0,0,1,27,MEDIUM,0.29
REP-TEXT-1878,Huge mudslide continuing to move towards village emergency evacuation needed,Landslide,critical,8.159281174331943,125.12470537268995,Malaybalay Proper,2026-02-03T18:57:00,1,76,10,1,2,0,0,0,0,21,LOW,0.39
REP-TEXT-1510,Huge blaze engulfing commercial warehouse people trapped inside,Fire,critical,8.150941922490322,125.13019045440527,Barangay 7,2025-07-12T11:29:00,1,63,8,1,2,0,0,0,0,15,MEDIUM,0.07
REP-ONETAP-1002,,Landslide,moderate,8.160653077406229,125.03382163299577,Cabangahan,2025-02-17T06:14:00,0,0,0,0,0,0,0,0,0,15,HIGH,0.38
REP-FA-2241,system test drill for cdrrmo rescuers,Landslide,low,8.14766678260366,125.12711735351203,Sumpong,2025-12-21T12:55:00,1,37,6,0,0,1,1,1,1,26,MEDIUM,0.56
REP-EXT-0264,House on fire please send help,Fire,high,8.15709,125.127114,Malaybalay Proper,2023-05-14T00:00:00,1,30,6,0,0,0,0,0,0,22,LOW,0.09
REP-ONETAP-1291,,Flood,moderate,8.160401998609455,125.03352378947943,Cabangahan,2025-04-01T01:53:00,0,0,0,0,0,0,0,0,0,15,HIGH,0.38
REP-FA-2160,testing the app and button response,Typhoon,low,8.1486761393096,125.13428082824888,Barangay 8,2025-12-19T02:55:00,1,35,6,0,0,1,1,1,0,15,MEDIUM,0.53
REP-TEXT-1784,Strong ground motion caused ceiling damage and deep wall cracks,Earthquake,moderate,8.150044141402516,125.13003134748348,Barangay 8,2025-10-02T03:08:00,1,63,10,0,0,0,0,0,0,15,MEDIUM,0.17
REP-EXT-0416,Earthquake caused cracks in the wall,Earthquake,moderate,8.157459,125.129783,Barangay 9,2016-12-01T00:00:00,1,36,6,0,0,0,0,0,0,24,HIGH,0.16
REP-ONETAP-1114,,Typhoon,moderate,8.114415051114976,125.16363347715887,Santo Niño,2025-02-11T19:02:00,0,0,0,0,0,0,0,0,0,15,NONE,4.58
REP-EXT-0359,Road blocked due to floodwater,Flood,moderate,8.150488,125.1395,Violeta,2023-12-11T00:00:00,1,30,5,0,0,0,0,0,0,13,HIGH,0.23
REP-ONETAP-1174,Earthquake - Barangay 3,Earthquake,moderate,8.154359380610222,125.12157938659539,Barangay 3,2025-10-12T01:37:00,0,23,4,0,0,0,0,0,0,15,MEDIUM,0.41
REP-EXT-0009,Water rising quickly near our house,Flood,high,8.158226,125.128004,Barangay 11,2017-12-24T00:00:00,1,35,6,0,0,0,0,0,1,27,LOW,0.08
REP-TEXT-2021,Severe tropical storm heavy rain combined with damaging gusts,Typhoon,high,8.15510788105066,125.12611014026778,Barangay 10,2025-10-04T20:19:00,1,61,9,1,1,0,0,0,0,15,HIGH,0.32
REP-EXT-0317,Smoke and flames seen in residential area,Fire,high,8.160941,125.126111,Casisang,2021-03-01T00:00:00,1,41,7,0,0,0,0,0,1,25,LOW,0.43
REP-EXT-0305,Flood entering homes after heavy rain,Flood,high,8.156168,125.131055,Barangay 11,2018-10-29T00:00:00,1,37,6,0,0,0,0,0,1,27,HIGH,0.16
REP-EXT-0428,Minor tremor felt in the barangay,Earthquake,moderate,8.157892,125.121026,Bangcud,2019-09-05T00:00:00,1,33,6,0,0,1,0,0,1,26,MEDIUM,0.02
REP-EXT-0106,Soil and rocks falling from hillside,Landslide,high,8.148933,125.140049,Violeta,2024-12-09T00:00:00,1,36,6,0,0,0,0,0,1,30,HIGH,0.05
REP-TEXT-2045,Typhoon approaching region moderate continuous rains and gusty winds,Typhoon,high,8.154778076748261,125.13118138431567,Malaybalay Proper,2025-01-28T20:23:00,1,68,9,0,0,0,0,0,0,15,HIGH,0.14
REP-EXT-0122,House on fire please send help,Fire,high,8.159479,125.130503,Barangay 11,2024-05-20T00:00:00,1,30,6,0,0,0,0,0,1,26,LOW,0.37
REP-EXT-0822,Electrical short circuit started a fire,Fire,high,8.162871,125.124478,Casisang,2016-04-06T00:00:00,1,39,6,0,0,0,0,0,1,25,MEDIUM,0.65
REP-TEXT-1553,"Fire breaking out in commercial store, smoke filling area",Fire,high,8.081952832230876,125.16159556812585,Linabo,2026-02-04T16:04:00,1,57,9,0,0,0,0,0,0,15,NONE,7.37
REP-FA-2291,sample test report for capstone evaluation,Typhoon,low,8.157733555617376,125.12366496306038,Bangcud,2025-03-02T19:54:00,1,42,6,0,0,1,1,1,0,15,MEDIUM,0.27
REP-ONETAP-1399,,Earthquake,moderate,8.156217104639811,125.12549881429723,Barangay 3,2025-09-07T10:37:00,0,0,0,0,0,0,0,0,0,15,LOW,0.29
REP-TEXT-1776,Strong earthquake alarmed residents cracked walls and shattered windows,Earthquake,moderate,8.16225628327331,125.03389343901043,Cabangahan,2026-01-12T03:33:00,1,71,9,0,0,0,0,0,0,15,HIGH,0.51
REP-FA-2300,dummy alert testing gps coordinates,Earthquake,low,8.15757208626157,125.13091994793639,Barangay 6,2025-11-27T03:41:00,1,35,5,0,0,1,1,1,0,15,HIGH,0.28
REP-EXT-0116,Road covered by landslide debris,Landslide,high,8.157779,125.12089,Bangcud,2020-07-12T00:00:00,1,32,5,0,0,0,0,0,1,29,MEDIUM,0.04
REP-TEXT-1514,Forest fire moving rapidly towards community high wind spreading flames,Fire,critical,8.158624757964917,125.13069193280201,Malaybalay Proper,2025-05-14T20:45:00,1,71,10,1,2,0,0,0,0,22,HIGH,0.32
REP-EXT-0745,Electrical short circuit started a fire,Fire,high,8.159017,125.127624,Casisang,2016-05-08T00:00:00,1,39,6,0,0,0,0,0,1,25,LOW,0.17
REP-TEXT-1559,Kitchen fire ignited wall spreading to second floor,Fire,high,8.16122780429918,125.1225436105235,Barangay 2,2025-06-25T05:07:00,1,51,8,1,1,0,0,0,0,15,MEDIUM,0.39
REP-CLUSTER-2334,River overflowing rapidly sweeping away vehicles people stranded,Flood,critical,8.188115345821164,125.15478052928951,Canayan,2025-02-08T07:12:00,1,64,8,1,1,0,0,0,0,15,NONE,4.4
REP-EXT-0912,Floodwater already waist deep,Flood,high,8.157248,125.128066,Malaybalay Proper,2020-01-10T00:00:00,1,29,4,0,0,0,0,0,1,27,LOW,0.04
REP-ONETAP-1489,,Flood,moderate,8.158332989270027,125.13205076432791,Barangay 6,2025-02-10T21:27:00,0,0,0,0,0,0,0,0,0,15,HIGH,0.33
REP-EXT-0673,House on fire please send help,Fire,critical,8.154955,125.127758,Barangay 9,2016-06-17T00:00:00,1,30,6,0,0,0,0,0,1,25,HIGH,0.21
REP-CLUSTER-2307,Floodwater already waist deep entering living rooms,Flood,critical,8.154617827469327,125.1311222466696,Barangay 6,2026-01-01T01:19:00,1,51,7,0,0,0,0,0,0,15,HIGH,0.16
REP-TEXT-2052,Strong wind and intermittent rain small branches broken,Typhoon,low,8.156180738060737,125.12663471484724,Barangay 6,2025-08-12T04:13:00,1,55,8,0,0,1,0,0,0,15,LOW,0.19
REP-TEXT-1641,Dam overflowing sudden massive surge of water entering all homes,Flood,critical,8.151167823290805,125.13133834115578,Barangay 7,2025-01-28T17:29:00,1,64,10,1,1,0,0,0,0,15,MEDIUM,0.11
REP-EXT-0310,Road covered by landslide debris,Landslide,high,8.153741,125.131274,San Jose,2015-04-11T00:00:00,1,32,5,0,0,0,0,0,1,28,HIGH,0.22
REP-EXT-0592,Fire spreading to nearby houses,Fire,high,8.154857,125.129821,Barangay 9,2024-07-06T00:00:00,1,31,5,1,1,0,0,0,1,25,HIGH,0.25
REP-EXT-0463,Smoke and flames seen in residential area,Fire,critical,8.14794,125.141566,Violeta,2019-12-01T00:00:00,1,41,7,0,0,0,0,0,1,27,HIGH,0.16
REP-TEXT-1988,Severe tropical storm with destructive winds power lines down fires starting,Typhoon,high,8.153543871451589,125.12732795491532,Sumpong,2025-03-27T14:25:00,1,76,11,1,1,0,0,0,0,15,HIGH,0.37
REP-EXT-0942,Electrical short circuit started a fire,Fire,critical,8.15698,125.130783,San Jose,2017-05-21T00:00:00,1,39,6,0,0,0,0,0,1,29,HIGH,0.24
REP-TEXT-1648,Severe flooding elderly residents unable to evacuate trapped inside,Flood,critical,8.146688992528718,125.12072088047024,Aglayan,2025-03-10T21:46:00,1,67,9,1,2,0,0,0,0,18,MEDIUM,0.3
REP-CLUSTER-2367,Torrential floodwater chest deep currents strong rescue boat needed,Flood,critical,8.187799474523016,125.15321439919501,Canayan,2025-05-01T12:13:00,1,67,9,0,0,0,0,0,0,15,NONE,4.28
REP-EXT-0553,Fire spreading to nearby houses,Fire,high,8.155517,125.133303,San Jose,2024-07-14T00:00:00,1,31,5,1,1,0,0,0,1,29,HIGH,0.11
REP-EXT-0088,Fire spreading to nearby houses,Fire,high,8.157855,125.125877,Barangay 10,2023-01-19T00:00:00,1,31,5,1,1,0,0,0,1,25,LOW,0.22
REP-EXT-0691,Water rising quickly near our house,Flood,high,8.159094,125.127255,Malaybalay Proper,2017-11-10T00:00:00,1,35,6,0,0,0,0,0,1,27,LOW,0.19
REP-TEXT-1692,Water rising slowly near our house gutter overflowing,Flood,moderate,8.154329549289539,125.12891683958672,Barangay 9,2025-10-13T15:11:00,1,53,8,0,0,0,0,0,0,19,HIGH,0.27
REP-CLUSTER-2413,Strong earthquake alarmed residents cracked walls and shattered windows,Earthquake,critical,8.150332032568127,125.13343016978321,Barangay 8,2025-02-04T06:26:00,1,71,9,0,0,0,0,0,0,15,MEDIUM,0.36
REP-TEXT-1616,Small camp fire burning out safely,Fire,low,8.14896958464881,125.1305068304815,Barangay 8,2025-06-19T10:23:00,1,34,6,1,1,1,0,0,0,15,MEDIUM,0.28
REP-ONETAP-1162,,Typhoon,moderate,8.157521868599858,125.12573123345085,Barangay 5,2025-04-21T07:21:00,0,0,0,0,0,0,0,0,0,15,LOW,0.23
REP-CLUSTER-2421,Mudflow blocked purok entrance soil continuing to loosen,Landslide,critical,8.082573941763648,125.1570792149532,Linabo,2026-01-20T00:14:00,1,56,8,0,0,0,0,0,0,15,NONE,7.06
REP-ONETAP-1414,Flood - Barangay 5,Flood,moderate,8.15428671824978,125.12836772340913,Barangay 5,2025-11-04T23:38:00,0,18,4,0,0,0,0,0,0,15,HIGH,0.27
REP-FA-2220,fake report test only,Typhoon,low,8.150635473909826,125.13551627354651,Barangay 7,2025-04-03T13:58:00,1,21,4,0,0,1,1,1,0,15,HIGH,0.57
REP-EXT-0544,Landslide blocking the road,Landslide,high,8.153308,125.129186,Sumpong,2016-10-17T00:00:00,1,27,4,0,0,0,0,0,1,26,MEDIUM,0.24
REP-TEXT-1761,Intense earthquake caused severe structural failure in commercial building,Earthquake,high,8.157016536563612,125.1230730607966,Barangay 10,2025-08-09T09:38:00,1,74,9,1,1,0,0,0,1,29,MEDIUM,0.23
REP-FA-2217,test emergency alert system please ignore,Landslide,low,8.157559628625746,125.12956429866523,Barangay 6,2025-08-15T11:45:00,1,41,6,0,0,1,1,1,0,15,HIGH,0.15
REP-EXT-0495,Water rising quickly near our house,Flood,moderate,8.15285,125.129023,Sumpong,2018-02-03T00:00:00,1,35,6,0,0,0,0,0,0,22,MEDIUM,0.21
REP-EXT-0366,Buildings shaking for several seconds,Earthquake,high,8.155273,125.133726,San Jose,2022-04-27T00:00:00,1,37,5,0,0,0,0,0,1,29,HIGH,0.16
REP-FA-2259,sample test report for capstone evaluation,Earthquake,low,8.16319261222915,125.12438786753422,Barangay 2,2025-12-13T05:11:00,1,42,6,0,0,1,1,1,0,15,MEDIUM,0.68
REP-TEXT-1551,"Fire breaking out in commercial store, smoke filling area",Fire,high,8.157170837706945,125.12466155187417,Barangay 10,2025-09-04T10:15:00,1,57,9,0,0,0,0,0,1,25,LOW,0.35
REP-EXT-0274,River overflow causing flooding in the area,Flood,high,8.157575,125.125184,Barangay 10,2015-09-29T00:00:00,1,43,7,0,0,0,0,0,1,32,LOW,0.29
REP-EXT-0789,Floodwater already waist deep,Flood,moderate,8.158903,125.120653,Bangcud,2018-11-05T00:00:00,1,29,4,0,0,0,0,0,0,23,MEDIUM,0.12
REP-EXT-0072,Flood entering homes after heavy rain,Flood,high,8.156885,125.128208,Malaybalay Proper,2016-10-22T00:00:00,1,37,6,0,0,0,0,0,1,27,HIGH,0.04
REP-ONETAP-1243,,Typhoon,high,8.155494263761538,125.12952192428024,Barangay 6,2026-02-01T08:45:00,0,0,0,0,0,0,0,0,0,15,HIGH,0.18
REP-TEXT-1812,Noticeable tremor felt by people indoors doors rattling,Earthquake,moderate,8.157456626788026,125.12908006835947,Barangay 6,2025-08-20T14:25:00,1,55,8,0,0,0,0,0,0,15,HIGH,0.11
REP-EXT-0064,Soil and rocks falling from hillside,Landslide,high,8.154636,125.133379,San Jose,2024-08-22T00:00:00,1,36,6,0,0,0,0,0,1,28,HIGH,0.15
REP-EXT-0395,Market stall caught fire,Fire,high,8.162878,125.127285,Casisang,2024-07-23T00:00:00,1,24,4,0,0,0,0,0,1,25,LOW,0.6
REP-ONETAP-1205,,Landslide,moderate,8.072848570283504,125.14109892472521,Simaya,2025-12-29T02:19:00,0,0,0,0,0,0,0,0,0,15,NONE,7.49
REP-EXT-0344,Landslide damaged farm area,Landslide,high,8.159123,125.127065,Casisang,2023-06-14T00:00:00,1,27,4,0,0,0,0,0,1,29,LOW,0.2
REP-ONETAP-1375,Flood - Barangay 11,Flood,critical,8.158787819503665,125.13056283599734,Barangay 11,2026-01-15T07:33:00,0,19,4,0,0,0,0,0,1,27,HIGH,0.32
REP-ONETAP-1381,Earthquake - Kalasungay,Earthquake,moderate,8.174355264034286,125.11268539244001,Kalasungay,2025-11-13T05:52:00,0,23,3,0,0,0,0,0,0,15,NONE,2.05
REP-EXT-0501,Strong earthquake alarmed residents,Earthquake,moderate,8.156549,125.120175,Bangcud,2024-02-10T00:00:00,1,35,4,0,0,0,0,0,1,26,MEDIUM,0.2
REP-TEXT-1673,Floodwaters entering homes rapidly after heavy downpour,Flood,high,8.153466077168133,125.12974030031661,San Jose,2025-07-27T19:36:00,1,55,7,1,1,0,0,0,1,32,MEDIUM,0.23
REP-EXT-0678,Minor tremor felt in the barangay,Earthquake,moderate,8.158861,125.12794,Barangay 11,2016-05-25T00:00:00,1,33,6,0,0,1,0,0,1,26,LOW,0.15
REP-ONETAP-1028,,Landslide,moderate,8.153542459486172,125.12988158488537,San Jose,2025-07-30T14:55:00,0,0,0,0,0,0,0,0,1,28,MEDIUM,0.23
REP-TEXT-1887,Steep mountain slide swept away structures active soil movement,Landslide,moderate,8.18444043182722,125.1508525682545,Canayan,2025-04-14T00:39:00,1,63,9,0,0,0,0,0,0,15,NONE,3.82
REP-CLUSTER-2466,Strong ground motion caused ceiling damage and deep wall cracks,Earthquake,critical,8.150289235504598,125.1300322124477,Barangay 7,2025-06-10T12:36:00,1,63,10,0,0,0,0,0,0,15,MEDIUM,0.14
REP-EXT-0273,River overflow causing flooding in the area,Flood,high,8.157681,125.130808,Barangay 11,2018-04-29T00:00:00,1,43,7,0,0,0,0,0,1,27,HIGH,0.28
REP-CLUSTER-2474,Floodwater already waist deep entering living rooms,Flood,critical,8.147654790925857,125.11759820355451,Aglayan,2025-10-08T12:21:00,1,51,7,0,0,0,0,0,0,18,MEDIUM,0.07
REP-EXT-0206,Road blocked due to floodwater,Flood,moderate,8.150393,125.129116,Sumpong,2019-08-06T00:00:00,1,30,5,0,0,0,0,0,0,22,MEDIUM,0.19
REP-EXT-0734,Strong earthquake alarmed residents,Earthquake,moderate,8.152583,125.129938,Sumpong,2018-06-13T00:00:00,1,35,4,0,0,0,0,0,0,23,MEDIUM,0.13
REP-EXT-0153,Road covered by landslide debris,Landslide,high,8.161694,125.125838,Casisang,2017-10-06T00:00:00,1,32,5,0,0,0,0,0,1,29,LOW,0.51
REP-CLUSTER-2371,Torrential floodwater chest deep currents strong rescue boat needed,Flood,critical,8.14683404085149,125.11776474185324,Aglayan,2025-04-30T08:41:00,1,67,9,0,0,0,0,0,0,18,MEDIUM,0.05
REP-EXT-0558,Fire spreading to nearby houses,Fire,high,8.158241,125.130616,Barangay 11,2015-06-19T00:00:00,1,31,5,1,1,0,0,0,1,26,HIGH,0.29
REP-EXT-0378,Road covered by landslide debris,Landslide,moderate,8.159085,125.129791,Malaybalay Proper,2016-08-19T00:00:00,1,32,5,0,0,0,0,0,0,21,LOW,0.28
REP-EXT-0536,Flood entering homes after heavy rain,Flood,moderate,8.161192,125.127146,Casisang,2016-11-21T00:00:00,1,37,6,0,0,0,0,0,0,18,LOW,0.42
REP-EXT-0974,Electrical short circuit started a fire,Fire,critical,8.155836,125.130363,Barangay 9,2017-06-04T00:00:00,1,39,6,0,0,0,0,0,1,25,HIGH,0.22
REP-ONETAP-1001,,Flood,moderate,8.079667986408994,125.15944930299857,Linabo,2026-01-13T03:43:00,0,0,0,0,0,0,0,0,0,15,NONE,7.47
REP-TEXT-1873,Huge mudslide continuing to move towards village emergency evacuation needed,Landslide,critical,8.157164889573087,125.1230813606524,Bangcud,2025-10-13T12:33:00,1,76,10,1,2,0,0,0,1,29,MEDIUM,0.23
REP-EXT-0199,Minor tremor felt in the barangay,Earthquake,moderate,8.148555,125.138912,Violeta,2016-07-06T00:00:00,1,33,6,0,0,1,0,0,1,32,HIGH,0.14
REP-EXT-0562,Soil and rocks falling from hillside,Landslide,moderate,8.157025,125.129765,Barangay 11,2024-07-04T00:00:00,1,36,6,0,0,0,0,0,0,16,HIGH,0.14
REP-EXT-0686,Floodwater already waist deep,Flood,moderate,8.147129,125.138673,Violeta,2024-06-16T00:00:00,1,29,4,0,0,0,0,0,0,13,HIGH,0.23
REP-ONETAP-1214,Earthquake - Canayan,Earthquake,moderate,8.19040663876119,125.15357007987065,Canayan,2025-09-15T16:26:00,0,20,3,0,0,0,0,0,0,15,NONE,4.54
REP-EXT-0591,Flood entering homes after heavy rain,Flood,moderate,8.159396,125.120989,Bangcud,2021-06-13T00:00:00,1,37,6,0,0,0,0,0,0,23,MEDIUM,0.16
REP-EXT-0520,Heavy rain triggered landslide near homes,Landslide,high,8.156835,125.119977,Bangcud,2017-10-19T00:00:00,1,41,6,0,0,0,0,0,1,29,MEDIUM,0.19
REP-EXT-0309,Smoke and flames seen in residential area,Fire,critical,8.155484,125.130618,San Jose,2023-08-27T00:00:00,1,41,7,0,0,0,0,0,1,29,HIGH,0.19
REP-EXT-0605,Electrical short circuit started a fire,Fire,high,8.145714,125.117164,Aglayan,2016-11-26T00:00:00,1,39,6,0,0,0,0,0,1,28,MEDIUM,0.19
REP-FA-2155,dummy alert testing gps coordinates,Landslide,low,8.149840111380025,125.11868855223618,Aglayan,2025-12-17T17:36:00,1,35,5,0,0,1,1,1,0,23,MEDIUM,0.3
REP-FA-2260,testing the app and button response,Landslide,low,8.143819700077684,125.13583665586245,Violeta,2025-11-13T07:07:00,1,35,6,0,0,1,1,1,1,30,HIGH,0.71
REP-EXT-0060,Buildings shaking for several seconds,Earthquake,moderate,8.156803,125.127902,Malaybalay Proper,2024-10-16T00:00:00,1,37,5,0,0,0,0,0,0,24,HIGH,0.07
REP-EXT-0584,Electrical short circuit started a fire,Fire,critical,8.155534,125.131733,San Jose,2015-01-07T00:00:00,1,39,6,0,0,0,0,0,1,29,HIGH,0.06
REP-EXT-0860,Road blocked due to floodwater,Flood,moderate,8.162533,125.126192,Casisang,2017-01-28T00:00:00,1,30,5,0,0,0,0,0,0,18,LOW,0.59
REP-EXT-0208,Heavy rain triggered landslide near homes,Landslide,moderate,8.14573,125.116875,Aglayan,2019-07-14T00:00:00,1,41,6,0,0,0,0,0,0,23,MEDIUM,0.21
REP-TEXT-2018,Severe tropical storm heavy rain combined with damaging gusts,Typhoon,high,8.156290962761394,125.12862083780148,Barangay 11,2025-02-24T20:44:00,1,61,9,1,1,0,0,0,0,15,HIGH,0.05
REP-EXT-0870,Landslide damaged farm area,Landslide,high,8.150379,125.14147,Violeta,2024-07-31T00:00:00,1,27,4,0,0,0,0,0,1,30,HIGH,0.25
REP-EXT-0786,Soil and rocks falling from hillside,Landslide,high,8.156128,125.121001,Bangcud,2019-03-25T00:00:00,1,36,6,0,0,0,0,0,1,29,MEDIUM,0.21
REP-EXT-0907,Soil and rocks falling from hillside,Landslide,high,8.161631,125.127637,Casisang,2023-06-15T00:00:00,1,36,6,0,0,0,0,0,1,29,LOW,0.46
REP-CLUSTER-2428,Large rockslide crushed vehicles and blocked main highway completely,Landslide,critical,8.138596488946344,125.12653553207622,Casisang,2025-09-16T19:47:00,1,68,9,0,0,0,0,0,1,29,HIGH,0.08
REP-EXT-0793,Earthquake caused cracks in the wall,Earthquake,moderate,8.16089,125.125438,Casisang,2015-04-15T00:00:00,1,36,6,0,0,0,0,0,1,33,LOW,0.46
REP-EXT-0832,Floodwater already waist deep,Flood,high,8.156149,125.131333,San Jose,2015-02-24T00:00:00,1,29,4,0,0,0,0,0,1,32,HIGH,0.14
REP-EXT-0163,Flood entering homes after heavy rain,Flood,high,8.157568,125.127605,Malaybalay Proper,2015-03-11T00:00:00,1,37,6,0,0,0,0,0,1,27,LOW,0.02
REP-ONETAP-1308,Fire - Canayan,Fire,moderate,8.184938177155493,125.15334218430867,Canayan,2025-01-31T02:59:00,0,14,3,0,0,0,0,0,0,15,NONE,4.02
REP-EXT-0527,Earthquake caused cracks in the wall,Earthquake,high,8.154301,125.131351,San Jose,2021-06-27T00:00:00,1,36,6,0,0,0,0,0,1,29,HIGH,0.16
REP-TEXT-1577,Overheated electrical transformer sparking and caught small fire,Fire,low,8.149636783664828,125.13286670192255,Barangay 8,2025-04-16T20:42:00,1,64,8,0,0,1,0,0,0,15,MEDIUM,0.34
REP-EXT-0257,Buildings shaking for several seconds,Earthquake,moderate,8.146936,125.118496,Aglayan,2016-07-03T00:00:00,1,37,5,0,0,0,0,0,1,30,MEDIUM,0.06
REP-EXT-0507,Strong earthquake alarmed residents,Earthquake,moderate,8.157647,125.126983,Barangay 10,2021-02-13T00:00:00,1,35,4,0,0,0,0,0,1,29,LOW,0.09
REP-TEXT-1957,Small gravel and soil fell from slope safely cleared,Landslide,low,8.071064954019278,125.14589137318792,Simaya,2025-07-26T04:54:00,1,52,9,0,0,1,0,0,0,15,NONE,7.81
REP-FA-2121,joke lang walang sunog testing lang,Earthquake,low,8.161624431344585,125.13276821996607,Barangay 11,2025-12-17T22:44:00,1,35,6,0,0,1,1,1,1,26,HIGH,0.69
REP-FA-2229,testing the app and button response,Earthquake,low,8.161237342718612,125.1280351360687,Barangay 10,2025-07-08T16:12:00,1,35,6,0,0,1,1,1,1,29,LOW,0.42
REP-FA-2165,drill simulation drill only do not dispatch,Landslide,low,8.156648278735542,125.12883334305357,Barangay 6,2025-09-12T20:54:00,1,43,7,0,0,1,1,1,0,15,HIGH,0.04
REP-EXT-0863,House on fire please send help,Fire,critical,8.147383,125.139587,Violeta,2018-04-15T00:00:00,1,30,6,0,0,0,0,0,1,27,HIGH,0.14
REP-TEXT-1676,Main drainage backed up causing severe street flooding,Flood,high,8.159156928562084,125.12656362544104,Barangay 3,2025-04-04T19:42:00,1,54,8,1,1,0,0,0,0,15,LOW,0.23
REP-EXT-0021,Minor tremor felt in the barangay,Earthquake,moderate,8.156228,125.130391,Barangay 11,2023-12-26T00:00:00,1,33,6,0,0,1,0,0,1,26,HIGH,0.21
REP-ONETAP-1405,,Earthquake,moderate,8.080811193026259,125.16024654021558,Linabo,2025-07-04T08:05:00,0,0,0,0,0,0,0,0,0,15,NONE,7.4
REP-EXT-0440,Water rising quickly near our house,Flood,high,8.155542,125.125815,Malaybalay Proper,2021-05-22T00:00:00,1,35,6,0,0,0,0,0,1,27,LOW,0.31
REP-ONETAP-1088,,Fire,high,8.156277363299601,125.12759559533221,Barangay 4,2025-08-08T21:23:00,0,0,0,0,0,0,0,0,0,15,HIGH,0.11
REP-EXT-0382,Minor tremor felt in the barangay,Earthquake,moderate,8.155552,125.130757,San Jose,2017-02-12T00:00:00,1,33,6,0,0,1,0,0,1,29,HIGH,0.17
REP-FA-2109,sample test report for capstone evaluation,Typhoon,low,8.152877837907019,125.12724613130005,Barangay 5,2025-02-03T18:48:00,1,42,6,0,0,1,1,1,0,15,MEDIUM,0.38
REP-ONETAP-1262,Landslide - Barangay 5,Landslide,moderate,8.153380869915363,125.12624127202982,Barangay 5,2025-08-03T07:55:00,0,22,4,0,0,0,0,0,0,15,HIGH,0.44
REP-EXT-0539,Heavy rain triggered landslide near homes,Landslide,high,8.160649,125.127007,Casisang,2021-02-02T00:00:00,1,41,6,0,0,0,0,0,1,29,LOW,0.36
REP-EXT-0882,Strong shaking felt in our area,Earthquake,moderate,8.149687,125.129067,Sumpong,2023-04-13T00:00:00,1,31,6,0,0,0,0,0,0,23,MEDIUM,0.25
REP-EXT-0903,Floodwater already waist deep,Flood,moderate,8.148142,125.140608,Violeta,2018-05-27T00:00:00,1,29,4,0,0,0,0,0,0,13,HIGH,0.06
REP-EXT-0084,Earthquake caused cracks in the wall,Earthquake,moderate,8.158587,125.129603,Barangay 11,2024-12-19T00:00:00,1,36,6,0,0,0,0,0,1,26,LOW,0.23
REP-FA-2104,prank call fake alarm haha,Typhoon,low,8.159770633881655,125.12577623698469,Bangcud,2025-04-10T15:20:00,1,26,5,0,0,1,1,1,0,15,LOW,0.34
REP-ONETAP-1201,,Flood,moderate,8.16079431348656,125.12700597479214,Barangay 11,2025-12-29T14:28:00,0,0,0,0,0,0,0,0,1,27,LOW,0.38
REP-ONETAP-1310,,Landslide,moderate,8.141757139591485,125.12649487771311,Casisang,2025-12-16T21:55:00,0,0,0,0,0,0,0,0,1,29,HIGH,0.34
REP-ONETAP-1227,,Fire,moderate,8.081321287929164,125.15723981432261,Linabo,2025-02-04T11:15:00,0,0,0,0,0,0,0,0,0,15,NONE,7.2
REP-FA-2131,testing the app and button response,Fire,low,8.152132814960648,125.12651645805445,Barangay 9,2026-02-05T03:58:00,1,35,6,0,0,1,1,1,1,25,MEDIUM,0.43
REP-TEXT-1750,Severe seismic shaking cracked bridge collapsed school wall,Earthquake,critical,8.154035283720319,125.12532407451246,Barangay 9,2025-02-02T15:35:00,1,59,8,1,2,0,0,0,0,24,HIGH,0.46
REP-EXT-0271,Fire spreading to nearby houses,Fire,high,8.156586,125.128454,Barangay 11,2023-01-22T00:00:00,1,31,5,1,1,0,0,0,1,26,HIGH,0.01
REP-ONETAP-1272,Typhoon - Kalasungay,Typhoon,moderate,8.173911180190556,125.11435772752719,Kalasungay,2025-06-03T18:21:00,0,20,3,0,0,0,0,0,0,15,NONE,1.92
REP-ONETAP-1260,Earthquake - Kalasungay,Earthquake,moderate,8.172862012146977,125.11716891046099,Kalasungay,2025-06-26T12:08:00,0,23,3,0,0,0,0,0,0,15,NONE,1.71
REP-TEXT-2061,Moderate storm winds blowing loose signs and tarpaulins,Typhoon,high,8.150389606279031,125.12684062064992,Barangay 7,2025-01-23T01:30:00,1,55,8,0,0,0,0,0,0,15,MEDIUM,0.41
REP-FA-2264,lol this is just a prank fire,Fire,low,8.157736102280206,125.12261969437206,Barangay 4,2025-11-19T03:55:00,1,29,7,0,0,1,1,1,0,15,MEDIUM,0.16
REP-TEXT-1600,Minor burning of garbage contained in metal drum,Fire,low,8.140162033430135,125.12479921933812,Casisang,2026-01-20T05:18:00,1,48,8,1,1,2,0,0,1,25,HIGH,0.3
REP-TEXT-1961,Small gravel and soil fell from slope safely cleared,Landslide,low,8.155954146589352,125.12254501847694,Barangay 3,2025-07-15T12:24:00,1,52,9,0,0,1,0,0,0,15,MEDIUM,0.27
REP-ONETAP-1030,,Landslide,moderate,8.152991938003522,125.12534125345064,Barangay 4,2025-04-04T08:29:00,0,0,0,0,0,0,0,0,0,15,HIGH,0.54
REP-EXT-0430,Buildings shaking for several seconds,Earthquake,high,8.158528,125.130536,Barangay 11,2017-09-08T00:00:00,1,37,5,0,0,0,0,0,1,26,HIGH,0.3
REP-TEXT-2005,Catastrophic typhoon damage roofs blown away people injured,Typhoon,high,8.077216847602271,125.14106239201953,Simaya,2025-06-20T01:16:00,1,59,8,1,1,0,0,0,0,15,NONE,7.02
REP-FA-2194,sample test report for capstone evaluation,Typhoon,low,8.155318563465839,125.1250211594201,Barangay 3,2025-08-21T22:01:00,1,42,6,0,0,1,1,1,0,15,LOW,0.39
REP-FA-2205,test emergency alert system please ignore,Flood,low,8.071893631698066,125.13880369871917,Simaya,2025-05-29T08:15:00,1,41,6,0,0,1,1,1,0,15,NONE,7.55
REP-EXT-0459,Heavy rain triggered landslide near homes,Landslide,high,8.16092,125.124943,Casisang,2024-11-20T00:00:00,1,41,6,0,0,0,0,0,1,29,LOW,0.49
REP-EXT-0079,Strong shaking felt in our area,Earthquake,high,8.150313,125.140868,Violeta,2023-08-15T00:00:00,1,31,6,0,0,0,0,0,1,32,HIGH,0.21
REP-CLUSTER-2430,Dam overflowing sudden massive surge of water entering all homes,Flood,critical,8.157317716644801,125.12484306499809,Barangay 3,2026-01-08T05:16:00,1,64,10,1,1,0,0,0,0,15,LOW,0.33
REP-FA-2133,sample test report for capstone evaluation,Earthquake,low,8.162718449795051,125.04078791605083,Cabangahan,2025-03-24T16:49:00,1,42,6,0,0,1,1,1,0,15,HIGH,0.7
REP-EXT-0033,Soil and rocks falling from hillside,Landslide,moderate,8.148628,125.118353,Aglayan,2020-07-10T00:00:00,1,36,6,0,0,0,0,0,0,23,MEDIUM,0.16
REP-FA-2125,prank call fake alarm haha,Fire,low,8.159625471275383,125.12982264888258,Malaybalay Proper,2025-08-24T02:07:00,1,26,5,0,0,1,1,1,0,22,LOW,0.32
REP-ONETAP-1350,,Flood,moderate,8.158401288833884,125.12820330116855,Barangay 9,2025-07-12T13:11:00,0,0,0,0,0,0,0,0,0,19,LOW,0.11
REP-FA-2244,test emergency alert system please ignore,Flood,low,8.158408020832532,125.13215968223035,Barangay 1,2025-04-18T15:41:00,1,41,6,0,0,1,1,1,0,15,HIGH,0.33
REP-EXT-0381,Road covered by landslide debris,Landslide,high,8.147312,125.139437,Violeta,2023-08-15T00:00:00,1,32,5,0,0,0,0,0,1,30,HIGH,0.16
REP-EXT-0227,Market stall caught fire,Fire,critical,8.157378,125.132331,San Jose,2018-11-27T00:00:00,1,24,4,0,0,0,0,0,1,29,HIGH,0.22
REP-TEXT-1995,Category 4 winds tearing apart structures flying debris dangerous,Typhoon,high,8.140674507646077,125.12790979432884,Casisang,2025-04-10T16:21:00,1,65,9,1,1,0,0,0,0,15,HIGH,0.22
REP-ONETAP-1193,Flood - Violeta,Flood,moderate,8.14929934800181,125.14038362892462,Violeta,2025-06-28T11:46:00,0,15,3,0,0,0,0,0,0,13,HIGH,0.09
REP-EXT-0716,River overflow causing flooding in the area,Flood,high,8.158944,125.127514,Barangay 11,2023-03-10T00:00:00,1,43,7,0,0,0,0,0,1,27,LOW,0.16
REP-TEXT-1763,Intense earthquake caused severe structural failure in commercial building,Earthquake,high,8.158457296547923,125.13179685093134,San Jose,2025-05-08T05:45:00,1,74,9,1,1,0,0,0,1,29,HIGH,0.34
REP-EXT-0687,Earthquake caused cracks in the wall,Earthquake,moderate,8.160743,125.12446,Casisang,2016-03-04T00:00:00,1,36,6,0,0,0,0,0,1,33,MEDIUM,0.47
REP-FA-2132,sample test report for capstone evaluation,Flood,low,8.172054011865526,125.11901174867153,Kalasungay,2025-01-15T02:09:00,1,42,6,0,0,1,1,1,0,15,NONE,1.58
REP-CLUSTER-2485,Mudflow blocked purok entrance soil continuing to loosen,Landslide,critical,8.1479498700801,125.14037370098193,Violeta,2025-12-22T23:06:00,1,56,8,0,0,0,0,0,1,30,HIGH,0.06
REP-EXT-0306,Fire spreading to nearby houses,Fire,high,8.159877,125.121312,Bangcud,2018-05-02T00:00:00,1,31,5,1,1,0,0,0,1,26,MEDIUM,0.21
REP-EXT-0210,Landslide damaged farm area,Landslide,high,8.15073,125.12896,Sumpong,2019-07-02T00:00:00,1,27,4,0,0,0,0,0,1,26,MEDIUM,0.18
REP-FA-2154,lol this is just a prank fire,Landslide,low,8.16104700229064,125.1236414424398,Barangay 10,2025-06-09T22:24:00,1,29,7,0,0,1,1,1,0,22,MEDIUM,0.43
REP-TEXT-1671,Floodwaters entering homes rapidly after heavy downpour,Flood,high,8.150845154650682,125.12778789209082,Barangay 4,2025-03-24T04:40:00,1,55,7,1,1,0,0,0,0,15,MEDIUM,0.3
REP-CLUSTER-2478,Floodwaters entering homes rapidly after heavy downpour,Flood,critical,8.155683767481086,125.12746488343613,Barangay 5,2025-04-22T23:12:00,1,55,7,1,1,0,0,0,0,15,HIGH,0.16
REP-ONETAP-1072,,Earthquake,moderate,8.149847584681504,125.1302649001232,Barangay 8,2025-06-21T10:57:00,0,0,0,0,0,0,0,0,0,15,MEDIUM,0.18
REP-TEXT-1935,Slope erosion noticed near drainage ditch,Landslide,moderate,8.156268797114718,125.12368895664372,Barangay 10,2025-07-20T05:45:00,1,41,6,0,0,0,0,0,0,22,MEDIUM,0.33
REP-ONETAP-1138,,Earthquake,moderate,8.158775945812064,125.13077686079097,Barangay 1,2025-08-09T04:15:00,0,0,0,0,0,0,0,0,0,15,HIGH,0.34
REP-TEXT-2008,Catastrophic typhoon damage roofs blown away people injured,Typhoon,high,8.155436458355691,125.12735098080282,Barangay 6,2026-01-29T13:13:00,1,59,8,1,1,0,0,0,0,15,HIGH,0.19
REP-EXT-0938,Minor tremor felt in the barangay,Earthquake,moderate,8.14852,125.117637,Aglayan,2022-03-11T00:00:00,1,33,6,0,0,1,0,0,1,30,MEDIUM,0.15
REP-EXT-0192,Strong shaking felt in our area,Earthquake,moderate,8.152749,125.132361,Sumpong,2024-10-31T00:00:00,1,31,6,0,0,0,0,0,0,23,MEDIUM,0.26
REP-ONETAP-1212,,Typhoon,moderate,8.076317514042744,125.14481753162045,Simaya,2026-01-19T14:14:00,0,0,0,0,0,0,0,0,0,15,NONE,7.21
REP-ONETAP-1076,Landslide - Sumpong,Landslide,moderate,8.153620687703414,125.13312058203081,Sumpong,2026-01-12T17:51:00,0,19,3,0,0,0,0,0,1,26,HIGH,0.22
REP-CLUSTER-2457,Strong tremor caused building facade collapse road cracked open,Earthquake,critical,8.115810405524082,125.16546855548599,Santo Niño,2025-04-10T22:09:00,1,63,9,1,1,0,0,0,0,15,NONE,4.58
REP-EXT-0484,Earthquake caused cracks in the wall,Earthquake,moderate,8.161726,125.125548,Casisang,2019-06-28T00:00:00,1,36,6,0,0,0,0,0,1,33,LOW,0.53
REP-CLUSTER-2384,Strong tremor caused building facade collapse road cracked open,Earthquake,critical,8.157272867682403,125.12774955530924,Malaybalay Proper,2025-08-20T20:57:00,1,63,9,1,1,0,0,0,0,24,LOW,0.03
REP-TEXT-1605,Small grass fire controlled with garden hose,Fire,low,8.178806581776449,125.11350123184715,Kalasungay,2025-10-10T01:00:00,1,44,7,0,0,2,0,0,0,15,NONE,2.46
REP-EXT-0278,Market stall caught fire,Fire,high,8.158191,125.126846,Barangay 9,2022-01-08T00:00:00,1,24,4,0,0,0,0,0,1,25,LOW,0.13
REP-TEXT-1509,Huge blaze engulfing commercial warehouse people trapped inside,Fire,critical,8.154367709816919,125.03431912353088,Cabangahan,2025-06-06T22:45:00,1,63,8,1,2,0,0,0,0,15,HIGH,0.49
REP-EXT-0222,Strong earthquake alarmed residents,Earthquake,moderate,8.156861,125.127716,Malaybalay Proper,2017-06-13T00:00:00,1,35,4,0,0,0,0,0,0,24,LOW,0.07
REP-ONETAP-1230,Fire - Aglayan,Fire,high,8.14799041508655,125.11986898609108,Aglayan,2025-08-23T01:18:00,0,14,3,0,0,0,0,0,1,28,MEDIUM,0.22
REP-EXT-0572,Strong shaking felt in our area,Earthquake,moderate,8.157566,125.128,Barangay 9,2023-05-01T00:00:00,1,31,6,0,0,0,0,0,0,24,LOW,0.02
REP-EXT-0412,Smoke and flames seen in residential area,Fire,critical,8.15457,125.130959,San Jose,2024-08-08T00:00:00,1,41,7,0,0,0,0,0,1,29,HIGH,0.17
REP-ONETAP-1314,,Fire,high,8.152424462166811,125.13215014367545,Barangay 7,2025-12-05T13:39:00,0,0,0,0,0,0,0,0,0,15,MEDIUM,0.22
REP-TEXT-1678,Main drainage backed up causing severe street flooding,Flood,high,8.15762776116112,125.12192476792745,Bangcud,2025-04-28T12:24:00,1,54,8,1,1,0,0,0,0,23,MEDIUM,0.09
REP-FA-2179,sample test report for capstone evaluation,Fire,low,8.15002233745008,125.11355327272858,Aglayan,2025-11-05T09:55:00,1,42,6,0,0,1,1,1,1,28,MEDIUM,0.58
REP-EXT-0586,Minor tremor felt in the barangay,Earthquake,moderate,8.159379,125.119822,Bangcud,2023-01-17T00:00:00,1,33,6,0,0,1,0,0,1,26,MEDIUM,0.22
REP-TEXT-1731,Puddle of rain water drying up slowly,Flood,moderate,8.17397847702295,125.11783460869792,Kalasungay,2025-05-24T14:11:00,1,37,7,0,0,0,0,0,0,15,NONE,1.81
REP-TEXT-2020,Severe tropical storm heavy rain combined with damaging gusts,Typhoon,high,8.155515715965029,125.11748558630903,Bangcud,2025-01-13T23:37:00,1,61,9,1,1,0,0,0,0,15,MEDIUM,0.49
REP-CLUSTER-2494,Strong tremor caused building facade collapse road cracked open,Earthquake,critical,8.157945332519871,125.13047203904385,Barangay 11,2025-10-03T16:13:00,1,63,9,1,1,0,0,0,1,26,HIGH,0.26
REP-TEXT-1564,Smoke and flames seen from vacant lot,Fire,high,8.158400606196192,125.13323960197202,Barangay 6,2026-01-08T04:30:00,1,37,7,0,0,0,0,0,0,15,HIGH,0.35
REP-EXT-0675,Market stall caught fire,Fire,high,8.153053,125.132216,Sumpong,2015-12-03T00:00:00,1,24,4,0,0,0,0,0,0,24,HIGH,0.26
REP-ONETAP-1178,Typhoon - Barangay 9,Typhoon,high,8.157144600025989,125.13034332822691,Barangay 9,2025-11-15T19:43:00,0,20,4,0,0,0,0,0,0,15,HIGH,0.21
REP-EXT-0856,Landslide damaged farm area,Landslide,high,8.161445,125.127326,Casisang,2019-04-29T00:00:00,1,27,4,0,0,0,0,0,1,29,LOW,0.44
REP-EXT-0448,Earthquake caused cracks in the wall,Earthquake,moderate,8.162294,125.124901,Casisang,2018-09-11T00:00:00,1,36,6,0,0,0,0,0,1,33,LOW,0.62
REP-TEXT-1906,Road covered by landslide debris heavy equipment needed to clear,Landslide,high,8.14821908507499,125.14257386042581,Violeta,2026-01-13T06:51:00,1,64,10,0,0,0,0,0,1,30,HIGH,0.26
REP-TEXT-1531,House fire with heavy black smoke visible from street,Fire,high,8.081616425828548,125.15567505894668,Linabo,2026-02-01T05:36:00,1,53,9,0,0,0,0,0,0,15,NONE,7.09
REP-EXT-0223,Floodwater already waist deep,Flood,moderate,8.150277,125.130481,Sumpong,2017-07-17T00:00:00,1,29,4,0,0,0,0,0,0,22,MEDIUM,0.14
REP-TEXT-1725,Small puddles formed in driveway no property threat,Flood,low,8.17739415934224,125.1148265606129,Kalasungay,2025-10-04T01:32:00,1,51,8,0,0,1,0,0,0,15,NONE,2.27
REP-FA-2226,joke lang walang sunog testing lang,Landslide,low,8.16201900188642,125.12661390929911,Malaybalay Proper,2025-04-02T07:49:00,1,35,6,0,0,1,1,1,0,21,LOW,0.52
REP-TEXT-1629,River overflowing rapidly sweeping away vehicles people stranded,Flood,high,8.15486918367193,125.12310426082915,Barangay 3,2025-11-19T12:27:00,1,64,8,1,1,0,0,0,0,15,MEDIUM,0.41
REP-TEXT-1557,Kitchen fire ignited wall spreading to second floor,Fire,high,8.158765632038731,125.12486711269675,Barangay 9,2025-03-12T21:41:00,1,51,8,1,1,0,0,0,1,25,LOW,0.35
REP-EXT-0970,Strong shaking felt in our area,Earthquake,high,8.156855,125.129707,Barangay 11,2024-10-24T00:00:00,1,31,6,0,0,0,0,0,1,26,HIGH,0.13
REP-EXT-0046,Market stall caught fire,Fire,critical,8.157329,125.130269,Barangay 9,2023-06-27T00:00:00,1,24,4,0,0,0,0,0,1,25,HIGH,0.21
REP-FA-2190,joke lang walang sunog testing lang,Earthquake,low,8.165597890999969,125.12792975568232,Barangay 1,2025-02-16T07:19:00,1,35,6,0,0,1,1,1,0,15,LOW,0.9
REP-CLUSTER-2365,Flash flood water rising to second floor residents trapped on roofs,Flood,critical,8.148248532183448,125.14023778473234,Violeta,2025-12-31T11:33:00,1,67,11,1,1,0,0,0,0,13,HIGH,0.03
REP-EXT-0295,Heavy rain triggered landslide near homes,Landslide,high,8.162249,125.125058,Casisang,2017-07-01T00:00:00,1,41,6,0,0,0,0,0,1,29,LOW,0.61
REP-ONETAP-1160,,Fire,moderate,8.159910177274549,125.12866896085852,Malaybalay Proper,2025-04-08T03:54:00,0,0,0,0,0,0,0,0,0,22,LOW,0.28
REP-EXT-0589,Electrical short circuit started a fire,Fire,high,8.150674,125.131493,Sumpong,2020-09-28T00:00:00,1,39,6,0,0,0,0,0,0,24,MEDIUM,0.15
REP-TEXT-2054,Tropical depression bringing steady rainfall and breezy conditions,Typhoon,high,8.156687130697202,125.11745675676418,Bangcud,2025-10-19T01:17:00,1,66,8,0,0,0,0,0,0,15,MEDIUM,0.44
REP-EXT-0258,Floodwater already waist deep,Flood,high,8.158772,125.125277,Barangay 10,2018-02-17T00:00:00,1,29,4,0,0,0,0,0,1,32,LOW,0.31
REP-TEXT-2064,Moderate storm winds blowing loose signs and tarpaulins,Typhoon,high,8.15592409194011,125.12166789573152,Bangcud,2025-01-07T22:46:00,1,55,8,0,0,0,0,0,0,15,MEDIUM,0.24
REP-CLUSTER-2467,River overflowing rapidly sweeping away vehicles people stranded,Flood,critical,8.15730335698293,125.03542376987323,Cabangahan,2025-08-05T10:49:00,1,64,8,1,1,0,0,0,0,15,HIGH,0.15
REP-EXT-0927,Electrical short circuit started a fire,Fire,high,8.157814,125.122674,Bangcud,2023-08-26T00:00:00,1,39,6,0,0,0,0,0,1,26,MEDIUM,0.16
REP-FA-2119,joke lang walang sunog testing lang,Fire,low,8.15676247135044,125.13685156358748,San Jose,2025-05-30T16:40:00,1,35,6,0,0,1,1,1,1,29,HIGH,0.52
REP-FA-2298,prank call fake alarm haha,Typhoon,low,8.156552162865498,125.03929811621195,Cabangahan,2025-07-18T07:57:00,1,26,5,0,0,1,1,1,0,15,HIGH,0.38
REP-EXT-0437,Road covered by landslide debris,Landslide,moderate,8.148243,125.118938,Aglayan,2017-10-03T00:00:00,1,32,5,0,0,0,0,0,0,23,MEDIUM,0.16
REP-EXT-0977,Smoke and flames seen in residential area,Fire,high,8.151434,125.131605,Sumpong,2022-04-17T00:00:00,1,41,7,0,0,0,0,0,0,24,MEDIUM,0.13
REP-TEXT-2037,Dangerous wind gusts breaking tree branches and smashing windows,Typhoon,high,8.161295321135745,125.12512977793774,Barangay 2,2026-01-31T15:44:00,1,64,9,1,1,0,0,0,0,15,LOW,0.51
REP-EXT-0394,Buildings shaking for several seconds,Earthquake,moderate,8.158788,125.125963,Barangay 10,2018-10-02T00:00:00,1,37,5,0,0,0,0,0,1,29,LOW,0.25
REP-EXT-0426,Soil and rocks falling from hillside,Landslide,high,8.1499,125.14067,Violeta,2019-01-11T00:00:00,1,36,6,0,0,0,0,0,1,30,HIGH,0.16
REP-EXT-0535,Smoke and flames seen in residential area,Fire,high,8.15853,125.128418,Barangay 11,2019-12-29T00:00:00,1,41,7,0,0,0,0,0,1,26,LOW,0.13
REP-EXT-0031,Road covered by landslide debris,Landslide,high,8.162735,125.12684,Casisang,2022-11-05T00:00:00,1,32,5,0,0,0,0,0,1,29,LOW,0.59
REP-TEXT-1643,Dam overflowing sudden massive surge of water entering all homes,Flood,critical,8.071785619211042,125.14380471405867,Simaya,2025-09-07T10:22:00,1,64,10,1,1,0,0,0,0,15,NONE,7.67
REP-TEXT-2082,Overcast skies and light drizzle no strong winds,Typhoon,high,8.154130494564079,125.13216605204086,Barangay 9,2025-02-09T03:10:00,1,48,8,0,0,0,0,0,0,15,HIGH,0.14
REP-ONETAP-1147,Flood - Simaya,Flood,moderate,8.07653346394245,125.14360482464697,Simaya,2025-11-18T20:02:00,0,14,3,0,0,0,0,0,0,15,NONE,7.16
REP-EXT-0747,Road blocked due to floodwater,Flood,high,8.156752,125.130183,Barangay 11,2023-05-11T00:00:00,1,30,5,0,0,0,0,0,1,27,HIGH,0.19
REP-TEXT-1751,Severe seismic shaking cracked bridge collapsed school wall,Earthquake,critical,8.154430603505752,125.12336746964436,Bangcud,2025-09-26T02:06:00,1,59,8,1,2,0,0,0,1,26,MEDIUM,0.46
REP-TEXT-1985,Violent super typhoon winds ripping off roofs trees falling on houses,Typhoon,high,8.155679348110008,125.12989497605129,Barangay 5,2025-01-17T10:05:00,1,69,11,0,0,0,0,0,0,15,HIGH,0.19
REP-ONETAP-1269,Earthquake - Barangay 4,Earthquake,moderate,8.152271980344135,125.12478008891615,Barangay 4,2025-06-23T17:23:00,0,23,4,0,0,0,0,0,0,15,MEDIUM,0.62
REP-CLUSTER-2343,Catastrophic slope failure covered residential road casualties feared,Landslide,critical,8.082875169704494,125.15856585827508,Linabo,2025-06-18T18:12:00,1,69,8,1,1,0,0,0,0,15,NONE,7.11
REP-TEXT-1719,Slight water buildup on roadside drainage working fine,Flood,moderate,8.155497332312754,125.13138343252193,Barangay 11,2025-05-16T06:14:00,1,54,8,0,0,1,0,0,1,27,HIGH,0.1
REP-FA-2213,lol this is just a prank fire,Fire,low,8.151817957340212,125.12846842056165,San Jose,2025-09-13T08:47:00,1,29,7,0,0,1,1,1,1,29,MEDIUM,0.22
REP-ONETAP-1413,,Landslide,moderate,8.152340078849456,125.12493894333495,Barangay 4,2025-08-08T10:50:00,0,0,0,0,0,0,0,0,0,15,MEDIUM,0.61
REP-TEXT-1712,Minor street puddle after light shower subsiding quickly,Flood,low,8.146446186051218,125.13891728610761,Violeta,2026-02-02T14:43:00,1,56,8,0,0,2,0,0,0,13,HIGH,0.27
REP-TEXT-2013,Strong typhoon winds blowing off tin roofs and toppling electric posts,Typhoon,high,8.146688461339707,125.12075239322947,Aglayan,2026-02-04T02:34:00,1,70,11,0,0,0,0,0,0,15,MEDIUM,0.31
REP-EXT-0345,Heavy rain triggered landslide near homes,Landslide,high,8.152602,125.131549,Sumpong,2021-06-02T00:00:00,1,41,6,0,0,0,0,0,1,26,MEDIUM,0.18
REP-EXT-0557,Strong earthquake alarmed residents,Earthquake,moderate,8.159513,125.125065,Casisang,2022-12-10T00:00:00,1,35,4,0,0,0,0,0,1,33,LOW,0.38
REP-ONETAP-1424,,Flood,moderate,8.158196477473155,125.1279483141634,Barangay 10,2025-12-29T04:44:00,0,0,0,0,0,0,0,0,1,32,LOW,0.08
REP-ONETAP-1038,Typhoon - Kalasungay,Typhoon,moderate,8.172238449973735,125.11249190043297,Kalasungay,2025-06-11T08:13:00,0,20,3,0,0,0,0,0,0,15,NONE,1.85
REP-EXT-0681,Earthquake caused cracks in the wall,Earthquake,high,8.150357,125.141065,Violeta,2022-05-22T00:00:00,1,36,6,0,0,0,0,0,1,32,HIGH,0.23
REP-FA-2230,fake report test only,Earthquake,low,8.146654424149201,125.11688089526268,Aglayan,2025-11-04T13:05:00,1,21,4,0,0,1,1,1,1,30,MEDIUM,0.14
REP-ONETAP-1107,Typhoon - Bangcud,Typhoon,high,8.160451026265742,125.1199841187951,Bangcud,2025-06-06T18:39:00,0,17,3,0,0,0,0,0,0,15,MEDIUM,0.3
REP-EXT-0571,Road covered by landslide debris,Landslide,moderate,8.157206,125.130351,Barangay 11,2024-06-04T00:00:00,1,32,5,0,0,0,0,0,0,16,HIGH,0.21
REP-EXT-0353,Buildings shaking for several seconds,Earthquake,moderate,8.147695,125.119684,Aglayan,2021-05-13T00:00:00,1,37,5,0,0,0,0,0,1,30,MEDIUM,0.19
REP-EXT-0092,Fire spreading to nearby houses,Fire,high,8.15657,125.131688,San Jose,2022-05-14T00:00:00,1,31,5,1,1,0,0,0,1,29,HIGH,0.15
REP-ONETAP-1211,Flood - Santo Niño,Flood,moderate,8.116626586882386,125.16685426231784,Santo Niño,2025-01-23T13:23:00,0,18,4,0,0,0,0,0,0,15,NONE,4.6
REP-FA-2107,prank call fake alarm haha,Landslide,low,8.15337598630903,125.13007853356956,Malaybalay Proper,2025-08-15T09:10:00,1,26,5,0,0,1,1,1,0,21,MEDIUM,0.21
REP-ONETAP-1271,Flood - Barangay 11,Flood,moderate,8.159723795131166,125.12961599626199,Barangay 11,2025-09-21T04:20:00,0,19,4,0,0,0,0,0,1,27,LOW,0.32
REP-FA-2277,sample test report for capstone evaluation,Typhoon,low,8.15360974682432,125.12664280923283,Barangay 7,2025-07-19T23:46:00,1,42,6,0,0,1,1,1,0,15,HIGH,0.4
REP-EXT-0262,Flood entering homes after heavy rain,Flood,moderate,8.155503,125.128448,Barangay 9,2015-07-02T00:00:00,1,37,6,0,0,0,0,0,0,19,HIGH,0.13
REP-ONETAP-1463,,Flood,moderate,8.160490403961445,125.12968480860599,Barangay 1,2025-04-01T10:03:00,0,0,0,0,0,0,0,0,0,15,LOW,0.39
REP-EXT-0749,Strong shaking felt in our area,Earthquake,moderate,8.15829,125.12844,Barangay 9,2023-03-27T00:00:00,1,31,6,0,0,0,0,0,0,24,LOW,0.11
REP-ONETAP-1412,Landslide - Cabangahan,Landslide,moderate,8.156578332708541,125.03778961301825,Cabangahan,2025-08-15T06:05:00,0,22,3,0,0,0,0,0,0,15,HIGH,0.25
REP-TEXT-1766,Strong tremor caused building facade collapse road cracked open,Earthquake,high,8.158227856187134,125.12975925743203,San Jose,2025-05-29T03:40:00,1,63,9,1,1,0,0,0,1,29,HIGH,0.22
REP-CLUSTER-2438,Floodwater already waist deep entering living rooms,Flood,critical,8.074294734779809,125.14149482960406,Simaya,2025-03-01T02:41:00,1,51,7,0,0,0,0,0,0,15,NONE,7.34
REP-ONETAP-1384,,Flood,moderate,8.172827203791208,125.11430225977702,Kalasungay,2025-10-03T22:58:00,0,0,0,0,0,0,0,0,0,15,NONE,1.82
REP-ONETAP-1005,Earthquake - Barangay 11,Earthquake,moderate,8.155513261659118,125.12877956380382,Barangay 11,2025-11-06T08:51:00,0,24,4,0,0,0,0,0,1,26,HIGH,0.14
REP-EXT-0568,Landslide damaged farm area,Landslide,high,8.147534,125.140639,Violeta,2020-09-14T00:00:00,1,27,4,0,0,0,0,0,1,30,HIGH,0.12
REP-EXT-0323,House on fire please send help,Fire,high,8.159493,125.120251,Bangcud,2021-11-08T00:00:00,1,30,6,0,0,0,0,0,1,26,MEDIUM,0.2
REP-TEXT-1894,Heavy rain triggered landslide near homes blocking access road,Landslide,moderate,8.154563077586156,125.129192250902,Barangay 8,2025-08-02T05:10:00,1,62,9,0,0,0,0,0,0,15,HIGH,0.25
REP-TEXT-2084,Gentle rain without gusty winds,Typhoon,high,8.154831479664548,125.12425621895039,Barangay 4,2025-06-27T13:28:00,1,31,5,0,0,0,0,0,0,15,MEDIUM,0.49
REP-EXT-0349,Water rising quickly near our house,Flood,high,8.157353,125.128721,Malaybalay Proper,2016-06-08T00:00:00,1,35,6,0,0,0,0,0,1,27,HIGH,0.08
REP-ONETAP-1090,,Flood,moderate,8.084349450088832,125.15775843608562,Linabo,2026-01-11T16:41:00,0,0,0,0,0,0,0,0,0,15,NONE,6.93
REP-TEXT-1851,Brief mild rumble felt on second floor only,Earthquake,high,8.154396077574836,125.12756143491737,Barangay 11,2025-07-18T00:35:00,1,43,8,0,0,0,0,0,1,26,HIGH,0.28
REP-EXT-0301,Smoke and flames seen in residential area,Fire,high,8.146629,125.11718,Aglayan,2015-04-19T00:00:00,1,41,7,0,0,0,0,0,1,28,MEDIUM,0.11
REP-TEXT-1659,Heavy continuous rain caused river to overflow into streets,Flood,moderate,8.14836802732582,125.13907036431075,Violeta,2025-04-23T15:14:00,1,59,9,0,0,0,0,0,0,13,HIGH,0.13
REP-ONETAP-1317,,Typhoon,high,8.151460900647459,125.13860496910284,Violeta,2025-11-03T21:52:00,0,0,0,0,0,0,0,0,0,15,HIGH,0.37
REP-TEXT-2015,Strong typhoon winds blowing off tin roofs and toppling electric posts,Typhoon,high,8.115537951084095,125.16848033750007,Santo Niño,2025-07-03T10:43:00,1,70,11,0,0,0,0,0,0,15,NONE,4.81
REP-ONETAP-1011,,Fire,moderate,8.160030274804628,125.12520698872213,Barangay 2,2025-10-18T22:20:00,0,0,0,0,0,0,0,0,0,15,LOW,0.4
REP-EXT-0965,Minor tremor felt in the barangay,Earthquake,moderate,8.148284,125.139766,Violeta,2015-02-04T00:00:00,1,33,6,0,0,1,0,0,1,32,HIGH,0.05
REP-CLUSTER-2370,Large rockslide crushed vehicles and blocked main highway completely,Landslide,critical,8.14874225163961,125.14005220468715,Violeta,2025-07-29T11:51:00,1,68,9,0,0,0,0,0,1,30,HIGH,0.03
REP-CLUSTER-2356,Main drainage backed up causing severe street flooding,Flood,critical,8.137887809651723,125.12625937114655,Casisang,2025-03-31T07:56:00,1,54,8,1,1,0,0,0,0,18,HIGH,0.14
REP-ONETAP-1129,Earthquake - Barangay 5,Earthquake,moderate,8.15547928435826,125.1274060483133,Barangay 5,2025-10-06T12:29:00,0,23,4,0,0,0,0,0,0,15,HIGH,0.18
REP-EXT-0316,Water rising quickly near our house,Flood,high,8.158278,125.130667,Barangay 11,2022-07-24T00:00:00,1,35,6,0,0,0,0,0,1,27,HIGH,0.3
REP-TEXT-2070,Rainy weather with occasional strong gusts,Typhoon,high,8.154347475522204,125.13146324910706,Barangay 8,2025-01-17T09:27:00,1,42,6,0,0,0,0,0,0,15,HIGH,0.15
REP-EXT-0454,River overflow causing flooding in the area,Flood,high,8.15638,125.131281,Barangay 11,2018-04-16T00:00:00,1,43,7,0,0,0,0,0,1,27,HIGH,0.16
REP-EXT-0914,Electrical short circuit started a fire,Fire,high,8.150816,125.132029,Sumpong,2017-01-08T00:00:00,1,39,6,0,0,0,0,0,0,24,MEDIUM,0.19
REP-EXT-0602,Strong earthquake alarmed residents,Earthquake,moderate,8.156533,125.125907,Malaybalay Proper,2019-09-11T00:00:00,1,35,4,0,0,0,0,0,0,24,LOW,0.23
REP-EXT-0176,Soil and rocks falling from hillside,Landslide,moderate,8.147865,125.118425,Aglayan,2020-03-26T00:00:00,1,36,6,0,0,0,0,0,0,23,MEDIUM,0.09
REP-EXT-0901,Strong shaking felt in our area,Earthquake,moderate,8.146703,125.118955,Aglayan,2019-05-04T00:00:00,1,31,6,0,0,0,0,0,1,30,MEDIUM,0.12
REP-FA-2273,prank call fake alarm haha,Earthquake,low,8.117990707655277,125.16875813331603,Santo Niño,2025-07-25T21:44:00,1,26,5,0,0,1,1,1,0,15,NONE,4.63
REP-ONETAP-1299,Fire - Barangay 9,Fire,critical,8.157622100202422,125.12965661154254,Barangay 9,2025-08-27T09:10:00,0,17,4,0,0,0,0,0,1,25,HIGH,0.16
REP-EXT-0038,Soil and rocks falling from hillside,Landslide,moderate,8.157945,125.126085,Barangay 10,2022-10-09T00:00:00,1,36,6,0,0,0,0,0,0,22,LOW,0.2
REP-EXT-0975,House on fire please send help,Fire,critical,8.156663,125.128624,Barangay 9,2021-02-06T00:00:00,1,30,6,0,0,0,0,0,1,25,HIGH,0.01
REP-EXT-0124,Smoke and flames seen in residential area,Fire,high,8.153317,125.129934,Sumpong,2024-01-10T00:00:00,1,41,7,0,0,0,0,0,0,24,MEDIUM,0.21
REP-TEXT-1742,Major violent earthquake building collapsed people trapped under rubble,Earthquake,critical,8.158199949954435,125.0381922093181,Cabangahan,2025-02-10T12:39:00,1,71,9,1,2,0,0,0,0,15,HIGH,0.21
REP-CLUSTER-2419,Destructive ground shaking multiple structures damaged people injured,Earthquake,critical,8.151439532456985,125.13191984603313,Barangay 8,2025-06-01T06:09:00,1,69,8,1,1,0,0,0,0,15,MEDIUM,0.17
REP-EXT-0040,Market stall caught fire,Fire,high,8.152763,125.1323,Sumpong,2021-05-11T00:00:00,1,24,4,0,0,0,0,0,0,24,MEDIUM,0.25
REP-CLUSTER-2417,Dam overflowing sudden massive surge of water entering all homes,Flood,critical,8.187397823130821,125.1538220522827,Canayan,2025-10-28T22:00:00,1,64,10,1,1,0,0,0,0,15,NONE,4.27
REP-TEXT-2010,Catastrophic typhoon damage roofs blown away people injured,Typhoon,high,8.155126296927623,125.03288335602703,Cabangahan,2025-10-20T23:16:00,1,59,8,1,1,0,0,0,0,15,HIGH,0.52
REP-TEXT-1772,Strong earthquake alarmed residents cracked walls and shattered windows,Earthquake,moderate,8.152548370394145,125.13441315233385,Barangay 7,2025-01-29T08:49:00,1,71,9,0,0,0,0,0,0,15,HIGH,0.39
REP-TEXT-1966,Slight surface soil slippage on grassy bank,Landslide,moderate,8.141247532917014,125.13008122209645,Casisang,2025-12-23T19:59:00,1,43,7,0,0,1,0,0,1,29,HIGH,0.42
REP-ONETAP-1499,Fire - Aglayan,Fire,high,8.148756959771358,125.1202031338233,Aglayan,2025-03-23T02:19:00,0,14,3,0,0,0,0,0,1,28,MEDIUM,0.3
REP-EXT-0635,Smoke and flames seen in residential area,Fire,high,8.147032,125.117583,Aglayan,2020-04-21T00:00:00,1,41,7,0,0,0,0,0,1,28,MEDIUM,0.05
REP-TEXT-1967,Slight surface soil slippage on grassy bank,Landslide,moderate,8.154805633367493,125.12973837901679,San Jose,2025-09-18T13:35:00,1,43,7,0,0,1,0,0,1,28,HIGH,0.25
REP-EXT-0580,Floodwater already waist deep,Flood,high,8.156497,125.128791,Barangay 10,2019-08-26T00:00:00,1,29,4,0,0,0,0,0,1,32,HIGH,0.04
REP-TEXT-1536,House fire with heavy black smoke visible from street,Fire,high,8.157643329005047,125.1250329906718,Barangay 1,2026-01-11T07:14:00,1,53,9,0,0,0,0,0,0,15,LOW,0.3
REP-EXT-0893,Floodwater already waist deep,Flood,high,8.154147,125.130405,San Jose,2017-01-01T00:00:00,1,29,4,0,0,0,0,0,1,32,HIGH,0.25
REP-EXT-0781,Market stall caught fire,Fire,critical,8.148012,125.139538,Violeta,2021-06-08T00:00:00,1,24,4,0,0,0,0,0,1,27,HIGH,0.09
REP-EXT-0160,Landslide blocking the road,Landslide,high,8.152285,125.131731,Sumpong,2019-10-07T00:00:00,1,27,4,0,0,0,0,0,1,26,MEDIUM,0.17
REP-TEXT-1653,Floodwater already waist deep entering living rooms,Flood,moderate,8.155041075740408,125.12822029049472,Barangay 5,2025-01-19T17:16:00,1,51,7,0,0,0,0,0,0,15,HIGH,0.19
REP-ONETAP-1152,,Typhoon,moderate,8.07787965345669,125.14480361848379,Simaya,2025-07-22T00:16:00,0,0,0,0,0,0,0,0,0,15,NONE,7.05
REP-EXT-0062,Flood entering homes after heavy rain,Flood,moderate,8.156589,125.121545,Bangcud,2021-12-21T00:00:00,1,37,6,0,0,0,0,0,0,23,MEDIUM,0.16
REP-EXT-0850,Electrical short circuit started a fire,Fire,high,8.148753,125.118781,Aglayan,2015-03-19T00:00:00,1,39,6,0,0,0,0,0,1,28,MEDIUM,0.19
REP-TEXT-1545,Electrical fire spreading across building roof,Fire,high,8.151054514311568,125.12738876050396,Sumpong,2025-05-10T15:44:00,1,46,6,1,1,0,0,0,0,24,MEDIUM,0.34
REP-CLUSTER-2411,Soil and large boulders falling from hillside into road,Landslide,critical,8.150668654736009,125.13059012784271,Barangay 7,2025-04-29T06:06:00,1,55,9,0,0,0,0,0,0,15,MEDIUM,0.09
REP-ONETAP-1044,Earthquake - Barangay 4,Earthquake,moderate,8.155954500103887,125.12513268745865,Barangay 4,2026-01-03T10:13:00,0,23,4,0,0,0,0,0,0,15,LOW,0.34
REP-FA-2204,fake report test only,Flood,low,8.15824168157742,125.03260199331278,Cabangahan,2025-04-21T09:46:00,1,21,4,0,0,1,1,1,0,15,HIGH,0.41
REP-FA-2167,fake report test only,Fire,low,8.154546030195496,125.13164572290054,Sumpong,2025-02-18T18:21:00,1,21,4,0,0,1,1,1,0,24,HIGH,0.12
REP-EXT-0054,Electrical short circuit started a fire,Fire,critical,8.155743,125.126594,Barangay 9,2022-03-20T00:00:00,1,39,6,0,0,0,0,0,1,25,HIGH,0.24
REP-TEXT-1547,Electrical fire spreading across building roof,Fire,high,8.156066971651416,125.12530783877746,Barangay 9,2025-09-24T08:39:00,1,46,6,1,1,0,0,0,1,25,LOW,0.32
REP-EXT-0506,Road covered by landslide debris,Landslide,high,8.16075,125.127442,Casisang,2015-10-14T00:00:00,1,32,5,0,0,0,0,0,1,29,LOW,0.36
REP-EXT-0753,River overflow causing flooding in the area,Flood,high,8.158921,125.128439,Malaybalay Proper,2021-11-16T00:00:00,1,43,7,0,0,0,0,0,1,27,LOW,0.17
REP-ONETAP-1380,Typhoon - Barangay 4,Typhoon,high,8.153074120372715,125.12937581928475,Barangay 4,2025-06-10T19:24:00,0,20,4,0,0,0,0,0,0,15,MEDIUM,0.21
REP-ONETAP-1422,,Fire,critical,8.15724438901781,125.13030576548411,Barangay 11,2025-08-12T23:54:00,0,0,0,0,0,0,0,0,1,26,HIGH,0.21
REP-ONETAP-1392,,Fire,moderate,8.157898394056984,125.12489146186093,Barangay 2,2025-03-02T07:13:00,0,0,0,0,0,0,0,0,0,15,LOW,0.32
REP-CLUSTER-2375,Kitchen fire ignited wall spreading to second floor,Fire,critical,8.115479642011868,125.16582476506026,Santo Niño,2025-05-25T11:50:00,1,51,8,1,1,0,0,0,0,15,NONE,4.63
REP-FA-2284,lol this is just a prank fire,Typhoon,low,8.158869223739563,125.13015079232416,Barangay 10,2026-01-01T12:33:00,1,29,7,0,0,1,1,1,0,15,LOW,0.3
REP-EXT-0772,Floodwater already waist deep,Flood,moderate,8.14687,125.142036,Violeta,2016-04-07T00:00:00,1,29,4,0,0,0,0,0,0,13,HIGH,0.27
REP-CLUSTER-2339,Electrical fire spreading across building roof,Fire,critical,8.157954790266057,125.12658016747307,Barangay 2,2025-02-01T14:03:00,1,46,6,1,1,0,0,0,0,15,LOW,0.14
REP-FA-2235,dummy alert testing gps coordinates,Fire,low,8.153265325197378,125.12325094903657,Malaybalay Proper,2025-08-06T13:06:00,1,35,5,0,0,1,1,1,0,22,MEDIUM,0.57
REP-ONETAP-1194,,Flood,moderate,8.083890222034501,125.15641761309368,Linabo,2025-03-30T19:09:00,0,0,0,0,0,0,0,0,0,15,NONE,6.9
REP-ONETAP-1190,Fire - Linabo,Fire,moderate,8.081506163759062,125.15569104023598,Linabo,2025-03-29T19:29:00,0,13,3,0,0,0,0,0,0,15,NONE,7.1
REP-TEXT-1899,Soil and large boulders falling from hillside into road,Landslide,moderate,8.159675263528491,125.12263366821568,Barangay 3,2025-07-31T16:13:00,1,55,9,0,0,0,0,0,0,15,MEDIUM,0.24
REP-TEXT-1819,Ground shaking felt for 10 seconds slight vibration,Earthquake,moderate,8.15240564195508,125.1323167608084,Barangay 7,2025-10-23T03:38:00,1,51,8,0,0,1,0,0,0,15,MEDIUM,0.23
REP-TEXT-1866,Massive hillside collapse buried 2 houses people trapped,Landslide,critical,8.159517035459725,125.12843156477653,Barangay 9,2025-03-12T05:12:00,1,56,8,1,3,0,0,0,0,12,LOW,0.23
REP-ONETAP-1191,,Fire,moderate,8.117518618510449,125.1625287792878,Santo Niño,2025-10-29T12:33:00,0,0,0,0,0,0,0,0,0,15,NONE,4.23
REP-EXT-0964,Road covered by landslide debris,Landslide,moderate,8.1475,125.118819,Aglayan,2020-05-08T00:00:00,1,32,5,0,0,0,0,0,0,23,MEDIUM,0.1
REP-TEXT-1667,Street submerged under 3 feet of water cars stalling,Flood,moderate,8.075014695875765,125.1391117464566,Simaya,2025-03-26T07:04:00,1,52,9,0,0,0,0,0,0,15,NONE,7.21
REP-EXT-0399,Strong shaking felt in our area,Earthquake,moderate,8.161693,125.125418,Casisang,2016-09-04T00:00:00,1,31,6,0,0,0,0,0,1,33,LOW,0.53
REP-EXT-0585,Water rising quickly near our house,Flood,high,8.154039,125.13043,San Jose,2021-03-06T00:00:00,1,35,6,0,0,0,0,0,1,32,HIGH,0.26
REP-EXT-0949,Strong shaking felt in our area,Earthquake,moderate,8.157999,125.127944,Barangay 10,2015-06-27T00:00:00,1,31,6,0,0,0,0,0,1,29,LOW,0.06
REP-EXT-0705,Buildings shaking for several seconds,Earthquake,moderate,8.155786,125.127437,Malaybalay Proper,2017-06-11T00:00:00,1,37,5,0,0,0,0,0,0,24,HIGH,0.15
REP-EXT-0432,Strong earthquake alarmed residents,Earthquake,moderate,8.147112,125.116086,Aglayan,2020-07-12T00:00:00,1,35,4,0,0,0,0,0,1,30,MEDIUM,0.21
REP-EXT-0293,Heavy rain triggered landslide near homes,Landslide,moderate,8.15597,125.126777,Malaybalay Proper,2016-05-04T00:00:00,1,41,6,0,0,0,0,0,0,21,LOW,0.2
REP-TEXT-1852,Brief mild rumble felt on second floor only,Earthquake,moderate,8.150792931346905,125.11580466158102,Aglayan,2025-06-24T12:42:00,1,43,8,0,0,0,0,0,1,30,MEDIUM,0.47
REP-ONETAP-1445,,Typhoon,moderate,8.073825289897309,125.1432282288237,Simaya,2025-06-17T04:05:00,0,0,0,0,0,0,0,0,0,15,NONE,7.44
REP-TEXT-1602,Minor burning of garbage contained in metal drum,Fire,low,8.145561124527692,125.12002875158436,Aglayan,2025-01-17T11:52:00,1,48,8,1,1,2,0,0,1,28,MEDIUM,0.29
REP-EXT-0003,Floodwater already waist deep,Flood,high,8.156065,125.132144,San Jose,2016-08-26T00:00:00,1,29,4,0,0,0,0,0,1,32,HIGH,0.08
REP-EXT-0577,Water rising quickly near our house,Flood,moderate,8.1468,125.139223,Violeta,2021-12-17T00:00:00,1,35,6,0,0,0,0,0,0,13,HIGH,0.22
REP-TEXT-1791,Vigorous shaking caused power outage and superficial structure damage,Earthquake,moderate,8.148165381289687,125.12890679415116,Barangay 7,2025-07-07T14:00:00,1,69,9,0,0,0,0,0,0,15,MEDIUM,0.41
REP-EXT-0340,Earthquake caused cracks in the wall,Earthquake,moderate,8.159527,125.129635,Barangay 11,2023-06-07T00:00:00,1,36,6,0,0,0,0,0,1,26,LOW,0.3
REP-ONETAP-1106,Typhoon - Barangay 4,Typhoon,high,8.154848438207706,125.12669704412846,Barangay 4,2025-04-26T16:24:00,0,20,4,0,0,0,0,0,0,15,HIGH,0.29
REP-EXT-0926,Road covered by landslide debris,Landslide,moderate,8.158681,125.125678,Barangay 10,2016-04-28T00:00:00,1,32,5,0,0,0,0,0,0,22,LOW,0.27
REP-EXT-0266,Buildings shaking for several seconds,Earthquake,high,8.155075,125.132299,San Jose,2023-10-26T00:00:00,1,37,5,0,0,0,0,0,1,29,HIGH,0.04
REP-EXT-0377,Smoke and flames seen in residential area,Fire,high,8.156192,125.126305,Malaybalay Proper,2019-08-18T00:00:00,1,41,7,0,0,0,0,0,0,22,LOW,0.22
REP-EXT-0272,Heavy rain triggered landslide near homes,Landslide,high,8.158198,125.120096,Bangcud,2017-05-28T00:00:00,1,41,6,0,0,0,0,0,1,29,MEDIUM,0.12
REP-EXT-0697,Earthquake caused cracks in the wall,Earthquake,high,8.156374,125.129775,Barangay 11,2018-03-18T00:00:00,1,36,6,0,0,0,0,0,1,26,HIGH,0.14
REP-TEXT-1619,Small camp fire burning out safely,Fire,low,8.158151507743955,125.12356533797028,Barangay 3,2025-11-25T19:58:00,1,34,6,1,1,1,0,0,0,15,MEDIUM,0.26
REP-EXT-0245,Market stall caught fire,Fire,critical,8.153586,125.132976,San Jose,2017-05-29T00:00:00,1,24,4,0,0,0,0,0,1,29,HIGH,0.21
REP-TEXT-1652,Floodwater already waist deep entering living rooms,Flood,moderate,8.152849042358971,125.12855742649029,Barangay 9,2025-01-16T18:37:00,1,51,7,0,0,0,0,0,0,19,MEDIUM,0.25
REP-EXT-0477,Electrical short circuit started a fire,Fire,high,8.152208,125.128571,Sumpong,2023-01-06T00:00:00,1,39,6,0,0,0,0,0,0,24,MEDIUM,0.22
REP-ONETAP-1179,,Earthquake,moderate,8.082340438531023,125.15865396949332,Linabo,2025-05-20T22:48:00,0,0,0,0,0,0,0,0,0,15,NONE,7.17
REP-ONETAP-1196,,Typhoon,moderate,8.077544925550313,125.14238695070041,Simaya,2025-11-18T10:09:00,0,0,0,0,0,0,0,0,0,15,NONE,7.01
REP-ONETAP-1286,Earthquake - Aglayan,Earthquake,moderate,8.145483920848461,125.11996771022105,Aglayan,2025-12-23T08:08:00,0,20,3,0,0,0,0,0,1,30,MEDIUM,0.29
REP-ONETAP-1166,Typhoon - Barangay 3,Typhoon,moderate,8.15665747579254,125.12566810223588,Barangay 3,2025-08-20T16:14:00,0,20,4,0,0,0,0,0,0,15,LOW,0.25
REP-FA-2253,lol this is just a prank fire,Fire,low,8.08046764113369,125.15997514440389,Linabo,2025-05-28T23:12:00,1,29,7,0,0,1,1,1,0,15,NONE,7.42
REP-EXT-0251,Floodwater already waist deep,Flood,moderate,8.161378,125.125269,Casisang,2019-07-03T00:00:00,1,29,4,0,0,0,0,0,0,18,LOW,0.51
REP-EXT-0414,Electrical short circuit started a fire,Fire,high,8.147309,125.116127,Aglayan,2021-06-01T00:00:00,1,39,6,0,0,0,0,0,1,28,MEDIUM,0.21
REP-CLUSTER-2412,Strong earthquake alarmed residents cracked walls and shattered windows,Earthquake,critical,8.138446735655869,125.12622998914424,Casisang,2025-07-19T06:29:00,1,71,9,0,0,0,0,0,1,33,HIGH,0.11
REP-TEXT-2081,Overcast skies and light drizzle no strong winds,Typhoon,high,8.141935225706337,125.12686299295946,Casisang,2025-02-11T12:57:00,1,48,8,0,0,0,0,0,0,15,HIGH,0.35
REP-EXT-0311,Heavy rain triggered landslide near homes,Landslide,high,8.156147,125.133194,San Jose,2023-11-07T00:00:00,1,41,6,0,0,0,0,0,1,28,HIGH,0.13
REP-EXT-0894,Soil and rocks falling from hillside,Landslide,high,8.158108,125.122837,Bangcud,2016-04-07T00:00:00,1,36,6,0,0,0,0,0,1,29,MEDIUM,0.18
REP-CLUSTER-2423,Strong ground motion caused ceiling damage and deep wall cracks,Earthquake,critical,8.151416126395354,125.13256297184112,Barangay 8,2025-08-15T20:00:00,1,63,10,0,0,0,0,0,0,15,MEDIUM,0.24
REP-EXT-0016,Landslide blocking the road,Landslide,high,8.15358,125.133121,San Jose,2019-12-10T00:00:00,1,27,4,0,0,0,0,0,1,28,HIGH,0.22
REP-EXT-0722,Strong earthquake alarmed residents,Earthquake,moderate,8.159116,125.129723,Malaybalay Proper,2016-10-10T00:00:00,1,35,4,0,0,0,0,0,0,24,LOW,0.28
REP-FA-2191,sample test report for capstone evaluation,Landslide,low,8.15339416737335,125.12740227231055,Barangay 7,2026-01-28T20:26:00,1,42,6,0,0,1,1,1,0,15,HIGH,0.39
REP-EXT-0982,Floodwater already waist deep,Flood,high,8.158315,125.129824,Barangay 11,2021-08-18T00:00:00,1,29,4,0,0,0,0,0,1,27,HIGH,0.23
REP-FA-2105,prank call fake alarm haha,Earthquake,low,8.176050778218475,125.11943402164101,Kalasungay,2025-03-17T22:54:00,1,26,5,0,0,1,1,1,0,15,NONE,2.02
REP-TEXT-1974,Few rocks rolled down roadside ditch,Landslide,high,8.14827961257879,125.14213348888538,Violeta,2025-12-09T02:43:00,1,36,6,0,0,0,0,0,1,30,HIGH,0.21
REP-EXT-0364,Strong earthquake alarmed residents,Earthquake,moderate,8.155836,125.126225,Malaybalay Proper,2022-07-31T00:00:00,1,35,4,0,0,0,0,0,0,24,LOW,0.25
REP-TEXT-1620,Small camp fire burning out safely,Fire,low,8.08296905358099,125.16167117452859,Linabo,2025-12-16T10:24:00,1,34,6,1,1,1,0,0,0,15,NONE,7.28
REP-EXT-0183,Flood entering homes after heavy rain,Flood,moderate,8.159805,125.12028,Bangcud,2016-04-09T00:00:00,1,37,6,0,0,0,0,0,0,23,MEDIUM,0.22
REP-EXT-0986,Strong shaking felt in our area,Earthquake,high,8.150031,125.139381,Violeta,2015-07-16T00:00:00,1,31,6,0,0,0,0,0,1,32,HIGH,0.19
REP-ONETAP-1388,,Flood,moderate,8.15719238679547,125.12577528533761,Barangay 3,2025-05-21T07:34:00,0,0,0,0,0,0,0,0,0,15,LOW,0.23
REP-FA-2120,testing the app and button response,Flood,low,8.156938664930598,125.12666442437678,Barangay 3,2025-11-03T05:34:00,1,35,6,0,0,1,1,1,0,15,LOW,0.14
REP-TEXT-2076,Passing light rain shower with mild breeze,Typhoon,high,8.15011707061014,125.13199230720272,Barangay 7,2026-01-13T18:55:00,1,42,7,0,0,0,0,0,0,15,MEDIUM,0.23
REP-EXT-0188,Floodwater already waist deep,Flood,high,8.157092,125.128606,Barangay 11,2018-02-25T00:00:00,1,29,4,0,0,0,0,0,1,27,HIGH,0.05
REP-EXT-0620,Electrical short circuit started a fire,Fire,critical,8.155029,125.132991,San Jose,2017-09-05T00:00:00,1,39,6,0,0,0,0,0,1,29,HIGH,0.09
REP-ONETAP-1122,,Flood,moderate,8.14795245245287,125.11955994321636,Aglayan,2025-03-09T09:28:00,0,0,0,0,0,0,0,0,0,18,MEDIUM,0.19
REP-EXT-0615,Electrical short circuit started a fire,Fire,high,8.156663,125.126582,Malaybalay Proper,2018-02-11T00:00:00,1,39,6,0,0,0,0,0,0,22,LOW,0.16
REP-FA-2196,lol this is just a prank fire,Fire,low,8.08005547537757,125.15875809345262,Linabo,2025-05-08T16:45:00,1,29,7,0,0,1,1,1,0,15,NONE,7.4
REP-EXT-0995,Smoke and flames seen in residential area,Fire,high,8.14771,125.118269,Aglayan,2016-10-27T00:00:00,1,41,7,0,0,0,0,0,1,28,MEDIUM,0.06
REP-TEXT-2034,Typhoon signal 3 destructive winds continuous heavy rainfall,Typhoon,high,8.146521234593871,125.11957036628543,Aglayan,2025-10-11T05:28:00,1,60,8,0,0,0,0,0,0,15,MEDIUM,0.19
REP-EXT-0372,Water rising quickly near our house,Flood,moderate,8.155481,125.128553,Barangay 9,2022-12-18T00:00:00,1,35,6,0,0,0,0,0,0,19,HIGH,0.14
REP-ONETAP-1339,Typhoon - Barangay 4,Typhoon,high,8.154646312407355,125.12564581299388,Barangay 4,2025-07-01T08:50:00,0,20,4,0,0,0,0,0,0,15,HIGH,0.39
REP-EXT-0594,Buildings shaking for several seconds,Earthquake,moderate,8.155361,125.126536,Barangay 9,2018-07-01T00:00:00,1,37,5,0,0,0,0,0,0,24,HIGH,0.26
REP-EXT-0727,Water rising quickly near our house,Flood,moderate,8.148607,125.117208,Aglayan,2024-01-21T00:00:00,1,35,6,0,0,0,0,0,0,18,MEDIUM,0.18
REP-TEXT-1843,Small tremor recorded mild shaking,Earthquake,low,8.151038062974523,125.12686667340198,Barangay 7,2025-07-18T21:17:00,1,34,5,0,0,1,0,0,0,15,MEDIUM,0.39
REP-EXT-0688,River overflow causing flooding in the area,Flood,moderate,8.156854,125.119801,Bangcud,2019-11-05T00:00:00,1,43,7,0,0,0,0,0,0,23,MEDIUM,0.2
REP-TEXT-1661,Heavy continuous rain caused river to overflow into streets,Flood,moderate,8.151343081838352,125.13513168365725,Barangay 8,2025-07-18T15:58:00,1,59,9,0,0,0,0,0,0,15,MEDIUM,0.52
REP-EXT-0137,Earthquake caused cracks in the wall,Earthquake,moderate,8.162507,125.124876,Casisang,2024-11-24T00:00:00,1,36,6,0,0,0,0,0,1,33,LOW,0.64
REP-EXT-0629,Landslide damaged farm area,Landslide,moderate,8.155944,125.127507,Barangay 10,2023-12-12T00:00:00,1,27,4,0,0,0,0,0,0,22,HIGH,0.14
REP-EXT-0335,Buildings shaking for several seconds,Earthquake,moderate,8.156999,125.12895,Barangay 9,2018-07-01T00:00:00,1,37,5,0,0,0,0,0,0,24,HIGH,0.06
REP-ONETAP-1481,,Fire,moderate,8.075750545722254,125.1418819703847,Simaya,2025-03-29T20:18:00,0,0,0,0,0,0,0,0,0,15,NONE,7.19
REP-FA-2237,lol this is just a prank fire,Landslide,low,8.143662686937596,125.14260516168338,Violeta,2025-04-04T12:02:00,1,29,7,0,0,1,1,1,1,30,HIGH,0.6
REP-ONETAP-1110,Earthquake - Aglayan,Earthquake,moderate,8.145947555734185,125.11638885740733,Aglayan,2025-08-21T02:43:00,0,20,3,0,0,0,0,0,1,30,MEDIUM,0.23
REP-ONETAP-1361,,Flood,moderate,8.154602611708073,125.12811926761033,Barangay 5,2025-04-01T12:20:00,0,0,0,0,0,0,0,0,0,15,HIGH,0.24
REP-TEXT-1787,Strong ground motion caused ceiling damage and deep wall cracks,Earthquake,moderate,8.159813999842273,125.03516533997801,Cabangahan,2025-03-10T08:57:00,1,63,10,0,0,0,0,0,0,15,HIGH,0.21
REP-EXT-0711,Minor tremor felt in the barangay,Earthquake,moderate,8.149898,125.140881,Violeta,2020-08-29T00:00:00,1,33,6,0,0,1,0,0,1,32,HIGH,0.17
REP-ONETAP-1040,,Fire,critical,8.160474109990233,125.13211440572466,Barangay 11,2025-10-16T03:04:00,0,0,0,0,0,0,0,0,1,26,HIGH,0.56
REP-ONETAP-1309,Flood - Aglayan,Flood,moderate,8.144390409226139,125.11745320161491,Aglayan,2026-01-09T20:26:00,0,15,3,0,0,0,0,0,0,18,MEDIUM,0.32
REP-TEXT-1775,Strong earthquake alarmed residents cracked walls and shattered windows,Earthquake,moderate,8.158917460170326,125.12607838319369,Barangay 10,2025-08-15T07:47:00,1,71,9,0,0,0,0,0,1,29,LOW,0.25
REP-FA-2299,joke lang walang sunog testing lang,Landslide,low,8.14988997882165,125.12585819714353,Sumpong,2025-11-27T02:55:00,1,35,6,0,0,1,1,1,1,26,MEDIUM,0.53
REP-ONETAP-1113,,Earthquake,moderate,8.157770264223917,125.12894544180791,Barangay 10,2025-08-28T22:19:00,0,0,0,0,0,0,0,0,1,29,HIGH,0.13
REP-EXT-0466,Electrical short circuit started a fire,Fire,high,8.156253,125.125928,Barangay 10,2024-03-16T00:00:00,1,39,6,0,0,0,0,0,1,25,LOW,0.25
REP-ONETAP-1360,,Earthquake,moderate,8.15049330329187,125.13112115312724,Sumpong,2025-08-09T20:38:00,0,0,0,0,0,0,0,0,0,23,MEDIUM,0.14
REP-CLUSTER-2472,Heavy rain triggered landslide near homes blocking access road,Landslide,critical,8.082657374608752,125.15799005105036,Linabo,2025-06-20T04:52:00,1,62,9,0,0,0,0,0,0,15,NONE,7.1
REP-FA-2146,sample test report for capstone evaluation,Landslide,low,8.117659721641386,125.1659364997054,Santo Niño,2025-09-01T21:38:00,1,42,6,0,0,1,1,1,0,15,NONE,4.45
REP-ONETAP-1105,Flood - Canayan,Flood,moderate,8.188276674241711,125.15112165444576,Canayan,2025-06-05T02:15:00,0,15,3,0,0,0,0,0,0,15,NONE,4.2
REP-ONETAP-1387,,Landslide,moderate,8.149418418563679,125.1396548060902,Violeta,2025-08-16T15:10:00,0,0,0,0,0,0,0,0,1,30,HIGH,0.12
REP-TEXT-2000,Extreme storm surge combined with gale force winds devastating coastal/river area,Typhoon,high,8.153674321049934,125.13216236270189,Barangay 9,2025-02-14T19:08:00,1,81,11,0,0,0,0,0,0,15,HIGH,0.19
REP-ONETAP-1452,Flood - Sumpong,Flood,moderate,8.15259927750051,125.12843684327098,Sumpong,2025-05-21T08:28:00,0,15,3,0,0,0,0,0,0,22,MEDIUM,0.25
REP-TEXT-2092,Light precipitation weather clearing up,Typhoon,high,8.15996488925772,125.03953768917718,Cabangahan,2025-03-20T05:15:00,1,39,5,0,0,0,0,0,0,15,HIGH,0.4
REP-TEXT-1860,Slight shake noticed no issues reported,Earthquake,moderate,8.156540780713529,125.12423710497293,Bangcud,2026-01-08T00:48:00,1,39,6,0,0,1,0,0,1,26,MEDIUM,0.37
REP-ONETAP-1171,Typhoon - Barangay 4,Typhoon,moderate,8.15625857655861,125.12488648443458,Barangay 4,2025-04-21T13:28:00,0,20,4,0,0,0,0,0,0,15,LOW,0.35
REP-TEXT-2099,Mild windy weather with occasional light rain,Typhoon,high,8.16214551823104,125.03688982066315,Cabangahan,2025-03-17T18:46:00,1,45,7,0,0,0,0,0,0,15,HIGH,0.43
REP-EXT-0817,Minor tremor felt in the barangay,Earthquake,moderate,8.15936,125.126241,Malaybalay Proper,2021-11-03T00:00:00,1,33,6,0,0,1,0,0,0,24,LOW,0.27
REP-ONETAP-1068,Flood - Santo Niño,Flood,moderate,8.115107746502662,125.16230131031085,Santo Niño,2025-03-04T14:08:00,0,18,4,0,0,0,0,0,0,15,NONE,4.44
REP-EXT-0275,Strong shaking felt in our area,Earthquake,moderate,8.156694,125.126718,Barangay 10,2022-04-06T00:00:00,1,31,6,0,0,0,0,0,1,29,LOW,0.15
REP-TEXT-1702,Creek water level high reaching road shoulder,Flood,moderate,8.15400454109054,125.13624606773877,Barangay 8,2025-09-23T09:12:00,1,45,7,0,0,0,0,0,0,15,HIGH,0.46
REP-EXT-0866,Minor tremor felt in the barangay,Earthquake,moderate,8.154307,125.133171,San Jose,2015-02-16T00:00:00,1,33,6,0,0,1,0,0,1,29,HIGH,0.15
REP-EXT-0102,Fire spreading to nearby houses,Fire,high,8.16251,125.126262,Casisang,2022-10-03T00:00:00,1,31,5,1,1,0,0,0,1,25,LOW,0.58
REP-TEXT-1614,Test fire safety drill conducted at school grounds,Fire,low,8.15911926545934,125.12440128143776,Barangay 3,2025-02-07T22:20:00,1,50,8,0,0,1,1,1,0,15,MEDIUM,0.37
REP-EXT-0108,Market stall caught fire,Fire,high,8.159565,125.130124,Barangay 11,2016-06-10T00:00:00,1,24,4,0,0,0,0,0,1,26,LOW,0.34
REP-CLUSTER-2489,Heavy continuous rain caused river to overflow into streets,Flood,critical,8.115637655210348,125.16530340132303,Santo Niño,2025-04-03T19:44:00,1,59,9,0,0,0,0,0,0,15,NONE,4.58
REP-ONETAP-1484,Earthquake - Bangcud,Earthquake,moderate,8.157790347736928,125.1195574536817,Bangcud,2025-03-19T22:42:00,0,20,3,0,0,0,0,0,1,26,MEDIUM,0.18
REP-ONETAP-1362,Typhoon - Barangay 10,Typhoon,moderate,8.158609246192647,125.1277974147718,Barangay 10,2025-06-16T12:17:00,0,21,4,0,0,0,0,0,0,15,LOW,0.12
REP-ONETAP-1223,,Typhoon,moderate,8.154931090070951,125.12543063702076,Barangay 10,2025-02-26T15:38:00,0,0,0,0,0,0,0,0,0,15,LOW,0.39
REP-ONETAP-1369,Earthquake - Linabo,Earthquake,moderate,8.083064831375186,125.15739770647735,Linabo,2025-08-09T03:00:00,0,19,3,0,0,0,0,0,0,15,NONE,7.03
REP-FA-2173,sample test report for capstone evaluation,Flood,low,8.18976615068516,125.14939881661253,Canayan,2025-08-25T04:15:00,1,42,6,0,0,1,1,1,0,15,NONE,4.26
REP-CLUSTER-2373,Vigorous shaking caused power outage and superficial structure damage,Earthquake,critical,8.156520473781798,125.12409205211998,Barangay 3,2025-12-12T10:16:00,1,69,9,0,0,0,0,0,0,15,MEDIUM,0.36
REP-ONETAP-1500,Typhoon - Santo Niño,Typhoon,moderate,8.115040771651419,125.1628138989261,Santo Niño,2025-01-15T05:12:00,0,20,4,0,0,0,0,0,0,15,NONE,4.48
REP-EXT-0713,Water rising quickly near our house,Flood,high,8.159253,125.128929,Barangay 11,2023-07-16T00:00:00,1,35,6,0,0,0,0,0,1,27,LOW,0.23
REP-EXT-0073,Water rising quickly near our house,Flood,high,8.157477,125.126309,Barangay 10,2018-08-03T00:00:00,1,35,6,0,0,0,0,0,1,32,LOW,0.16
REP-TEXT-1801,Buildings shaking for several seconds hanging lights swinging,Earthquake,moderate,8.158747819527283,125.12712344488,Barangay 3,2025-07-08T22:03:00,1,61,8,0,0,0,0,0,0,15,LOW,0.16
REP-CLUSTER-2404,Strong ground motion caused ceiling damage and deep wall cracks,Earthquake,critical,8.157142784311825,125.123022421236,Barangay 3,2025-08-14T11:11:00,1,63,10,0,0,0,0,0,0,15,MEDIUM,0.22
REP-EXT-0482,Strong earthquake alarmed residents,Earthquake,moderate,8.152763,125.130719,Sumpong,2022-06-22T00:00:00,1,35,4,0,0,0,0,0,0,23,MEDIUM,0.14
REP-TEXT-1666,Street submerged under 3 feet of water cars stalling,Flood,moderate,8.159237894121869,125.12726025858443,Barangay 9,2025-09-04T19:00:00,1,52,9,0,0,0,0,0,0,19,LOW,0.2
REP-ONETAP-1420,Landslide - Linabo,Landslide,moderate,8.083275774456608,125.159602660004,Linabo,2025-02-12T20:34:00,0,18,3,0,0,0,0,0,0,15,NONE,7.13
REP-ONETAP-1172,,Landslide,moderate,8.15068288142706,125.13476451534868,Barangay 8,2025-02-18T10:27:00,0,0,0,0,0,0,0,0,0,15,MEDIUM,0.49
REP-TEXT-2023,Fierce winds causing trees to fall across main roads and houses,Typhoon,high,8.15559342540545,125.13073079947634,Barangay 11,2025-09-25T14:43:00,1,63,11,0,0,0,0,0,0,15,HIGH,0.17
REP-ONETAP-1442,,Flood,moderate,8.157257509412679,125.03601654711389,Cabangahan,2025-04-14T04:49:00,0,0,0,0,0,0,0,0,0,15,HIGH,0.12
REP-EXT-0406,Heavy rain triggered landslide near homes,Landslide,moderate,8.155855,125.128304,Barangay 9,2022-07-02T00:00:00,1,41,6,0,0,0,0,0,0,12,HIGH,0.1
REP-EXT-0758,Landslide damaged farm area,Landslide,high,8.156273,125.130696,San Jose,2021-07-08T00:00:00,1,27,4,0,0,0,0,0,1,28,HIGH,0.2
REP-ONETAP-1363,Flood - Sumpong,Flood,moderate,8.150690093224371,125.13299240291552,Sumpong,2025-10-07T05:43:00,0,15,3,0,0,0,0,0,0,22,MEDIUM,0.3
REP-TEXT-1621,Flash flood water rising to second floor residents trapped on roofs,Flood,critical,8.15779068741303,125.12977687251392,Barangay 4,2025-07-11T16:51:00,1,67,11,1,1,0,0,0,0,15,HIGH,0.19
REP-TEXT-1612,Test fire safety drill conducted at school grounds,Fire,low,8.161499955603766,125.11751952471457,Bangcud,2025-06-15T19:03:00,1,50,8,0,0,1,1,1,1,26,MEDIUM,0.56
REP-FA-2221,sample test report for capstone evaluation,Fire,low,8.154261574358364,125.12398110776222,Barangay 3,2025-01-14T09:43:00,1,42,6,0,0,1,1,1,0,15,MEDIUM,0.52
REP-EXT-0744,Earthquake caused cracks in the wall,Earthquake,moderate,8.156818,125.119293,Bangcud,2022-05-27T00:00:00,1,36,6,0,0,0,0,0,1,26,MEDIUM,0.25
REP-EXT-0807,Minor tremor felt in the barangay,Earthquake,moderate,8.145333,125.119307,Aglayan,2024-03-28T00:00:00,1,33,6,0,0,1,0,0,1,30,MEDIUM,0.25
REP-CLUSTER-2309,Torrential floodwater chest deep currents strong rescue boat needed,Flood,critical,8.149279245927218,125.13099400923826,Barangay 7,2025-09-18T16:24:00,1,67,9,0,0,0,0,0,0,15,MEDIUM,0.26
REP-ONETAP-1318,,Typhoon,high,8.15632142420866,125.13175754993304,Barangay 11,2025-06-03T08:03:00,0,0,0,0,0,0,0,0,0,15,HIGH,0.12
REP-TEXT-1897,Soil and large boulders falling from hillside into road,Landslide,high,8.1419802382099,125.12976211793826,Casisang,2026-01-24T13:53:00,1,55,9,0,0,0,0,0,1,29,HIGH,0.45
REP-TEXT-1507,Huge blaze engulfing commercial warehouse people trapped inside,Fire,critical,8.151306249870064,125.13571703944089,Barangay 8,2026-01-28T21:00:00,1,63,8,1,2,0,0,0,0,15,HIGH,0.58
REP-EXT-0149,Electrical short circuit started a fire,Fire,critical,8.154919,125.133287,San Jose,2018-04-17T00:00:00,1,39,6,0,0,0,0,0,1,29,HIGH,0.12
REP-FA-2112,joke lang walang sunog testing lang,Typhoon,low,8.142622329144388,125.12126248305306,Aglayan,2025-09-10T17:47:00,1,35,6,0,0,1,1,1,0,15,MEDIUM,0.62
REP-ONETAP-1437,,Earthquake,moderate,8.163053574919282,125.12825764898281,Barangay 1,2025-09-29T07:26:00,0,0,0,0,0,0,0,0,0,15,LOW,0.62
REP-EXT-0693,Flood entering homes after heavy rain,Flood,moderate,8.158673,125.12832,Barangay 9,2016-03-09T00:00:00,1,37,6,0,0,0,0,0,0,19,LOW,0.14
REP-EXT-0819,Strong earthquake alarmed residents,Earthquake,high,8.149059,125.141695,Violeta,2015-05-05T00:00:00,1,35,4,0,0,0,0,0,1,32,HIGH,0.18
REP-TEXT-1757,Destructive ground shaking multiple structures damaged people injured,Earthquake,high,8.156886809091406,125.12801187589376,Barangay 5,2025-09-26T20:40:00,1,69,8,1,1,0,0,0,0,15,HIGH,0.06
REP-TEXT-1654,Floodwater already waist deep entering living rooms,Flood,high,8.157847754591346,125.13178982540009,Malaybalay Proper,2025-08-30T20:49:00,1,51,7,0,0,0,0,0,1,27,HIGH,0.28
REP-TEXT-1715,Minor street puddle after light shower subsiding quickly,Flood,low,8.185339441108713,125.15232584555224,Canayan,2025-06-30T16:34:00,1,56,8,0,0,2,0,0,0,15,NONE,3.99
REP-EXT-0702,Smoke and flames seen in residential area,Fire,high,8.158298,125.119497,Bangcud,2023-08-11T00:00:00,1,41,7,0,0,0,0,0,1,26,MEDIUM,0.19
REP-FA-2212,testing the app and button response,Flood,low,8.151503269411561,125.1217789675197,Aglayan,2025-06-12T22:33:00,1,35,6,0,0,1,1,1,0,18,MEDIUM,0.63
REP-EXT-0922,Electrical short circuit started a fire,Fire,high,8.159119,125.12577,Casisang,2016-12-20T00:00:00,1,39,6,0,0,0,0,0,1,25,LOW,0.29
REP-EXT-0906,Buildings shaking for several seconds,Earthquake,moderate,8.147473,125.118434,Aglayan,2018-02-13T00:00:00,1,37,5,0,0,0,0,0,1,30,MEDIUM,0.06
REP-EXT-0455,Earthquake caused cracks in the wall,Earthquake,moderate,8.146377,125.116422,Aglayan,2019-07-30T00:00:00,1,36,6,0,0,0,0,0,1,30,MEDIUM,0.2
REP-CLUSTER-2394,River overflowing rapidly sweeping away vehicles people stranded,Flood,critical,8.156982180735662,125.12764685921087,Barangay 10,2025-05-08T05:57:00,1,64,8,1,1,0,0,0,1,32,LOW,0.06
REP-TEXT-1794,Vigorous shaking caused power outage and superficial structure damage,Earthquake,moderate,8.156065552754463,125.1243067340528,Malaybalay Proper,2025-10-03T12:12:00,1,69,9,0,0,0,0,0,0,24,MEDIUM,0.4
REP-ONETAP-1229,Flood - Casisang,Flood,moderate,8.139076082471245,125.12908105319333,Casisang,2025-12-17T14:44:00,0,16,3,0,0,0,0,0,0,18,HIGH,0.21
REP-EXT-0168,Strong earthquake alarmed residents,Earthquake,high,8.156399,125.130506,Barangay 11,2022-01-23T00:00:00,1,35,4,0,0,0,0,0,1,26,HIGH,0.22
REP-EXT-0731,Road blocked due to floodwater,Flood,moderate,8.157126,125.121606,Bangcud,2021-06-12T00:00:00,1,30,5,0,0,0,0,0,0,23,MEDIUM,0.11
REP-TEXT-1579,Bonfire unattended spreading slightly to dry grass,Fire,moderate,8.159733264545032,125.12010635637736,Bangcud,2025-08-20T03:06:00,1,50,7,1,1,1,0,0,1,26,MEDIUM,0.23
REP-EXT-0027,Buildings shaking for several seconds,Earthquake,moderate,8.157766,125.120707,Bangcud,2019-02-13T00:00:00,1,37,5,0,0,0,0,0,1,26,MEDIUM,0.06
REP-ONETAP-1345,,Earthquake,moderate,8.15788105918429,125.12499741068092,Malaybalay Proper,2025-04-17T18:09:00,0,0,0,0,0,0,0,0,0,24,LOW,0.31
REP-TEXT-1524,Multiple houses on fire with children trapped send rescue immediately,Fire,critical,8.154614398576156,125.12834226716895,Barangay 11,2026-01-17T09:26:00,1,69,10,1,2,0,0,0,1,26,HIGH,0.23
REP-EXT-0998,Landslide damaged farm area,Landslide,high,8.15267,125.131887,Sumpong,2018-02-27T00:00:00,1,27,4,0,0,0,0,0,1,26,MEDIUM,0.21
REP-ONETAP-1177,,Fire,moderate,8.156740417817929,125.12584546921464,Barangay 5,2025-10-12T11:07:00,0,0,0,0,0,0,0,0,0,15,LOW,0.23
REP-ONETAP-1041,Earthquake - Malaybalay Proper,Earthquake,moderate,8.155778925873603,125.12639120248849,Malaybalay Proper,2025-05-06T11:18:00,0,30,4,0,0,0,0,0,0,24,LOW,0.25
REP-TEXT-1622,Flash flood water rising to second floor residents trapped on roofs,Flood,critical,8.151569884744022,125.13029443767331,Sumpong,2025-06-01T20:12:00,1,67,11,1,1,0,0,0,0,22,MEDIUM,0.01
REP-ONETAP-1256,,Fire,moderate,8.18474716582113,125.15598268714973,Canayan,2025-11-25T18:16:00,0,0,0,0,0,0,0,0,0,15,NONE,4.18
REP-TEXT-1888,Steep mountain slide swept away structures active soil movement,Landslide,moderate,8.157923166457003,125.12359766211858,Barangay 5,2025-09-12T15:34:00,1,63,9,0,0,0,0,0,0,15,MEDIUM,0.26
REP-EXT-0042,Landslide blocking the road,Landslide,high,8.158419,125.122565,Bangcud,2022-07-05T00:00:00,1,27,4,0,0,0,0,0,1,29,MEDIUM,0.16
REP-ONETAP-1245,Fire - Barangay 6,Fire,high,8.157892074184717,125.12987066715645,Barangay 6,2025-06-13T21:22:00,0,17,4,0,0,0,0,0,0,15,HIGH,0.2
REP-TEXT-1627,River overflowing rapidly sweeping away vehicles people stranded,Flood,high,8.157134946270688,125.12860309051797,San Jose,2025-02-07T01:11:00,1,64,8,1,1,0,0,0,1,32,HIGH,0.05
REP-FA-2195,lol this is just a prank fire,Landslide,low,8.159613727972031,125.12263739622162,Barangay 2,2025-01-02T12:12:00,1,29,7,0,0,1,1,1,0,15,MEDIUM,0.24
REP-ONETAP-1376,Landslide - Barangay 6,Landslide,moderate,8.15581146173895,125.12918593793331,Barangay 6,2025-04-29T12:40:00,0,22,4,0,0,0,0,0,0,15,HIGH,0.12
REP-TEXT-1923,Landslide blocking one lane of road soil slowly sliding,Landslide,moderate,8.15888909414312,125.13205952853404,Barangay 6,2025-09-26T09:49:00,1,55,9,0,0,0,0,0,0,15,HIGH,0.39
REP-EXT-0610,Strong shaking felt in our area,Earthquake,moderate,8.145523,125.117591,Aglayan,2016-06-27T00:00:00,1,31,6,0,0,0,0,0,1,30,MEDIUM,0.19
REP-ONETAP-1133,,Flood,moderate,8.150962650066178,125.13729208558749,Violeta,2025-12-02T04:04:00,0,0,0,0,0,0,0,0,0,13,HIGH,0.42
REP-TEXT-2003,Extreme storm surge combined with gale force winds devastating coastal/river area,Typhoon,high,8.159856548933206,125.13028382277109,Barangay 1,2025-02-08T20:29:00,1,81,11,0,0,0,0,0,0,15,LOW,0.38
REP-EXT-0442,Market stall caught fire,Fire,high,8.147556,125.119161,Aglayan,2019-07-13T00:00:00,1,24,4,0,0,0,0,0,1,28,MEDIUM,0.13
REP-ONETAP-1353,Earthquake - Barangay 3,Earthquake,moderate,8.15383117133422,125.12284960473082,Barangay 3,2025-02-22T04:05:00,0,23,4,0,0,0,0,0,0,15,MEDIUM,0.5
REP-TEXT-1943,Soil displacement along highway shoulder rocks scattered,Landslide,moderate,8.074802674896292,125.14081152656547,Simaya,2025-08-25T05:18:00,1,56,7,0,0,0,0,0,0,15,NONE,7.27
REP-EXT-0494,Market stall caught fire,Fire,critical,8.155149,125.130832,San Jose,2021-08-29T00:00:00,1,24,4,0,0,0,0,0,1,29,HIGH,0.16
REP-TEXT-1976,Small soil erosion in vacant lot no hazard,Landslide,low,8.157601304883126,125.12755385913692,Malaybalay Proper,2026-01-11T10:26:00,1,42,8,0,0,1,0,0,0,21,LOW,0.03
REP-EXT-0237,Strong earthquake alarmed residents,Earthquake,high,8.148359,125.141366,Violeta,2017-08-13T00:00:00,1,35,4,0,0,0,0,0,1,32,HIGH,0.13
REP-EXT-0552,Strong earthquake alarmed residents,Earthquake,moderate,8.157057,125.127817,Barangay 9,2019-09-25T00:00:00,1,35,4,0,0,0,0,0,0,24,LOW,0.05
REP-EXT-0521,Smoke and flames seen in residential area,Fire,high,8.159191,125.126388,Casisang,2017-05-09T00:00:00,1,41,7,0,0,0,0,0,1,25,LOW,0.24
REP-FA-2297,system test drill for cdrrmo rescuers,Landslide,low,8.171328096074012,125.11138522286004,Kalasungay,2025-12-08T14:09:00,1,37,6,0,0,1,1,1,0,15,NONE,1.83
REP-ONETAP-1233,,Earthquake,moderate,8.08099154811829,125.15574685004947,Linabo,2025-07-24T23:28:00,0,0,0,0,0,0,0,0,0,15,NONE,7.16
REP-ONETAP-1139,,Flood,moderate,8.147972310493854,125.14129080222811,Violeta,2025-02-10T19:55:00,0,0,0,0,0,0,0,0,0,13,HIGH,0.13
REP-EXT-0721,River overflow causing flooding in the area,Flood,moderate,8.152747,125.129344,Sumpong,2015-08-05T00:00:00,1,43,7,0,0,0,0,0,0,22,MEDIUM,0.18
REP-TEXT-1908,Road covered by landslide debris heavy equipment needed to clear,Landslide,high,8.139283324039342,125.1283000283487,Casisang,2025-01-06T20:12:00,1,64,10,0,0,0,0,0,1,29,HIGH,0.13
REP-FA-2209,fake report test only,Typhoon,low,8.150909324233846,125.13134301683581,Barangay 8,2025-12-30T23:51:00,1,21,4,0,0,1,1,1,0,15,MEDIUM,0.12
REP-EXT-0059,Buildings shaking for several seconds,Earthquake,moderate,8.157768,125.129145,Malaybalay Proper,2024-08-06T00:00:00,1,37,5,0,0,0,0,0,0,24,HIGH,0.14
REP-EXT-0632,Strong earthquake alarmed residents,Earthquake,moderate,8.145355,125.116946,Aglayan,2023-03-25T00:00:00,1,35,4,0,0,0,0,0,1,30,MEDIUM,0.24
REP-ONETAP-1182,Earthquake - San Jose,Earthquake,moderate,8.155121874744038,125.13024445565507,San Jose,2026-02-02T18:38:00,0,21,4,0,0,0,0,0,1,29,HIGH,0.23
REP-TEXT-1645,Severe flooding elderly residents unable to evacuate trapped inside,Flood,critical,8.157730739442076,125.12244540391525,Barangay 3,2025-10-27T04:36:00,1,67,9,1,2,0,0,0,0,15,MEDIUM,0.14
REP-EXT-0593,Landslide damaged farm area,Landslide,moderate,8.157339,125.129384,Barangay 11,2019-04-07T00:00:00,1,27,4,0,0,0,0,0,0,16,HIGH,0.12
REP-FA-2177,drill simulation drill only do not dispatch,Fire,low,8.147798250105328,125.11736132911011,Aglayan,2025-03-23T08:08:00,1,43,7,0,0,1,1,1,1,28,MEDIUM,0.1
REP-EXT-0940,Strong earthquake alarmed residents,Earthquake,moderate,8.159386,125.125346,Casisang,2022-09-05T00:00:00,1,35,4,0,0,0,0,0,1,33,LOW,0.34
REP-CLUSTER-2326,Massive hillside collapse buried 2 houses people trapped,Landslide,critical,8.157816828988757,125.12644229536107,Barangay 10,2025-01-19T08:31:00,1,56,8,1,3,0,0,0,0,22,LOW,0.15
REP-ONETAP-1250,,Fire,moderate,8.184942504277467,125.15663427838909,Canayan,2025-12-15T16:22:00,0,0,0,0,0,0,0,0,0,15,NONE,4.24
REP-EXT-0905,Minor tremor felt in the barangay,Earthquake,moderate,8.150214,125.129084,Sumpong,2015-02-25T00:00:00,1,33,6,0,0,1,0,0,0,23,MEDIUM,0.2
REP-TEXT-1947,Minor soil slide blocking footpath,Landslide,moderate,8.15102847947721,125.1248659051665,Barangay 4,2025-12-22T18:27:00,1,34,5,0,0,1,0,0,0,15,MEDIUM,0.61
REP-CLUSTER-2399,Forest fire moving rapidly towards community high wind spreading flames,Fire,critical,8.149812129143546,125.1307243349735,Barangay 7,2025-07-15T10:47:00,1,71,10,1,2,0,0,0,0,15,MEDIUM,0.19
REP-TEXT-2014,Strong typhoon winds blowing off tin roofs and toppling electric posts,Typhoon,high,8.153606774735648,125.12657539099182,Barangay 5,2025-12-19T15:07:00,1,70,11,0,0,0,0,0,0,15,HIGH,0.4
REP-ONETAP-1423,,Landslide,moderate,8.148547435664138,125.13031727679035,Barangay 8,2025-11-10T19:03:00,0,0,0,0,0,0,0,0,0,15,MEDIUM,0.33
REP-TEXT-1996,Category 4 winds tearing apart structures flying debris dangerous,Typhoon,high,8.156821745281832,125.13624571877598,San Jose,2025-06-10T17:00:00,1,65,9,1,1,0,0,0,0,15,HIGH,0.46
REP-TEXT-1912,Hillside erosion threatening foundation of roadside homes,Landslide,moderate,8.16012930442539,125.12637803507063,Barangay 3,2025-11-27T04:30:00,1,57,7,0,0,0,0,0,0,15,LOW,0.33
REP-EXT-0707,Strong earthquake alarmed residents,Earthquake,high,8.155564,125.131923,San Jose,2022-09-15T00:00:00,1,35,4,0,0,0,0,0,1,29,HIGH,0.05
REP-ONETAP-1023,Flood - Barangay 7,Flood,moderate,8.152373480958014,125.1323315911798,Barangay 7,2025-07-24T21:41:00,0,18,4,0,0,0,0,0,0,15,MEDIUM,0.23
REP-EXT-0746,Water rising quickly near our house,Flood,moderate,8.152047,125.129499,Sumpong,2022-12-20T00:00:00,1,35,6,0,0,0,0,0,0,22,MEDIUM,0.12
REP-TEXT-1830,Earthquake tremors felt alarmed neighbors stepped outside,Earthquake,moderate,8.148278966109807,125.13327436941852,Barangay 8,2025-09-07T12:41:00,1,57,7,0,0,0,0,0,0,15,MEDIUM,0.48
REP-TEXT-1713,Minor street puddle after light shower subsiding quickly,Flood,low,8.156385763531716,125.1291946121372,Barangay 9,2025-01-15T15:07:00,1,56,8,0,0,2,0,0,0,19,HIGH,0.08
REP-EXT-0514,Soil and rocks falling from hillside,Landslide,high,8.152313,125.129608,Sumpong,2017-11-16T00:00:00,1,36,6,0,0,0,0,0,1,26,MEDIUM,0.13
REP-EXT-0082,Smoke and flames seen in residential area,Fire,critical,8.155756,125.128694,Barangay 10,2024-10-13T00:00:00,1,41,7,0,0,0,0,0,1,25,HIGH,0.11
REP-FA-2216,lol this is just a prank fire,Flood,low,8.15353222188271,125.11768620807041,Bangcud,2025-01-19T15:16:00,1,29,7,0,0,1,1,1,0,23,MEDIUM,0.63
REP-EXT-0915,Market stall caught fire,Fire,high,8.162879,125.126188,Casisang,2020-09-10T00:00:00,1,24,4,0,0,0,0,0,1,25,LOW,0.62
REP-CLUSTER-2302,Floodwater already waist deep entering living rooms,Flood,critical,8.147205277602328,125.11703732814074,Aglayan,2025-05-21T06:15:00,1,51,7,0,0,0,0,0,0,18,MEDIUM,0.11
REP-TEXT-1818,Moderate earthquake felt across barangay no visible damage,Earthquake,high,8.14654995070762,125.13860241945336,Violeta,2025-10-20T12:36:00,1,58,8,0,0,0,0,0,1,32,HIGH,0.28
REP-EXT-0151,Minor tremor felt in the barangay,Earthquake,moderate,8.157118,125.129543,Barangay 11,2018-06-03T00:00:00,1,33,6,0,0,1,0,0,1,26,HIGH,0.12
REP-EXT-0775,Fire spreading to nearby houses,Fire,high,8.156938,125.131558,San Jose,2023-06-22T00:00:00,1,31,5,1,1,0,0,0,1,29,HIGH,0.19
REP-EXT-0330,Soil and rocks falling from hillside,Landslide,moderate,8.157285,125.128705,Malaybalay Proper,2019-01-28T00:00:00,1,36,6,0,0,0,0,0,0,21,HIGH,0.07
REP-EXT-0007,Flood entering homes after heavy rain,Flood,high,8.157368,125.133324,San Jose,2015-05-03T00:00:00,1,37,6,0,0,0,0,0,1,32,HIGH,0.25
REP-EXT-0944,Strong earthquake alarmed residents,Earthquake,moderate,8.156926,125.129635,Barangay 9,2021-08-19T00:00:00,1,35,4,0,0,0,0,0,0,24,HIGH,0.13
REP-TEXT-1595,Small trash can fire already contained by neighbors,Fire,low,8.17671507628504,125.11649289037855,Kalasungay,2025-12-11T04:45:00,1,51,8,0,0,3,0,0,0,15,NONE,2.14
REP-EXT-0735,Electrical short circuit started a fire,Fire,high,8.15932,125.122482,Bangcud,2021-11-03T00:00:00,1,39,6,0,0,0,0,0,1,26,MEDIUM,0.2
REP-EXT-0910,Floodwater already waist deep,Flood,high,8.158591,125.12716,Malaybalay Proper,2018-03-20T00:00:00,1,29,4,0,0,0,0,0,1,27,LOW,0.14
REP-EXT-0469,Buildings shaking for several seconds,Earthquake,moderate,8.162124,125.124947,Casisang,2021-10-25T00:00:00,1,37,5,0,0,0,0,0,1,33,LOW,0.6
REP-EXT-0182,Buildings shaking for several seconds,Earthquake,moderate,8.159806,125.130322,Barangay 11,2016-12-31T00:00:00,1,37,5,0,0,0,0,0,1,26,LOW,0.38
REP-EXT-0165,Landslide blocking the road,Landslide,high,8.146927,125.140208,Violeta,2019-05-15T00:00:00,1,27,4,0,0,0,0,0,1,30,HIGH,0.17
REP-EXT-0452,House on fire please send help,Fire,high,8.159344,125.120622,Bangcud,2015-03-24T00:00:00,1,30,6,0,0,0,0,0,1,26,MEDIUM,0.16
REP-EXT-0491,Water rising quickly near our house,Flood,moderate,8.159422,125.12031,Bangcud,2021-02-11T00:00:00,1,35,6,0,0,0,0,0,0,23,MEDIUM,0.19
REP-TEXT-1917,Mudflow blocked purok entrance soil continuing to loosen,Landslide,moderate,8.188512086780921,125.15653924619949,Canayan,2025-10-20T19:24:00,1,56,8,0,0,0,0,0,0,15,NONE,4.55
REP-ONETAP-1144,,Earthquake,moderate,8.186653754945464,125.1525752343413,Canayan,2025-12-04T12:17:00,0,0,0,0,0,0,0,0,0,15,NONE,4.13
REP-TEXT-1698,Street flooding making road impassable for small vehicles,Flood,low,8.159634954887096,125.12958604372413,Barangay 10,2025-08-30T19:27:00,1,57,8,0,0,1,0,0,1,32,LOW,0.31
REP-ONETAP-1112,Earthquake - Malaybalay Proper,Earthquake,moderate,8.155848856701597,125.12569393640645,Malaybalay Proper,2025-02-06T01:10:00,0,30,4,0,0,0,0,0,0,24,LOW,0.3
REP-CLUSTER-2381,Large rockslide crushed vehicles and blocked main highway completely,Landslide,critical,8.0756685977631,125.1416796444837,Simaya,2025-12-18T12:48:00,1,68,9,0,0,0,0,0,0,15,NONE,7.2
REP-ONETAP-1476,Fire - Barangay 11,Fire,critical,8.155920631218907,125.12875274730447,Barangay 11,2025-02-17T10:38:00,0,18,4,0,0,0,0,0,1,26,HIGH,0.09
REP-ONETAP-1488,,Typhoon,moderate,8.18990273036883,125.15560270202033,Canayan,2026-01-23T14:11:00,0,0,0,0,0,0,0,0,0,15,NONE,4.61
REP-TEXT-1714,Minor street puddle after light shower subsiding quickly,Flood,low,8.155562558118556,125.12686138596735,Malaybalay Proper,2025-04-23T21:44:00,1,56,8,0,0,2,0,0,1,27,HIGH,0.22
REP-TEXT-1821,Ground shaking felt for 10 seconds slight vibration,Earthquake,moderate,8.160140975264067,125.13287497197216,Barangay 11,2025-06-21T11:56:00,1,51,8,0,0,1,0,0,1,26,HIGH,0.53
REP-TEXT-2080,Overcast skies and light drizzle no strong winds,Typhoon,high,8.158867610142716,125.13189923093755,Barangay 11,2025-12-21T02:12:00,1,48,8,0,0,0,0,0,0,15,HIGH,0.39
REP-TEXT-1850,Brief mild rumble felt on second floor only,Earthquake,high,8.155089638125657,125.13082595413795,Barangay 10,2025-09-14T08:51:00,1,43,8,0,0,0,0,0,1,29,HIGH,0.17
REP-TEXT-1733,Puddle of rain water drying up slowly,Flood,moderate,8.152298957927275,125.12835959285522,Barangay 6,2025-05-01T17:27:00,1,37,7,0,0,0,0,0,0,15,MEDIUM,0.24
REP-TEXT-1793,Vigorous shaking caused power outage and superficial structure damage,Earthquake,moderate,8.151649758852704,125.13305463430667,Barangay 6,2026-02-02T19:15:00,1,69,9,0,0,0,0,0,0,15,MEDIUM,0.29
REP-EXT-0328,Buildings shaking for several seconds,Earthquake,high,8.155897,125.132115,San Jose,2015-03-20T00:00:00,1,37,5,0,0,0,0,0,1,29,HIGH,0.06
REP-EXT-0443,Earthquake caused cracks in the wall,Earthquake,high,8.146635,125.140107,Violeta,2020-06-14T00:00:00,1,36,6,0,0,0,0,0,1,32,HIGH,0.21
REP-TEXT-1593,Small trash can fire already contained by neighbors,Fire,low,8.149891305079644,125.13201195448325,Sumpong,2025-06-10T22:47:00,1,51,8,0,0,3,0,0,0,24,MEDIUM,0.25
REP-ONETAP-1382,Typhoon - Simaya,Typhoon,moderate,8.076235930165675,125.1407846690082,Simaya,2025-12-11T04:20:00,0,16,3,0,0,0,0,0,0,15,NONE,7.12
REP-EXT-0833,Minor tremor felt in the barangay,Earthquake,moderate,8.152509,125.130886,Sumpong,2019-07-17T00:00:00,1,33,6,0,0,1,0,0,0,23,MEDIUM,0.12
REP-CLUSTER-2468,Dam overflowing sudden massive surge of water entering all homes,Flood,critical,8.139395036278357,125.12806785033042,Casisang,2025-12-06T19:37:00,1,64,10,1,1,0,0,0,0,18,HIGH,0.12
REP-TEXT-1892,Heavy rain triggered landslide near homes blocking access road,Landslide,moderate,8.155486049345438,125.03752621502572,Cabangahan,2025-01-19T04:54:00,1,62,9,0,0,0,0,0,0,15,HIGH,0.34
REP-ONETAP-1311,,Fire,high,8.155297938838014,125.12996171948676,Malaybalay Proper,2025-10-03T12:33:00,0,0,0,0,0,0,0,0,0,22,HIGH,0.22
REP-EXT-0087,River overflow causing flooding in the area,Flood,moderate,8.15139,125.130807,Sumpong,2018-02-20T00:00:00,1,43,7,0,0,0,0,0,0,22,MEDIUM,0.05
REP-CLUSTER-2441,Strong ground motion caused ceiling damage and deep wall cracks,Earthquake,critical,8.159038835917247,125.03551854814344,Cabangahan,2025-05-18T23:13:00,1,63,10,0,0,0,0,0,0,15,HIGH,0.12
REP-EXT-0778,Soil and rocks falling from hillside,Landslide,moderate,8.157352,125.12846,Barangay 9,2020-12-31T00:00:00,1,36,6,0,0,0,0,0,0,12,HIGH,0.07
REP-CLUSTER-2427,Main drainage backed up causing severe street flooding,Flood,critical,8.150806201414545,125.13295284366085,Barangay 8,2026-02-05T15:05:00,1,54,8,1,1,0,0,0,0,15,MEDIUM,0.29
REP-EXT-0055,Strong earthquake alarmed residents,Earthquake,moderate,8.159291,125.125839,Malaybalay Proper,2024-11-16T00:00:00,1,35,4,0,0,0,0,0,0,24,LOW,0.29
REP-TEXT-1876,Huge mudslide continuing to move towards village emergency evacuation needed,Landslide,critical,8.150579697459603,125.13370507423396,Barangay 8,2025-01-28T22:33:00,1,76,10,1,2,0,0,0,0,15,MEDIUM,0.38
REP-ONETAP-1288,,Landslide,moderate,8.148514946641036,125.13227980819629,Barangay 8,2026-01-30T04:00:00,0,0,0,0,0,0,0,0,0,15,MEDIUM,0.39
REP-TEXT-1732,Puddle of rain water drying up slowly,Flood,moderate,8.157271277745435,125.13233417961455,Barangay 9,2025-12-18T07:52:00,1,37,7,0,0,0,0,0,0,19,HIGH,0.21
REP-TEXT-1802,Buildings shaking for several seconds hanging lights swinging,Earthquake,moderate,8.160589143730219,125.11932652507598,Bangcud,2025-01-21T23:04:00,1,61,8,0,0,0,0,0,1,26,MEDIUM,0.35
REP-ONETAP-1246,Earthquake - Santo Niño,Earthquake,moderate,8.112389634469897,125.16525302816736,Santo Niño,2025-12-31T22:59:00,0,23,4,0,0,0,0,0,0,15,NONE,4.87
REP-EXT-0114,Strong shaking felt in our area,Earthquake,high,8.156276,125.128612,Barangay 10,2021-09-03T00:00:00,1,31,6,0,0,0,0,0,1,29,HIGH,0.05
REP-CLUSTER-2342,Steep mountain slide swept away structures active soil movement,Landslide,critical,8.161406822493433,125.12892841818623,Barangay 1,2025-11-14T03:21:00,1,63,9,0,0,0,0,0,0,15,LOW,0.45
REP-EXT-0988,Market stall caught fire,Fire,high,8.159088,125.128096,Malaybalay Proper,2018-06-15T00:00:00,1,24,4,0,0,0,0,0,0,22,LOW,0.18
REP-FA-2262,fake report test only,Typhoon,low,8.155174912355566,125.12431178373794,Malaybalay Proper,2025-12-09T03:45:00,1,21,4,0,0,1,1,1,0,15,LOW,0.46
REP-TEXT-2074,Passing light rain shower with mild breeze,Typhoon,high,8.156424569151785,125.1252021392255,Malaybalay Proper,2025-10-14T22:04:00,1,42,7,0,0,0,0,0,0,15,LOW,0.31
REP-ONETAP-1010,,Typhoon,high,8.14918041496257,125.13207673265055,Barangay 8,2025-06-16T01:14:00,0,0,0,0,0,0,0,0,0,15,MEDIUM,0.32
REP-ONETAP-1199,Landslide - Barangay 3,Landslide,moderate,8.157490050330495,125.124042406904,Barangay 3,2026-01-14T01:28:00,0,22,4,0,0,0,0,0,0,15,MEDIUM,0.32
REP-EXT-0590,Electrical short circuit started a fire,Fire,critical,8.150063,125.139352,Violeta,2016-03-03T00:00:00,1,39,6,0,0,0,0,0,1,27,HIGH,0.2
REP-EXT-0769,Road covered by landslide debris,Landslide,high,8.159074,125.122749,Bangcud,2022-08-07T00:00:00,1,32,5,0,0,0,0,0,1,29,MEDIUM,0.21
REP-EXT-0018,Strong earthquake alarmed residents,Earthquake,moderate,8.157081,125.128305,Barangay 9,2021-07-14T00:00:00,1,35,4,0,0,0,0,0,0,24,HIGH,0.05
REP-ONETAP-1043,Fire - Simaya,Fire,moderate,8.076902624810693,125.1407962725132,Simaya,2025-03-10T08:07:00,0,13,3,0,0,0,0,0,0,15,NONE,7.04
REP-TEXT-2041,Typhoon approaching region moderate continuous rains and gusty winds,Typhoon,high,8.154735222894997,125.13089282819809,Barangay 10,2025-02-18T19:23:00,1,68,9,0,0,0,0,0,0,15,HIGH,0.17
REP-EXT-0286,Strong earthquake alarmed residents,Earthquake,high,8.149523,125.142194,Violeta,2022-12-28T00:00:00,1,35,4,0,0,0,0,0,1,32,HIGH,0.25
REP-EXT-0429,Strong earthquake alarmed residents,Earthquake,moderate,8.158949,125.124481,Casisang,2015-09-07T00:00:00,1,35,4,0,0,0,0,0,1,33,MEDIUM,0.38
REP-TEXT-1922,Landslide blocking one lane of road soil slowly sliding,Landslide,moderate,8.159592202227273,125.13023964640497,Barangay 10,2025-03-20T06:21:00,1,55,9,0,0,0,0,0,0,22,LOW,0.36
REP-ONETAP-1357,,Earthquake,moderate,8.156611895950768,125.12821701047147,Barangay 6,2025-09-10T04:04:00,0,0,0,0,0,0,0,0,0,15,HIGH,0.03
REP-EXT-0670,River overflow causing flooding in the area,Flood,moderate,8.151978,125.128579,Sumpong,2018-10-28T00:00:00,1,43,7,0,0,0,0,0,0,22,MEDIUM,0.21
REP-EXT-0032,River overflow causing flooding in the area,Flood,high,8.157003,125.127456,Malaybalay Proper,2023-03-29T00:00:00,1,43,7,0,0,0,0,0,1,27,LOW,0.07
REP-EXT-0723,Electrical short circuit started a fire,Fire,high,8.15035,125.130094,Sumpong,2015-03-04T00:00:00,1,39,6,0,0,0,0,0,0,24,MEDIUM,0.13
REP-EXT-0952,Water rising quickly near our house,Flood,moderate,8.158561,125.121271,Bangcud,2024-03-29T00:00:00,1,35,6,0,0,0,0,0,0,23,MEDIUM,0.06
REP-TEXT-1765,Strong tremor caused building facade collapse road cracked open,Earthquake,high,8.155077414837388,125.12594341513704,Barangay 3,2025-05-18T13:12:00,1,63,9,1,1,0,0,0,0,15,HIGH,0.33
REP-EXT-0215,House on fire please send help,Fire,high,8.157798,125.126666,Barangay 9,2016-11-12T00:00:00,1,30,6,0,0,0,0,0,1,25,LOW,0.13
REP-TEXT-1790,Vigorous shaking caused power outage and superficial structure damage,Earthquake,moderate,8.150084486887128,125.11528274727277,Aglayan,2025-09-29T04:28:00,1,69,9,0,0,0,0,0,1,30,MEDIUM,0.44
REP-ONETAP-1165,Flood - Barangay 11,Flood,critical,8.154994686501066,125.12809220504994,Barangay 11,2025-09-27T03:47:00,0,19,4,0,0,0,0,0,1,27,HIGH,0.19
REP-EXT-0327,Landslide damaged farm area,Landslide,moderate,8.158364,125.125744,Barangay 10,2020-02-06T00:00:00,1,27,4,0,0,0,0,0,0,22,LOW,0.25
REP-EXT-0561,Fire spreading to nearby houses,Fire,high,8.157847,125.120884,Bangcud,2024-02-08T00:00:00,1,31,5,1,1,0,0,0,1,26,MEDIUM,0.04
REP-ONETAP-1087,Fire - Canayan,Fire,moderate,8.188643686495597,125.15456345437362,Canayan,2025-06-04T21:38:00,0,14,3,0,0,0,0,0,0,15,NONE,4.43
REP-TEXT-1831,Minor tremor felt faintly by few people at rest,Earthquake,moderate,8.185438520733813,125.15193005672555,Canayan,2025-08-09T10:43:00,1,47,9,0,0,1,0,0,0,15,NONE,3.98
REP-EXT-0342,Landslide blocking the road,Landslide,moderate,8.159144,125.125816,Barangay 10,2020-07-14T00:00:00,1,27,4,0,0,0,0,0,0,22,LOW,0.28
REP-EXT-0148,Landslide blocking the road,Landslide,high,8.148488,125.139183,Violeta,2022-12-26T00:00:00,1,27,4,0,0,0,0,0,1,30,HIGH,0.11
REP-TEXT-1841,Very slight vibration barely noticeable no damage,Earthquake,moderate,8.15276056914918,125.13414608465543,Barangay 8,2025-07-12T18:57:00,1,49,7,0,0,1,0,0,0,15,HIGH,0.36
REP-ONETAP-1108,Flood - Barangay 2,Flood,moderate,8.158857785473472,125.12724053583291,Barangay 2,2025-05-16T21:05:00,0,18,4,0,0,0,0,0,0,15,LOW,0.16
REP-EXT-0849,Electrical short circuit started a fire,Fire,high,8.147115,125.117343,Aglayan,2015-08-07T00:00:00,1,39,6,0,0,0,0,0,1,28,MEDIUM,0.07
REP-EXT-0967,Buildings shaking for several seconds,Earthquake,high,8.155295,125.133672,San Jose,2016-06-02T00:00:00,1,37,5,0,0,0,0,0,1,29,HIGH,0.15
REP-ONETAP-1073,Landslide - Malaybalay Proper,Landslide,moderate,8.154983465945946,125.12570498394807,Malaybalay Proper,2025-12-28T06:04:00,0,29,4,0,0,0,0,0,0,21,HIGH,0.36
REP-EXT-0156,Strong earthquake alarmed residents,Earthquake,moderate,8.159405,125.123157,Bangcud,2020-03-21T00:00:00,1,35,4,0,0,0,0,0,1,26,MEDIUM,0.27
REP-FA-2142,testing the app and button response,Landslide,low,8.135592972833871,125.13218723325686,Casisang,2025-07-22T14:33:00,1,35,6,0,0,1,1,1,1,29,HIGH,0.65
REP-FA-2111,lol this is just a prank fire,Flood,low,8.115679163244012,125.16914872110911,Santo Niño,2025-07-15T09:35:00,1,29,7,0,0,1,1,1,0,15,NONE,4.84
REP-ONETAP-1003,,Typhoon,high,8.1491121123743,125.14056747037762,Violeta,2025-08-18T18:17:00,0,0,0,0,0,0,0,0,0,15,HIGH,0.08
REP-TEXT-1845,Small tremor recorded mild shaking,Earthquake,low,8.173339964620318,125.11806721852119,Kalasungay,2025-07-17T07:24:00,1,34,5,0,0,1,0,0,0,15,NONE,1.74
REP-TEXT-2093,Light precipitation weather clearing up,Typhoon,high,8.152435338678428,125.13415018430452,Barangay 6,2025-10-22T04:28:00,1,39,5,0,0,0,0,0,0,15,HIGH,0.39
REP-TEXT-1849,Brief mild rumble felt on second floor only,Earthquake,high,8.14464697780292,125.14167449084233,Violeta,2025-07-01T20:19:00,1,43,8,0,0,0,0,0,1,32,HIGH,0.46
REP-FA-2210,joke lang walang sunog testing lang,Landslide,low,8.15325360985202,125.12584541997758,Barangay 2,2025-07-22T21:23:00,1,35,6,0,0,1,1,1,0,15,HIGH,0.48
REP-CLUSTER-2353,Torrential floodwater chest deep currents strong rescue boat needed,Flood,critical,8.114460548020402,125.16524784003516,Santo Niño,2026-01-12T10:51:00,1,67,9,0,0,0,0,0,0,15,NONE,4.68
REP-ONETAP-1204,Typhoon - Sumpong,Typhoon,high,8.150204881843269,125.13174240193001,Sumpong,2025-06-20T02:37:00,0,17,3,0,0,0,0,0,0,15,MEDIUM,0.21
REP-TEXT-1633,Torrential floodwater chest deep currents strong rescue boat needed,Flood,high,8.159322193928164,125.12650140919574,Barangay 10,2025-07-22T21:01:00,1,67,9,0,0,0,0,0,1,32,LOW,0.25
REP-CLUSTER-2346,Strong tremor caused building facade collapse road cracked open,Earthquake,critical,8.156394051168025,125.12662098236572,Barangay 5,2025-08-12T16:41:00,1,63,9,1,1,0,0,0,0,15,LOW,0.18
REP-ONETAP-1394,,Typhoon,high,8.151681179192973,125.13263264296022,Barangay 7,2025-05-24T19:34:00,0,0,0,0,0,0,0,0,0,15,MEDIUM,0.25
REP-CLUSTER-2352,Hillside erosion threatening foundation of roadside homes,Landslide,critical,8.158752210956651,125.12202108604971,Bangcud,2025-01-02T20:14:00,1,57,7,0,0,0,0,0,1,29,MEDIUM,0.12
REP-FA-2289,lol this is just a prank fire,Landslide,low,8.119310356076644,125.16489541066674,Santo Niño,2025-03-15T16:08:00,1,29,7,0,0,1,1,1,0,15,NONE,4.23
REP-TEXT-1981,Violent super typhoon winds ripping off roofs trees falling on houses,Typhoon,high,8.15811489807674,125.13127010257709,Barangay 1,2025-05-10T04:39:00,1,69,11,0,0,0,0,0,0,15,HIGH,0.32
REP-FA-2243,joke lang walang sunog testing lang,Landslide,low,8.116738031429287,125.16690293354357,Santo Niño,2025-02-14T04:08:00,1,35,6,0,0,1,1,1,0,15,NONE,4.59
REP-EXT-0939,Electrical short circuit started a fire,Fire,high,8.16075,125.125178,Casisang,2024-07-10T00:00:00,1,39,6,0,0,0,0,0,1,25,LOW,0.46
REP-FA-2245,drill simulation drill only do not dispatch,Typhoon,low,8.157297398260368,125.126857884738,Barangay 5,2025-02-14T09:49:00,1,43,7,0,0,1,1,1,0,15,LOW,0.11
REP-EXT-0347,Market stall caught fire,Fire,critical,8.148791,125.142099,Violeta,2020-10-25T00:00:00,1,24,4,0,0,0,0,0,1,27,HIGH,0.21
REP-TEXT-2085,Gentle rain without gusty winds,Typhoon,high,8.157701673951427,125.12367185838768,Barangay 5,2025-04-07T02:01:00,1,31,5,0,0,0,0,0,0,15,MEDIUM,0.27
REP-CLUSTER-2475,Large rockslide crushed vehicles and blocked main highway completely,Landslide,critical,8.155755797372363,125.13328062859995,San Jose,2025-02-06T16:46:00,1,68,9,0,0,0,0,0,1,28,HIGH,0.11
REP-ONETAP-1419,Fire - Canayan,Fire,moderate,8.184905195415636,125.15237311166298,Canayan,2025-07-23T16:18:00,0,14,3,0,0,0,0,0,0,15,NONE,3.96
REP-EXT-0386,Electrical short circuit started a fire,Fire,critical,8.156036,125.127094,Barangay 9,2023-10-25T00:00:00,1,39,6,0,0,0,0,0,1,25,HIGH,0.17
REP-TEXT-1581,Bonfire unattended spreading slightly to dry grass,Fire,moderate,8.158569289443758,125.13019930172514,Malaybalay Proper,2025-10-08T16:23:00,1,50,7,1,1,1,0,0,0,22,HIGH,0.28
REP-TEXT-2098,Mild windy weather with occasional light rain,Typhoon,high,8.15445024516864,125.1291436108527,Barangay 5,2025-08-31T09:48:00,1,45,7,0,0,0,0,0,0,15,HIGH,0.26
REP-EXT-0244,Landslide damaged farm area,Landslide,moderate,8.157846,125.128456,Barangay 10,2018-09-24T00:00:00,1,27,4,0,0,0,0,0,0,22,LOW,0.08
REP-TEXT-1623,Flash flood water rising to second floor residents trapped on roofs,Flood,critical,8.15526250205719,125.1251587635844,Barangay 9,2025-02-19T05:49:00,1,67,11,1,1,0,0,0,0,19,LOW,0.38
REP-EXT-0937,Heavy rain triggered landslide near homes,Landslide,high,8.154132,125.13103,San Jose,2016-10-27T00:00:00,1,41,6,0,0,0,0,0,1,28,HIGH,0.2
REP-FA-2222,sample test report for capstone evaluation,Fire,low,8.071219909444016,125.14073558309602,Simaya,2025-03-20T00:05:00,1,42,6,0,0,1,1,1,0,15,NONE,7.66
REP-EXT-0313,Market stall caught fire,Fire,critical,8.149745,125.140126,Violeta,2016-08-18T00:00:00,1,24,4,0,0,0,0,0,1,27,HIGH,0.14
REP-CLUSTER-2440,Steep mountain slide swept away structures active soil movement,Landslide,critical,8.154905742470799,125.13190443913193,San Jose,2025-06-07T23:26:00,1,63,9,0,0,0,0,0,1,28,HIGH,0.07
REP-TEXT-1525,Gas station explosion and uncontrolled fire spreading fast,Fire,moderate,8.16070971110569,125.12926429254136,Barangay 11,2025-11-21T18:37:00,1,58,8,1,1,1,0,0,1,26,LOW,0.39
REP-ONETAP-1333,,Earthquake,moderate,8.158243573495485,125.0343094018757,Cabangahan,2026-01-04T17:31:00,0,0,0,0,0,0,0,0,0,15,HIGH,0.22
REP-EXT-0969,Flood entering homes after heavy rain,Flood,high,8.15381,125.133964,San Jose,2021-07-19T00:00:00,1,37,6,0,0,0,0,0,1,32,HIGH,0.25
REP-EXT-0661,Market stall caught fire,Fire,high,8.159206,125.12593,Casisang,2023-03-05T00:00:00,1,24,4,0,0,0,0,0,1,25,LOW,0.28
REP-EXT-0936,Buildings shaking for several seconds,Earthquake,moderate,8.15704,125.120921,Bangcud,2020-04-13T00:00:00,1,37,5,0,0,0,0,0,1,26,MEDIUM,0.11
REP-EXT-0371,House on fire please send help,Fire,critical,8.156848,125.128002,Barangay 10,2017-09-18T00:00:00,1,30,6,0,0,0,0,0,1,25,HIGH,0.06
REP-EXT-0567,Minor tremor felt in the barangay,Earthquake,moderate,8.149162,125.14058,Violeta,2019-04-18T00:00:00,1,33,6,0,0,1,0,0,1,32,HIGH,0.08
REP-TEXT-1958,Small gravel and soil fell from slope safely cleared,Landslide,low,8.155553477302933,125.12595378314859,Barangay 10,2025-10-09T01:00:00,1,52,9,0,0,1,0,0,0,22,LOW,0.3
REP-EXT-0825,Landslide damaged farm area,Landslide,high,8.161346,125.127268,Casisang,2015-11-18T00:00:00,1,27,4,0,0,0,0,0,1,29,LOW,0.43
REP-EXT-0983,Market stall caught fire,Fire,high,8.15925,125.129735,Barangay 11,2021-01-30T00:00:00,1,24,4,0,0,0,0,0,1,26,LOW,0.29
REP-TEXT-1980,Small soil erosion in vacant lot no hazard,Landslide,low,8.155552633927636,125.12221295907833,Barangay 2,2025-05-30T23:39:00,1,42,8,0,0,1,0,0,0,15,MEDIUM,0.29
REP-ONETAP-1478,Flood - San Jose,Flood,moderate,8.153342622663985,125.12990754686584,San Jose,2025-07-29T22:35:00,0,16,4,0,0,0,0,0,1,32,MEDIUM,0.21
REP-FA-2149,prank call fake alarm haha,Flood,low,8.156781349086621,125.11926748887986,Barangay 3,2025-11-06T21:20:00,1,26,5,0,0,1,1,1,0,15,MEDIUM,0.25
REP-EXT-0814,Heavy rain triggered landslide near homes,Landslide,high,8.1628,125.127097,Casisang,2016-10-18T00:00:00,1,41,6,0,0,0,0,0,1,29,LOW,0.59
REP-EXT-0779,Smoke and flames seen in residential area,Fire,critical,8.158616,125.131149,Barangay 11,2016-04-17T00:00:00,1,41,7,0,0,0,0,0,1,26,HIGH,0.36
REP-ONETAP-1321,,Typhoon,high,8.153295305646951,125.13155876113105,San Jose,2025-04-26T09:54:00,0,0,0,0,0,0,0,0,0,15,MEDIUM,0.24
REP-TEXT-1522,Multiple houses on fire with children trapped send rescue immediately,Fire,critical,8.071780824510501,125.13902355311757,Simaya,2025-05-13T23:51:00,1,69,10,1,2,0,0,0,0,15,NONE,7.57
REP-ONETAP-1053,,Landslide,moderate,8.160351559508028,125.12413460230528,Barangay 2,2025-04-27T07:01:00,0,0,0,0,0,0,0,0,0,15,MEDIUM,0.42
REP-TEXT-1814,Moderate earthquake felt across barangay no visible damage,Earthquake,moderate,8.155918582502348,125.1243192374004,Barangay 2,2026-01-31T22:52:00,1,58,8,0,0,0,0,0,0,15,MEDIUM,0.41
REP-ONETAP-1014,Fire - Barangay 5,Fire,moderate,8.155857157762059,125.12504545647305,Barangay 5,2025-03-20T20:10:00,0,17,4,0,0,0,0,0,0,15,LOW,0.35
REP-ONETAP-1402,Typhoon - Barangay 9,Typhoon,high,8.15563719089754,125.12720155845602,Barangay 9,2025-10-17T15:50:00,0,20,4,0,0,0,0,0,0,15,HIGH,0.19
REP-TEXT-1710,Moderate water accumulation on low-lying purok road,Flood,moderate,8.138849904770044,125.12766904570296,Casisang,2025-09-15T09:21:00,1,51,7,0,0,0,0,0,0,18,HIGH,0.05
REP-TEXT-2072,Passing light rain shower with mild breeze,Typhoon,high,8.11143849340169,125.1685625778383,Santo Niño,2025-12-12T11:56:00,1,42,7,0,0,0,0,0,0,15,NONE,5.17
REP-TEXT-1754,Destructive ground shaking multiple structures damaged people injured,Earthquake,high,8.161182950539308,125.03490161053325,Cabangahan,2025-09-01T14:55:00,1,69,8,1,1,0,0,0,0,15,HIGH,0.36
REP-EXT-0127,Landslide blocking the road,Landslide,high,8.151595,125.131461,Sumpong,2020-12-30T00:00:00,1,27,4,0,0,0,0,0,1,26,MEDIUM,0.12
REP-EXT-0888,Flood entering homes after heavy rain,Flood,moderate,8.159608,125.126104,Casisang,2021-10-21T00:00:00,1,37,6,0,0,0,0,0,0,18,LOW,0.3
REP-TEXT-2030,Typhoon signal 3 destructive winds continuous heavy rainfall,Typhoon,high,8.186198744881839,125.15648716758383,Canayan,2026-01-13T21:25:00,1,60,8,0,0,0,0,0,0,15,NONE,4.34
REP-ONETAP-1348,,Fire,moderate,8.156804757109827,125.12684593996461,Barangay 3,2025-04-29T02:21:00,0,0,0,0,0,0,0,0,0,15,LOW,0.13
REP-ONETAP-1008,Landslide - Barangay 8,Landslide,moderate,8.15339890200053,125.13208075735024,Barangay 8,2025-07-06T05:23:00,0,22,4,0,0,0,0,0,0,15,HIGH,0.22
REP-EXT-0356,House on fire please send help,Fire,critical,8.148502,125.138958,Violeta,2024-04-06T00:00:00,1,30,6,0,0,0,0,0,1,27,HIGH,0.14
REP-ONETAP-1004,,Landslide,moderate,8.16305284420278,125.12695795589826,Barangay 1,2025-03-21T06:48:00,0,0,0,0,0,0,0,0,0,15,LOW,0.62
REP-EXT-0683,Road covered by landslide debris,Landslide,high,8.15715,125.120841,Bangcud,2018-03-29T00:00:00,1,32,5,0,0,0,0,0,1,29,MEDIUM,0.1
REP-EXT-0828,Heavy rain triggered landslide near homes,Landslide,high,8.157247,125.132001,San Jose,2018-06-15T00:00:00,1,41,6,0,0,0,0,0,1,28,HIGH,0.21
REP-ONETAP-1492,,Landslide,moderate,8.187635372062699,125.15331756300536,Canayan,2025-10-18T18:37:00,0,0,0,0,0,0,0,0,0,15,NONE,4.27
REP-EXT-0985,House on fire please send help,Fire,critical,8.156634,125.128345,Barangay 11,2017-04-21T00:00:00,1,30,6,0,0,0,0,0,1,26,HIGH,0.02
REP-ONETAP-1234,,Landslide,moderate,8.15053421977045,125.12852090330553,Sumpong,2025-09-23T08:51:00,0,0,0,0,0,0,0,0,1,26,MEDIUM,0.23
REP-FA-2122,test emergency alert system please ignore,Flood,low,8.13475833409834,125.12800046641466,Casisang,2025-03-12T16:18:00,1,41,6,0,0,1,1,1,0,18,HIGH,0.46
REP-EXT-0141,Floodwater already waist deep,Flood,high,8.158661,125.129656,Malaybalay Proper,2020-04-19T00:00:00,1,29,4,0,0,0,0,0,1,27,LOW,0.24
REP-EXT-0218,Strong shaking felt in our area,Earthquake,moderate,8.156886,125.126606,Barangay 9,2020-12-03T00:00:00,1,31,6,0,0,0,0,0,0,24,LOW,0.15
REP-TEXT-2049,Strong wind and intermittent rain small branches broken,Typhoon,low,8.153852530193255,125.12917669402819,Barangay 4,2025-06-16T07:49:00,1,55,8,0,0,1,0,0,0,15,MEDIUM,0.29
REP-TEXT-1655,Floodwater already waist deep entering living rooms,Flood,moderate,8.14698906386887,125.12993998676677,Barangay 7,2026-01-31T18:46:00,1,51,7,0,0,0,0,0,0,15,MEDIUM,0.5
REP-FA-2219,joke lang walang sunog testing lang,Typhoon,low,8.154006549641114,125.1236829500161,Barangay 10,2025-10-16T21:37:00,1,35,6,0,0,1,1,1,0,15,MEDIUM,0.52
REP-TEXT-1701,Creek water level high reaching road shoulder,Flood,moderate,8.159261829875426,125.12962233051624,Barangay 9,2025-08-13T00:12:00,1,45,7,0,0,0,0,0,0,19,LOW,0.28
REP-ONETAP-1454,,Landslide,moderate,8.157374185579762,125.12532632930635,Malaybalay Proper,2025-04-13T20:56:00,0,0,0,0,0,0,0,0,0,21,LOW,0.27
REP-EXT-0023,Road blocked due to floodwater,Flood,high,8.153575,125.13417,San Jose,2019-07-19T00:00:00,1,30,5,0,0,0,0,0,1,32,HIGH,0.29
REP-EXT-0712,Market stall caught fire,Fire,critical,8.154671,125.131994,San Jose,2017-10-27T00:00:00,1,24,4,0,0,0,0,0,1,29,HIGH,0.09
REP-ONETAP-1158,,Typhoon,high,8.15632953138496,125.13430215849978,San Jose,2025-05-24T01:44:00,0,0,0,0,0,0,0,0,0,15,HIGH,0.24
REP-TEXT-1685,Flood entering yard after heavy rain knee deep water,Flood,moderate,8.14921238468913,125.14213115233825,Violeta,2026-01-25T22:36:00,1,52,9,0,0,0,0,0,0,13,HIGH,0.23
REP-EXT-0872,Heavy rain triggered landslide near homes,Landslide,high,8.147081,125.14196,Violeta,2018-02-10T00:00:00,1,41,6,0,0,0,0,0,1,30,HIGH,0.25
REP-ONETAP-1462,Flood - Barangay 6,Flood,moderate,8.155442618520764,125.12774154426111,Barangay 6,2025-01-11T16:30:00,0,18,4,0,0,0,0,0,0,15,HIGH,0.16
REP-EXT-0011,Water rising quickly near our house,Flood,moderate,8.156647,125.12722,Barangay 9,2015-12-16T00:00:00,1,35,6,0,0,0,0,0,0,19,LOW,0.11
REP-TEXT-1741,Major violent earthquake building collapsed people trapped under rubble,Earthquake,critical,8.191334985064287,125.15207686985464,Canayan,2025-06-16T21:32:00,1,71,9,1,2,0,0,0,0,15,NONE,4.55
REP-CLUSTER-2357,Street submerged under 3 feet of water cars stalling,Flood,critical,8.157137673347806,125.12817963498604,Barangay 9,2025-04-11T00:11:00,1,52,9,0,0,0,0,0,0,19,LOW,0.06
REP-CLUSTER-2324,Vigorous shaking caused power outage and superficial structure damage,Earthquake,critical,8.11596759100271,125.1642495277295,Santo Niño,2025-08-16T00:14:00,1,69,9,0,0,0,0,0,0,15,NONE,4.48
REP-ONETAP-1316,,Landslide,moderate,8.156668404907311,125.12306542038033,Barangay 2,2025-04-22T01:08:00,0,0,0,0,0,0,0,0,0,15,MEDIUM,0.25
REP-EXT-0755,Soil and rocks falling from hillside,Landslide,high,8.158603,125.122322,Bangcud,2015-11-03T00:00:00,1,36,6,0,0,0,0,0,1,29,MEDIUM,0.14
REP-EXT-0627,Floodwater already waist deep,Flood,moderate,8.148515,125.140575,Violeta,2024-05-02T00:00:00,1,29,4,0,0,0,0,0,0,13,HIGH,0.04
REP-TEXT-1729,Puddle of rain water drying up slowly,Flood,high,8.156002792277166,125.1276552658362,Barangay 11,2025-11-10T10:23:00,1,37,7,0,0,0,0,0,1,27,HIGH,0.12
REP-ONETAP-1469,,Typhoon,moderate,8.184694296457563,125.1544143320047,Canayan,2025-10-17T03:59:00,0,0,0,0,0,0,0,0,0,15,NONE,4.07
REP-EXT-0130,Strong earthquake alarmed residents,Earthquake,moderate,8.152302,125.129203,Sumpong,2017-01-10T00:00:00,1,35,4,0,0,0,0,0,0,23,MEDIUM,0.16
REP-EXT-0844,Floodwater already waist deep,Flood,moderate,8.147283,125.117806,Aglayan,2023-02-11T00:00:00,1,29,4,0,0,0,0,0,0,18,MEDIUM,0.02
REP-EXT-0324,Strong earthquake alarmed residents,Earthquake,moderate,8.156138,125.127342,Malaybalay Proper,2016-06-05T00:00:00,1,35,4,0,0,0,0,0,0,24,HIGH,0.14
REP-FA-2157,joke lang walang sunog testing lang,Earthquake,low,8.192208707584276,125.15496939676379,Canayan,2025-06-14T01:01:00,1,35,6,0,0,1,1,1,0,15,NONE,4.79
REP-ONETAP-1449,Fire - Barangay 7,Fire,high,8.151742040491131,125.13003343846289,Barangay 7,2025-05-13T02:01:00,0,17,4,0,0,0,0,0,0,15,MEDIUM,0.05
REP-ONETAP-1285,Earthquake - Barangay 2,Earthquake,moderate,8.156925782049685,125.12708484772499,Barangay 2,2025-12-02T08:47:00,0,23,4,0,0,0,0,0,0,15,LOW,0.1
REP-CLUSTER-2422,"Fire breaking out in commercial store, smoke filling area",Fire,critical,8.157962540545206,125.03578449796744,Cabangahan,2025-12-18T22:46:00,1,57,9,0,0,0,0,0,0,15,HIGH,0.07
REP-EXT-0015,Fire spreading to nearby houses,Fire,high,8.153145,125.131955,Sumpong,2016-08-03T00:00:00,1,31,5,1,1,0,0,0,0,24,MEDIUM,0.25
REP-TEXT-2047,Strong wind and intermittent rain small branches broken,Typhoon,low,8.155264364885419,125.1174325218013,Bangcud,2025-09-21T03:04:00,1,55,8,0,0,1,0,0,0,15,MEDIUM,0.51
REP-EXT-0216,Earthquake caused cracks in the wall,Earthquake,moderate,8.152122,125.129332,Sumpong,2017-01-15T00:00:00,1,36,6,0,0,0,0,0,0,23,MEDIUM,0.14
REP-TEXT-1625,Flash flood water rising to second floor residents trapped on roofs,Flood,critical,8.158236115871285,125.12470540105491,Barangay 10,2025-12-17T13:53:00,1,67,11,1,1,0,0,0,1,32,LOW,0.35
REP-TEXT-1938,Slope erosion noticed near drainage ditch,Landslide,moderate,8.156866962123472,125.13046787943117,Barangay 6,2026-01-22T14:36:00,1,41,6,0,0,0,0,0,0,15,HIGH,0.22
REP-ONETAP-1183,,Typhoon,high,8.15910005310711,125.12193347942042,Barangay 3,2025-02-11T08:28:00,0,0,0,0,0,0,0,0,0,15,MEDIUM,0.15
REP-TEXT-1651,Floodwater already waist deep entering living rooms,Flood,moderate,8.158668356936357,125.12501295108058,Barangay 3,2026-01-08T02:57:00,1,51,7,0,0,0,0,0,0,15,LOW,0.33
REP-TEXT-1562,Smoke and flames seen from vacant lot,Fire,critical,8.158689814090177,125.13216139880433,San Jose,2025-10-19T21:28:00,1,37,7,0,0,0,0,0,1,29,HIGH,0.37
REP-EXT-0865,House on fire please send help,Fire,high,8.15013,125.128932,Sumpong,2016-04-17T00:00:00,1,30,6,0,0,0,0,0,0,24,MEDIUM,0.22
REP-EXT-0517,Road blocked due to floodwater,Flood,high,8.155798,125.127564,Malaybalay Proper,2017-12-18T00:00:00,1,30,5,0,0,0,0,0,1,27,HIGH,0.14
REP-EXT-0598,Market stall caught fire,Fire,critical,8.157435,125.130674,Barangay 11,2024-11-18T00:00:00,1,24,4,0,0,0,0,0,1,26,HIGH,0.25
REP-EXT-0196,Landslide blocking the road,Landslide,high,8.14701,125.141935,Violeta,2023-04-11T00:00:00,1,27,4,0,0,0,0,0,1,30,HIGH,0.25
REP-ONETAP-1278,Typhoon - Barangay 5,Typhoon,moderate,8.155277760658732,125.12572335009621,Barangay 5,2025-08-30T23:46:00,0,20,4,0,0,0,0,0,0,15,LOW,0.34
REP-EXT-0289,River overflow causing flooding in the area,Flood,moderate,8.152665,125.130508,Sumpong,2016-09-16T00:00:00,1,43,7,0,0,0,0,0,0,22,MEDIUM,0.13
REP-EXT-0951,Road blocked due to floodwater,Flood,moderate,8.159241,125.119554,Bangcud,2017-04-29T00:00:00,1,30,5,0,0,0,0,0,0,23,MEDIUM,0.23
REP-CLUSTER-2351,Severe seismic shaking cracked bridge collapsed school wall,Earthquake,critical,8.187632193818137,125.1534713209691,Canayan,2025-06-18T05:06:00,1,59,8,1,2,0,0,0,0,15,NONE,4.27
REP-TEXT-1855,Slight shake noticed no issues reported,Earthquake,moderate,8.156137870009646,125.12515405819728,Barangay 5,2025-03-12T18:34:00,1,39,6,0,0,1,0,0,0,15,LOW,0.33
REP-CLUSTER-2382,Gas station explosion and uncontrolled fire spreading fast,Fire,critical,8.115075208012755,125.16465215902906,Santo Niño,2025-01-17T04:09:00,1,58,8,1,1,1,0,0,0,15,NONE,4.59
REP-ONETAP-1121,,Landslide,moderate,8.162445962318898,125.12925556156615,Barangay 1,2025-09-23T11:39:00,0,0,0,0,0,0,0,0,0,15,LOW,0.57
REP-TEXT-1573,Overheated electrical transformer sparking and caught small fire,Fire,low,8.157172756757987,125.1302100903018,Malaybalay Proper,2025-08-18T02:54:00,1,64,8,0,0,1,0,0,0,22,HIGH,0.2
REP-EXT-0550,Strong earthquake alarmed residents,Earthquake,moderate,8.148148,125.116275,Aglayan,2022-06-23T00:00:00,1,35,4,0,0,0,0,0,1,30,MEDIUM,0.22
REP-EXT-0157,Road blocked due to floodwater,Flood,high,8.15547,125.128115,Barangay 10,2022-07-18T00:00:00,1,30,5,0,0,0,0,0,1,32,HIGH,0.14
REP-EXT-0420,Flood entering homes after heavy rain,Flood,moderate,8.162249,125.126926,Casisang,2024-09-27T00:00:00,1,37,6,0,0,0,0,0,0,18,LOW,0.54
REP-EXT-0923,Minor tremor felt in the barangay,Earthquake,moderate,8.1557,125.132589,San Jose,2022-11-06T00:00:00,1,33,6,0,0,1,0,0,1,29,HIGH,0.05
REP-TEXT-1642,Dam overflowing sudden massive surge of water entering all homes,Flood,critical,8.139957396110873,125.12378515657727,Casisang,2025-12-10T02:16:00,1,64,10,1,1,0,0,0,0,18,HIGH,0.4
REP-EXT-0478,Market stall caught fire,Fire,critical,8.155621,125.130445,Barangay 9,2024-06-18T00:00:00,1,24,4,0,0,0,0,0,1,25,HIGH,0.21
REP-TEXT-1606,Small grass fire controlled with garden hose,Fire,low,8.159449359729967,125.12542469778182,Malaybalay Proper,2026-02-04T14:53:00,1,44,7,0,0,2,0,0,0,22,LOW,0.34
REP-FA-2270,sample test report for capstone evaluation,Typhoon,low,8.159380652575102,125.13681840541157,San Jose,2025-01-16T14:09:00,1,42,6,0,0,1,1,1,0,15,HIGH,0.67
REP-ONETAP-1472,Fire - Santo Niño,Fire,moderate,8.112406768680385,125.16353994764927,Santo Niño,2025-01-25T12:28:00,0,17,4,0,0,0,0,0,0,15,NONE,4.77
REP-EXT-0554,Buildings shaking for several seconds,Earthquake,moderate,8.159172,125.121884,Bangcud,2016-12-19T00:00:00,1,37,5,0,0,0,0,0,1,26,MEDIUM,0.15
REP-ONETAP-1203,,Earthquake,moderate,8.158973386323357,125.1268141931052,Barangay 11,2025-02-18T17:43:00,0,0,0,0,0,0,0,0,1,26,LOW,0.2
REP-EXT-0391,Heavy rain triggered landslide near homes,Landslide,moderate,8.159252,125.128716,Barangay 11,2019-02-28T00:00:00,1,41,6,0,0,0,0,0,0,16,LOW,0.22
REP-EXT-0579,Smoke and flames seen in residential area,Fire,critical,8.156154,125.128992,Barangay 10,2022-06-25T00:00:00,1,41,7,0,0,0,0,0,1,25,HIGH,0.08
REP-CLUSTER-2314,Heavy rain triggered landslide near homes blocking access road,Landslide,critical,8.151275071259626,125.13264750491324,Barangay 8,2025-01-01T14:53:00,1,62,9,0,0,0,0,0,0,15,MEDIUM,0.25
REP-CLUSTER-2368,Flash flood water rising to second floor residents trapped on roofs,Flood,critical,8.157050045709143,125.12675416592614,Barangay 10,2025-05-11T17:05:00,1,67,11,1,1,0,0,0,1,32,LOW,0.13
REP-FA-2267,drill simulation drill only do not dispatch,Fire,low,8.149191084609155,125.12995749838718,Barangay 7,2025-08-31T10:18:00,1,43,7,0,0,1,1,1,0,15,MEDIUM,0.26
REP-EXT-0821,Strong earthquake alarmed residents,Earthquake,moderate,8.157139,125.119652,Bangcud,2020-04-19T00:00:00,1,35,4,0,0,0,0,0,1,26,MEDIUM,0.2
REP-CLUSTER-2486,Mudflow blocked purok entrance soil continuing to loosen,Landslide,critical,8.186862193187832,125.1537683829546,Canayan,2025-10-20T04:06:00,1,56,8,0,0,0,0,0,0,15,NONE,4.22
REP-ONETAP-1007,Fire - Casisang,Fire,critical,8.13926411287154,125.12842743101729,Casisang,2026-01-31T09:05:00,0,15,3,0,0,0,0,0,1,25,HIGH,0.14
REP-ONETAP-1249,Landslide - Barangay 3,Landslide,moderate,8.154194488631605,125.12338895988462,Barangay 3,2026-01-29T13:52:00,0,22,4,0,0,0,0,0,0,15,MEDIUM,0.49
REP-TEXT-2059,Moderate storm winds blowing loose signs and tarpaulins,Typhoon,high,8.146733367026718,125.14204014203715,Violeta,2026-01-12T07:15:00,1,55,8,0,0,0,0,0,0,15,HIGH,0.28
REP-EXT-0665,Buildings shaking for several seconds,Earthquake,moderate,8.149855,125.129789,Sumpong,2020-10-09T00:00:00,1,37,5,0,0,0,0,0,0,23,MEDIUM,0.19
REP-CLUSTER-2463,Severe flooding elderly residents unable to evacuate trapped inside,Flood,critical,8.146380883508854,125.11838356909651,Aglayan,2026-01-28T19:04:00,1,67,9,1,2,0,0,0,0,18,MEDIUM,0.1
REP-EXT-0143,River overflow causing flooding in the area,Flood,moderate,8.15488,125.127783,Barangay 9,2017-12-23T00:00:00,1,43,7,0,0,0,0,0,0,19,HIGH,0.22
REP-FA-2175,lol this is just a prank fire,Earthquake,low,8.153259669829342,125.128469347586,Barangay 7,2025-05-12T21:38:00,1,29,7,0,0,1,1,1,0,15,MEDIUM,0.29
REP-TEXT-1826,Earthquake tremors felt alarmed neighbors stepped outside,Earthquake,moderate,8.188261057530358,125.1538378347689,Canayan,2025-04-24T13:18:00,1,57,7,0,0,0,0,0,0,15,NONE,4.36
REP-EXT-0422,Road covered by landslide debris,Landslide,high,8.156407,125.13303,San Jose,2018-11-23T00:00:00,1,32,5,0,0,0,0,0,1,28,HIGH,0.14
REP-EXT-0800,Heavy rain triggered landslide near homes,Landslide,moderate,8.158029,125.126373,Malaybalay Proper,2017-11-02T00:00:00,1,41,6,0,0,0,0,0,0,21,LOW,0.17
REP-EXT-0616,Market stall caught fire,Fire,high,8.157101,125.126774,Barangay 10,2015-06-22T00:00:00,1,24,4,0,0,0,0,0,1,25,LOW,0.12
REP-ONETAP-1319,Flood - Malaybalay Proper,Flood,moderate,8.160191121530161,125.13007828334578,Malaybalay Proper,2025-08-07T17:31:00,0,25,4,0,0,0,0,0,1,27,LOW,0.39
REP-EXT-0296,House on fire please send help,Fire,high,8.158726,125.122768,Bangcud,2024-11-14T00:00:00,1,30,6,0,0,0,0,0,1,26,MEDIUM,0.19
REP-EXT-0402,Minor tremor felt in the barangay,Earthquake,moderate,8.146942,125.116671,Aglayan,2023-04-17T00:00:00,1,33,6,0,0,1,0,0,1,30,MEDIUM,0.15
REP-EXT-0089,Market stall caught fire,Fire,high,8.153251,125.128869,Sumpong,2018-05-06T00:00:00,1,24,4,0,0,0,0,0,0,24,MEDIUM,0.26
REP-TEXT-2036,Dangerous wind gusts breaking tree branches and smashing windows,Typhoon,high,8.183557791959013,125.15720909565027,Canayan,2025-12-28T20:37:00,1,64,9,1,1,0,0,0,0,15,NONE,4.16
REP-CLUSTER-2460,Heavy continuous rain caused river to overflow into streets,Flood,critical,8.075081335816396,125.14148671199696,Simaya,2025-02-24T13:45:00,1,59,9,0,0,0,0,0,0,15,NONE,7.26
REP-EXT-0132,Floodwater already waist deep,Flood,high,8.158674,125.126444,Malaybalay Proper,2022-02-19T00:00:00,1,29,4,0,0,0,0,0,1,27,LOW,0.2
REP-TEXT-1574,Overheated electrical transformer sparking and caught small fire,Fire,low,8.08198764916939,125.15652849221937,Linabo,2025-09-12T23:41:00,1,64,8,0,0,1,0,0,0,15,NONE,7.09
REP-TEXT-1563,Smoke and flames seen from vacant lot,Fire,high,8.0794500844843,125.15703800623292,Linabo,2025-07-03T19:01:00,1,37,7,0,0,0,0,0,0,15,NONE,7.37
REP-TEXT-1829,Earthquake tremors felt alarmed neighbors stepped outside,Earthquake,high,8.147688216298928,125.13967592888913,Violeta,2025-12-24T04:48:00,1,57,7,0,0,0,0,0,1,32,HIGH,0.11
REP-ONETAP-1403,,Fire,high,8.160264927948232,125.13107352413452,Barangay 11,2025-08-24T00:07:00,0,0,0,0,0,0,0,0,1,26,LOW,0.47
REP-TEXT-2053,Tropical depression bringing steady rainfall and breezy conditions,Typhoon,high,8.174661921544065,125.11255323938322,Kalasungay,2025-07-03T08:12:00,1,66,8,0,0,0,0,0,0,15,NONE,2.08
REP-FA-2168,prank call fake alarm haha,Landslide,low,8.152372697765115,125.13151185671472,Barangay 9,2025-04-18T11:50:00,1,26,5,0,0,1,1,1,0,12,MEDIUM,0.16
REP-TEXT-2002,Extreme storm surge combined with gale force winds devastating coastal/river area,Typhoon,high,8.161937324070024,125.12896801304285,Barangay 2,2025-12-23T05:16:00,1,81,11,0,0,0,0,0,0,15,LOW,0.51
REP-EXT-0725,Floodwater already waist deep,Flood,moderate,8.148306,125.117842,Aglayan,2016-01-01T00:00:00,1,29,4,0,0,0,0,0,0,18,MEDIUM,0.12
REP-ONETAP-1315,,Typhoon,moderate,8.15994399776486,125.12640374541733,Barangay 1,2025-11-03T21:45:00,0,0,0,0,0,0,0,0,0,15,LOW,0.31
REP-TEXT-1768,Strong tremor caused building facade collapse road cracked open,Earthquake,high,8.148702315540351,125.12895516317798,Barangay 8,2025-01-26T17:01:00,1,63,9,1,1,0,0,0,0,15,MEDIUM,0.35
REP-EXT-0270,Smoke and flames seen in residential area,Fire,high,8.146908,125.118639,Aglayan,2015-04-07T00:00:00,1,41,7,0,0,0,0,0,1,28,MEDIUM,0.08
REP-TEXT-1781,Heavy shaking felt for 30 seconds items fell from shelves cracks on road,Earthquake,high,8.154157196736085,125.12931315024156,Barangay 10,2025-01-05T01:37:00,1,72,13,0,0,0,0,0,1,29,HIGH,0.3
REP-TEXT-2068,Rainy weather with occasional strong gusts,Typhoon,high,8.140425079119526,125.12467956590592,Casisang,2025-07-09T20:29:00,1,42,6,0,0,0,0,0,0,15,HIGH,0.33
REP-ONETAP-1373,,Typhoon,high,8.156258400085061,125.12870561998517,Barangay 10,2025-09-01T03:28:00,0,0,0,0,0,0,0,0,0,15,HIGH,0.05
REP-EXT-0918,Minor tremor felt in the barangay,Earthquake,moderate,8.146427,125.117568,Aglayan,2021-08-24T00:00:00,1,33,6,0,0,1,0,0,1,30,MEDIUM,0.1
REP-TEXT-1611,Test fire safety drill conducted at school grounds,Fire,low,8.157871888461472,125.12504012918505,Barangay 10,2025-06-19T14:45:00,1,50,8,0,0,1,1,1,1,25,LOW,0.31
REP-ONETAP-1320,Landslide - Barangay 2,Landslide,moderate,8.161033741412062,125.12844951845899,Barangay 2,2025-06-13T22:26:00,0,22,4,0,0,0,0,0,0,15,LOW,0.4
REP-FA-2139,dummy alert testing gps coordinates,Earthquake,low,8.155758160203863,125.12611250457948,Barangay 5,2026-01-05T01:05:00,1,35,5,0,0,1,1,1,0,15,LOW,0.27
REP-TEXT-2022,Severe tropical storm heavy rain combined with damaging gusts,Typhoon,high,8.14979747321212,125.13451963076795,Barangay 7,2025-08-19T00:02:00,1,61,9,1,1,0,0,0,0,15,MEDIUM,0.49
REP-TEXT-1594,Small trash can fire already contained by neighbors,Fire,low,8.158884096619701,125.13336066627606,San Jose,2025-04-13T06:39:00,1,51,8,0,0,3,0,0,1,29,HIGH,0.4
REP-CLUSTER-2491,Strong earthquake alarmed residents cracked walls and shattered windows,Earthquake,critical,8.150105281000751,125.12997564185801,Barangay 7,2025-02-13T03:32:00,1,71,9,0,0,0,0,0,0,15,MEDIUM,0.16
REP-EXT-0376,Strong earthquake alarmed residents,Earthquake,moderate,8.147372,125.117623,Aglayan,2019-06-02T00:00:00,1,35,4,0,0,0,0,0,1,30,MEDIUM,0.05
REP-EXT-0334,Heavy rain triggered landslide near homes,Landslide,moderate,8.159719,125.129779,Barangay 11,2018-11-02T00:00:00,1,41,6,0,0,0,0,0,0,16,LOW,0.33
REP-TEXT-1792,Vigorous shaking caused power outage and superficial structure damage,Earthquake,moderate,8.18970734325874,125.15384766186351,Canayan,2026-01-11T05:56:00,1,69,9,0,0,0,0,0,0,15,NONE,4.49
REP-CLUSTER-2349,Floodwaters entering homes rapidly after heavy downpour,Flood,critical,8.158217404411058,125.12764412228083,Malaybalay Proper,2025-11-24T06:50:00,1,55,7,1,1,0,0,0,1,27,LOW,0.08
REP-ONETAP-1119,Earthquake - Barangay 6,Earthquake,moderate,8.154478821981474,125.1313620420439,Barangay 6,2025-07-25T17:02:00,0,23,4,0,0,0,0,0,0,15,HIGH,0.15
REP-ONETAP-1443,,Landslide,moderate,8.18515383700231,125.15143394650062,Canayan,2025-07-28T03:34:00,0,0,0,0,0,0,0,0,0,15,NONE,3.92
REP-EXT-0911,Floodwater already waist deep,Flood,high,8.156294,125.125179,Barangay 10,2020-03-13T00:00:00,1,29,4,0,0,0,0,0,1,32,LOW,0.32
REP-EXT-0777,Buildings shaking for several seconds,Earthquake,high,8.148343,125.141066,Violeta,2016-02-25T00:00:00,1,37,5,0,0,0,0,0,1,32,HIGH,0.1
REP-TEXT-1744,Major violent earthquake building collapsed people trapped under rubble,Earthquake,critical,8.077461737151657,125.14069910647999,Simaya,2025-11-20T19:36:00,1,71,9,1,2,0,0,0,0,15,NONE,6.98
REP-EXT-0329,Flood entering homes after heavy rain,Flood,moderate,8.147164,125.116583,Aglayan,2021-09-28T00:00:00,1,37,6,0,0,0,0,0,0,18,MEDIUM,0.16
REP-ONETAP-1343,Fire - Barangay 11,Fire,critical,8.158295139767706,125.13164776188017,Barangay 11,2025-01-22T07:13:00,0,18,4,0,0,0,0,0,1,26,HIGH,0.33
REP-EXT-0321,Heavy rain triggered landslide near homes,Landslide,high,8.154257,125.133593,San Jose,2020-01-26T00:00:00,1,41,6,0,0,0,0,0,1,28,HIGH,0.19
REP-TEXT-2011,Strong typhoon winds blowing off tin roofs and toppling electric posts,Typhoon,high,8.159316846691995,125.11933149184892,Bangcud,2025-12-25T10:57:00,1,70,11,0,0,0,0,0,0,15,MEDIUM,0.25
REP-EXT-0013,Floodwater already waist deep,Flood,moderate,8.159982,125.126441,Casisang,2023-03-05T00:00:00,1,29,4,0,0,0,0,0,0,18,LOW,0.31
REP-EXT-0898,Buildings shaking for several seconds,Earthquake,moderate,8.162872,125.125435,Casisang,2021-09-03T00:00:00,1,37,5,0,0,0,0,0,1,33,LOW,0.65
REP-EXT-0172,Soil and rocks falling from hillside,Landslide,moderate,8.157278,125.126712,Barangay 10,2015-03-01T00:00:00,1,36,6,0,0,0,0,0,0,22,LOW,0.12
REP-EXT-0261,Earthquake caused cracks in the wall,Earthquake,moderate,8.160012,125.125243,Casisang,2019-01-11T00:00:00,1,36,6,0,0,0,0,0,1,33,LOW,0.4
REP-CLUSTER-2403,Multiple houses on fire with children trapped send rescue immediately,Fire,critical,8.161713977114864,125.1283544732078,Barangay 1,2026-01-15T12:10:00,1,69,10,1,2,0,0,0,0,15,LOW,0.47
REP-EXT-0690,Landslide damaged farm area,Landslide,high,8.150024,125.130945,Sumpong,2015-02-12T00:00:00,1,27,4,0,0,0,0,0,1,26,MEDIUM,0.17
REP-EXT-0902,Smoke and flames seen in residential area,Fire,high,8.156807,125.127761,Barangay 9,2017-01-19T00:00:00,1,41,7,0,0,0,0,0,1,25,LOW,0.08
REP-EXT-0259,Strong shaking felt in our area,Earthquake,high,8.153692,125.132132,San Jose,2024-04-27T00:00:00,1,31,6,0,0,0,0,0,1,29,HIGH,0.19
REP-EXT-0845,River overflow causing flooding in the area,Flood,high,8.153576,125.133722,San Jose,2018-10-03T00:00:00,1,43,7,0,0,0,0,0,1,32,HIGH,0.26
REP-CLUSTER-2303,Multiple houses on fire with children trapped send rescue immediately,Fire,critical,8.115677834881659,125.16515910550125,Santo Niño,2025-11-07T10:25:00,1,69,10,1,2,0,0,0,0,15,NONE,4.57
REP-EXT-0139,Buildings shaking for several seconds,Earthquake,moderate,8.155459,125.125844,Barangay 10,2021-04-24T00:00:00,1,37,5,0,0,0,0,0,1,29,LOW,0.31
REP-EXT-0320,Fire spreading to nearby houses,Fire,high,8.145633,125.117867,Aglayan,2017-12-07T00:00:00,1,31,5,1,1,0,0,0,1,28,MEDIUM,0.17
REP-EXT-0654,Strong shaking felt in our area,Earthquake,moderate,8.157414,125.126262,Barangay 10,2021-09-03T00:00:00,1,31,6,0,0,0,0,0,1,29,LOW,0.17
REP-FA-2203,drill simulation drill only do not dispatch,Flood,low,8.074941490301379,125.13924483949792,Simaya,2026-02-05T08:18:00,1,43,7,0,0,1,1,1,0,15,NONE,7.22
REP-TEXT-1815,Moderate earthquake felt across barangay no visible damage,Earthquake,high,8.155407657093948,125.12742930522627,Barangay 10,2025-10-12T18:59:00,1,58,8,0,0,0,0,0,1,29,HIGH,0.19
REP-EXT-0559,Water rising quickly near our house,Flood,high,8.157005,125.126374,Malaybalay Proper,2016-07-01T00:00:00,1,35,6,0,0,0,0,0,1,27,LOW,0.17
REP-EXT-0140,House on fire please send help,Fire,high,8.159278,125.129736,Barangay 11,2016-06-21T00:00:00,1,30,6,0,0,0,0,0,1,26,LOW,0.29
REP-EXT-0113,Road blocked due to floodwater,Flood,moderate,8.154987,125.127111,Barangay 9,2020-03-30T00:00:00,1,30,5,0,0,0,0,0,0,19,HIGH,0.24
REP-EXT-0532,Heavy rain triggered landslide near homes,Landslide,moderate,8.157699,125.128496,Malaybalay Proper,2021-07-25T00:00:00,1,41,6,0,0,0,0,0,0,21,LOW,0.08
REP-EXT-0225,Road blocked due to floodwater,Flood,moderate,8.158552,125.127329,Barangay 9,2015-07-04T00:00:00,1,30,5,0,0,0,0,0,0,19,LOW,0.13
REP-EXT-0724,Electrical short circuit started a fire,Fire,critical,8.147748,125.142157,Violeta,2020-05-11T00:00:00,1,39,6,0,0,0,0,0,1,27,HIGH,0.23
REP-CLUSTER-2320,Strong earthquake alarmed residents cracked walls and shattered windows,Earthquake,critical,8.157583259609499,125.1294195986831,Barangay 11,2025-12-21T04:41:00,1,71,9,0,0,0,0,0,1,26,HIGH,0.14
REP-FA-2137,prank call fake alarm haha,Earthquake,low,8.159735256981682,125.1172732450471,Bangcud,2025-08-06T06:32:00,1,26,5,0,0,1,1,1,1,26,MEDIUM,0.47
REP-ONETAP-1434,Earthquake - Casisang,Earthquake,moderate,8.137004026920717,125.12758284044494,Casisang,2025-05-05T14:23:00,0,21,3,0,0,0,0,0,1,33,HIGH,0.2
REP-EXT-0326,Water rising quickly near our house,Flood,moderate,8.155666,125.127108,Barangay 9,2022-01-04T00:00:00,1,35,6,0,0,0,0,0,0,19,HIGH,0.19
REP-ONETAP-1324,,Earthquake,moderate,8.158847508273844,125.12594288971057,Malaybalay Proper,2025-11-06T19:02:00,0,0,0,0,0,0,0,0,0,24,LOW,0.25
REP-TEXT-1940,Soil displacement along highway shoulder rocks scattered,Landslide,moderate,8.160379586161602,125.12114977347022,Barangay 3,2025-11-12T08:58:00,1,56,7,0,0,0,0,0,0,15,MEDIUM,0.26
REP-ONETAP-1459,Flood - Cabangahan,Flood,moderate,8.155635451935115,125.03927835229103,Cabangahan,2025-07-18T11:59:00,0,18,3,0,0,0,0,0,0,15,HIGH,0.44
REP-TEXT-1928,Small mudslide on hillside after continuous rainfall,Landslide,low,8.07349984640017,125.14262047867527,Simaya,2025-06-09T20:57:00,1,52,7,0,0,1,0,0,0,15,NONE,7.46
REP-FA-2249,fake report test only,Landslide,low,8.11431787952628,125.16415685905879,Santo Niño,2025-11-02T23:35:00,1,21,4,0,0,1,1,1,0,15,NONE,4.63
REP-EXT-0715,Buildings shaking for several seconds,Earthquake,moderate,8.155872,125.12725,Malaybalay Proper,2024-06-08T00:00:00,1,37,5,0,0,0,0,0,0,24,HIGH,0.17
REP-EXT-0847,Strong earthquake alarmed residents,Earthquake,moderate,8.155889,125.126368,Barangay 10,2018-12-22T00:00:00,1,35,4,0,0,0,0,0,1,29,LOW,0.24
REP-EXT-0194,Electrical short circuit started a fire,Fire,critical,8.157941,125.130292,Barangay 9,2017-05-08T00:00:00,1,39,6,0,0,0,0,0,1,25,HIGH,0.24
REP-TEXT-1926,Landslide blocking one lane of road soil slowly sliding,Landslide,moderate,8.159909419123222,125.12597875898575,Barangay 2,2025-01-03T09:59:00,1,55,9,0,0,0,0,0,0,15,LOW,0.33
REP-EXT-0574,Road blocked due to floodwater,Flood,moderate,8.147387,125.119577,Aglayan,2015-11-14T00:00:00,1,30,5,0,0,0,0,0,0,18,MEDIUM,0.17
REP-EXT-0947,Smoke and flames seen in residential area,Fire,critical,8.155725,125.133007,San Jose,2024-09-04T00:00:00,1,41,7,0,0,0,0,0,1,29,HIGH,0.09
REP-EXT-0504,House on fire please send help,Fire,high,8.156104,125.126892,Malaybalay Proper,2022-07-11T00:00:00,1,30,6,0,0,0,0,0,0,22,LOW,0.18
REP-TEXT-1808,Noticeable tremor felt by people indoors doors rattling,Earthquake,moderate,8.072265411647194,125.14598746857642,Simaya,2025-08-15T11:57:00,1,55,8,0,0,0,0,0,0,15,NONE,7.68
REP-CLUSTER-2408,House fire with heavy black smoke visible from street,Fire,critical,8.15059997138219,125.13183207688662,Barangay 8,2025-06-22T06:43:00,1,53,9,0,0,0,0,0,0,15,MEDIUM,0.19
REP-EXT-0646,Floodwater already waist deep,Flood,high,8.155255,125.126836,Barangay 10,2017-10-19T00:00:00,1,29,4,0,0,0,0,0,1,32,HIGH,0.24
REP-EXT-0004,Buildings shaking for several seconds,Earthquake,moderate,8.155712,125.126267,Malaybalay Proper,2018-09-19T00:00:00,1,37,5,0,0,0,0,0,0,24,LOW,0.26
REP-TEXT-1778,Heavy shaking felt for 30 seconds items fell from shelves cracks on road,Earthquake,moderate,8.146777132097085,125.13064983674516,Barangay 7,2025-06-02T06:23:00,1,72,13,0,0,0,0,0,0,15,MEDIUM,0.53
REP-EXT-0468,Strong earthquake alarmed residents,Earthquake,high,8.158099,125.129359,Barangay 11,2022-12-01T00:00:00,1,35,4,0,0,0,0,0,1,26,HIGH,0.18
REP-ONETAP-1346,,Earthquake,moderate,8.116925414326712,125.16757324964152,Santo Niño,2025-05-04T18:53:00,0,0,0,0,0,0,0,0,0,15,NONE,4.63
REP-EXT-0006,Road covered by landslide debris,Landslide,moderate,8.147541,125.119351,Aglayan,2015-02-25T00:00:00,1,32,5,0,0,0,0,0,0,23,MEDIUM,0.15
REP-TEXT-2032,Typhoon signal 3 destructive winds continuous heavy rainfall,Typhoon,high,8.153072719087389,125.13091753911931,Barangay 4,2025-04-20T01:37:00,1,60,8,0,0,0,0,0,0,15,MEDIUM,0.18
REP-EXT-0920,Road blocked due to floodwater,Flood,moderate,8.15511,125.127622,Barangay 9,2019-11-23T00:00:00,1,30,5,0,0,0,0,0,0,19,HIGH,0.2
REP-EXT-0548,Water rising quickly near our house,Flood,high,8.156811,125.130351,San Jose,2024-03-29T00:00:00,1,35,6,0,0,0,0,0,1,32,HIGH,0.2
REP-EXT-0229,Water rising quickly near our house,Flood,high,8.153773,125.132208,San Jose,2020-09-13T00:00:00,1,35,6,0,0,0,0,0,1,32,HIGH,0.18
REP-ONETAP-1064,Flood - Linabo,Flood,moderate,8.082715564832174,125.15556032320046,Linabo,2025-04-26T06:09:00,0,14,3,0,0,0,0,0,0,15,NONE,6.97
REP-EXT-0543,Road blocked due to floodwater,Flood,moderate,8.161696,125.12638,Casisang,2017-07-13T00:00:00,1,30,5,0,0,0,0,0,0,18,LOW,0.49
REP-EXT-0243,Strong earthquake alarmed residents,Earthquake,moderate,8.159765,125.130724,Barangay 11,2016-01-06T00:00:00,1,35,4,0,0,0,0,0,1,26,LOW,0.41
REP-EXT-0899,Soil and rocks falling from hillside,Landslide,high,8.157354,125.119896,Bangcud,2015-04-11T00:00:00,1,36,6,0,0,0,0,0,1,29,MEDIUM,0.16
REP-TEXT-1755,Destructive ground shaking multiple structures damaged people injured,Earthquake,high,8.157524673291137,125.1251793154209,Barangay 10,2025-08-16T04:44:00,1,69,8,1,1,0,0,0,1,29,LOW,0.29
REP-ONETAP-1161,Typhoon - Bangcud,Typhoon,high,8.155550040542904,125.11947263489255,Bangcud,2025-01-26T10:15:00,0,17,3,0,0,0,0,0,0,15,MEDIUM,0.33
REP-TEXT-1833,Minor tremor felt faintly by few people at rest,Earthquake,moderate,8.1564221411555,125.12532391793255,Malaybalay Proper,2025-06-26T19:41:00,1,47,9,0,0,1,0,0,0,24,LOW,0.3
REP-TEXT-1689,Water rising slowly near our house gutter overflowing,Flood,moderate,8.177434297222847,125.11427076061739,Kalasungay,2025-02-24T04:27:00,1,53,8,0,0,0,0,0,0,15,NONE,2.29
REP-TEXT-1810,Noticeable tremor felt by people indoors doors rattling,Earthquake,high,8.157513474943235,125.13174470458186,San Jose,2026-01-07T10:38:00,1,55,8,0,0,0,0,0,1,29,HIGH,0.24
REP-EXT-0843,Market stall caught fire,Fire,critical,8.159358,125.131174,Barangay 11,2018-08-03T00:00:00,1,24,4,0,0,0,0,0,1,26,HIGH,0.42
REP-ONETAP-1374,,Earthquake,moderate,8.159480579593142,125.0352134568453,Cabangahan,2025-12-30T03:01:00,0,0,0,0,0,0,0,0,0,15,HIGH,0.18
REP-FA-2108,lol this is just a prank fire,Landslide,low,8.16300360673202,125.03553832198445,Cabangahan,2025-10-28T19:05:00,1,29,7,0,0,1,1,1,0,15,HIGH,0.53
REP-FA-2113,joke lang walang sunog testing lang,Flood,low,8.155245202215525,125.1241121954741,Bangcud,2025-06-03T20:53:00,1,35,6,0,0,1,1,1,0,23,MEDIUM,0.44
REP-TEXT-1527,Gas station explosion and uncontrolled fire spreading fast,Fire,moderate,8.159639982037586,125.12755335375844,Barangay 9,2025-06-02T13:03:00,1,58,8,1,1,1,0,0,1,25,LOW,0.24
REP-EXT-0277,Heavy rain triggered landslide near homes,Landslide,moderate,8.148122,125.118402,Aglayan,2021-12-02T00:00:00,1,41,6,0,0,0,0,0,0,23,MEDIUM,0.11
REP-EXT-0662,Road blocked due to floodwater,Flood,high,8.157777,125.12719,Barangay 10,2020-02-03T00:00:00,1,30,5,0,0,0,0,0,1,32,LOW,0.07
REP-TEXT-1827,Earthquake tremors felt alarmed neighbors stepped outside,Earthquake,moderate,8.158090946387906,125.12468409920527,Barangay 5,2025-06-22T02:30:00,1,57,7,0,0,0,0,0,0,15,LOW,0.35
REP-FA-2117,lol this is just a prank fire,Earthquake,low,8.150829572705572,125.13537545080521,Violeta,2025-10-25T01:09:00,1,29,7,0,0,1,1,1,1,32,MEDIUM,0.55
REP-CLUSTER-2358,River overflowing rapidly sweeping away vehicles people stranded,Flood,critical,8.157521297900397,125.12754198752093,Barangay 9,2025-12-02T03:21:00,1,64,8,1,1,0,0,0,0,19,LOW,0.03
REP-TEXT-1859,Slight shake noticed no issues reported,Earthquake,moderate,8.15444251233085,125.12976369237593,Barangay 11,2026-01-04T03:11:00,1,39,6,0,0,1,0,0,1,26,HIGH,0.29
REP-EXT-0315,Landslide blocking the road,Landslide,moderate,8.156253,125.12856,Malaybalay Proper,2020-04-04T00:00:00,1,27,4,0,0,0,0,0,0,21,HIGH,0.05
REP-ONETAP-1467,,Earthquake,moderate,8.117337601300873,125.16568225391748,Santo Niño,2025-10-29T05:24:00,0,0,0,0,0,0,0,0,0,15,NONE,4.46
REP-ONETAP-1344,Fire - Santo Niño,Fire,moderate,8.117325325842208,125.16485300172587,Santo Niño,2025-12-17T08:57:00,0,17,4,0,0,0,0,0,0,15,NONE,4.4
REP-TEXT-1846,Small tremor recorded mild shaking,Earthquake,low,8.156768322657145,125.13017751038669,Barangay 9,2025-06-11T15:55:00,1,34,5,0,0,1,0,0,0,24,HIGH,0.18
REP-EXT-0692,Strong earthquake alarmed residents,Earthquake,high,8.148794,125.141462,Violeta,2017-07-07T00:00:00,1,35,4,0,0,0,0,0,1,32,HIGH,0.14
REP-TEXT-1542,Uncontrolled fire outbreak in residential neighborhood,Fire,moderate,8.147675306176525,125.13043706843668,Sumpong,2025-03-05T11:45:00,1,54,6,0,0,1,0,0,0,24,MEDIUM,0.43
REP-EXT-0613,Road covered by landslide debris,Landslide,high,8.152006,125.128483,Sumpong,2022-04-15T00:00:00,1,32,5,0,0,0,0,0,1,26,MEDIUM,0.22
REP-EXT-0425,House on fire please send help,Fire,high,8.157862,125.12179,Bangcud,2022-02-25T00:00:00,1,30,6,0,0,0,0,0,1,26,MEDIUM,0.07
REP-TEXT-1578,Overheated electrical transformer sparking and caught small fire,Fire,low,8.15644966338577,125.12272683360358,Barangay 3,2025-01-28T07:54:00,1,64,8,0,0,1,0,0,0,15,MEDIUM,0.24
REP-EXT-0595,Flood entering homes after heavy rain,Flood,high,8.158625,125.128175,Barangay 10,2022-06-06T00:00:00,1,37,6,0,0,0,0,0,1,32,LOW,0.13
REP-CLUSTER-2476,Soil and large boulders falling from hillside into road,Landslide,critical,8.156764728166108,125.12784612757258,Barangay 10,2025-03-09T10:48:00,1,55,9,0,0,0,0,0,0,22,HIGH,0.07
REP-TEXT-1951,Minor soil runoff along road gutter no blockage,Landslide,moderate,8.15646428578829,125.12044634957729,Bangcud,2025-11-03T03:43:00,1,47,8,0,0,1,0,0,1,29,MEDIUM,0.19
REP-EXT-0623,Road blocked due to floodwater,Flood,high,8.154558,125.132865,San Jose,2020-07-24T00:00:00,1,30,5,0,0,0,0,0,1,32,HIGH,0.11
REP-TEXT-1806,Buildings shaking for several seconds hanging lights swinging,Earthquake,moderate,8.15949355486382,125.12712147680199,Malaybalay Proper,2025-02-24T20:36:00,1,61,8,0,0,0,0,0,0,24,LOW,0.23
REP-ONETAP-1494,Typhoon - San Jose,Typhoon,high,8.153984819781023,125.13322872602429,San Jose,2025-01-20T05:17:00,0,18,4,0,0,0,0,0,0,15,HIGH,0.19
REP-FA-2239,lol this is just a prank fire,Earthquake,low,8.074499479057177,125.14507834068425,Simaya,2025-04-19T05:05:00,1,29,7,0,0,1,1,1,0,15,NONE,7.42
REP-EXT-0228,Electrical short circuit started a fire,Fire,high,8.148066,125.117781,Aglayan,2018-03-03T00:00:00,1,39,6,0,0,0,0,0,1,28,MEDIUM,0.1
REP-CLUSTER-2323,Steep mountain slide swept away structures active soil movement,Landslide,critical,8.074890353540662,125.14124683118392,Simaya,2025-07-03T12:11:00,1,63,9,0,0,0,0,0,0,15,NONE,7.27
REP-ONETAP-1170,,Typhoon,moderate,8.113951112659912,125.16796776653517,Santo Niño,2025-09-16T19:27:00,0,0,0,0,0,0,0,0,0,15,NONE,4.91
REP-TEXT-2038,Dangerous wind gusts breaking tree branches and smashing windows,Typhoon,high,8.152815139353642,125.12464470288991,Barangay 5,2025-05-19T16:28:00,1,64,9,1,1,0,0,0,0,15,HIGH,0.61
REP-TEXT-1703,Creek water level high reaching road shoulder,Flood,moderate,8.13506887481117,125.12799611930315,Casisang,2025-09-22T22:14:00,1,45,7,0,0,0,0,0,0,18,HIGH,0.42
REP-EXT-0067,House on fire please send help,Fire,high,8.146802,125.118083,Aglayan,2023-01-07T00:00:00,1,30,6,0,0,0,0,0,1,28,MEDIUM,0.05
REP-ONETAP-1418,Flood - Canayan,Flood,moderate,8.187025181205515,125.15407813732698,Canayan,2026-01-30T02:01:00,0,15,3,0,0,0,0,0,0,15,NONE,4.26
REP-FA-2255,lol this is just a prank fire,Landslide,low,8.17853453791458,125.1171519916249,Kalasungay,2025-05-31T23:45:00,1,29,7,0,0,1,1,1,0,15,NONE,2.33
REP-EXT-0025,Buildings shaking for several seconds,Earthquake,moderate,8.158437,125.12626,Barangay 10,2015-05-31T00:00:00,1,37,5,0,0,0,0,0,1,29,LOW,0.2
REP-ONETAP-1236,,Earthquake,moderate,8.155515587446692,125.12846751943204,Barangay 11,2025-11-05T22:27:00,0,0,0,0,0,0,0,0,1,26,HIGH,0.13
REP-CLUSTER-2464,Catastrophic slope failure covered residential road casualties feared,Landslide,critical,8.081686451559918,125.15882033425149,Linabo,2025-08-12T07:14:00,1,69,8,1,1,0,0,0,0,15,NONE,7.24
REP-EXT-0145,Smoke and flames seen in residential area,Fire,critical,8.156882,125.12901,Barangay 9,2023-10-02T00:00:00,1,41,7,0,0,0,0,0,1,25,HIGH,0.06
REP-EXT-0537,Fire spreading to nearby houses,Fire,high,8.148367,125.139821,Violeta,2019-11-27T00:00:00,1,31,5,1,1,0,0,0,1,27,HIGH,0.04
REP-EXT-0812,Market stall caught fire,Fire,critical,8.147578,125.14187,Violeta,2021-10-19T00:00:00,1,24,4,0,0,0,0,0,1,27,HIGH,0.21
REP-TEXT-1736,Minor drainage overflow contained on street side,Flood,low,8.155997107616574,125.13074267615364,Barangay 6,2025-07-23T03:44:00,1,48,7,0,0,2,0,0,0,15,HIGH,0.18
REP-ONETAP-1498,,Fire,critical,8.156516519886052,125.12900063636623,Barangay 11,2025-04-19T13:47:00,0,0,0,0,0,0,0,0,1,26,HIGH,0.06
REP-EXT-0086,Minor tremor felt in the barangay,Earthquake,moderate,8.15999,125.121177,Bangcud,2022-11-18T00:00:00,1,33,6,0,0,1,0,0,1,26,MEDIUM,0.22
REP-ONETAP-1255,Typhoon - Canayan,Typhoon,moderate,8.190149641927212,125.15172516560128,Canayan,2025-11-06T10:53:00,0,17,3,0,0,0,0,0,0,15,NONE,4.42
REP-FA-2208,dummy alert testing gps coordinates,Fire,low,8.15776104105392,125.12986225593933,San Jose,2025-01-31T01:21:00,1,35,5,0,0,1,1,1,1,29,HIGH,0.19
REP-CLUSTER-2362,Flash flood water rising to second floor residents trapped on roofs,Flood,critical,8.150508870865934,125.13038836549207,Barangay 7,2025-05-07T01:40:00,1,67,11,1,1,0,0,0,0,15,MEDIUM,0.11
REP-TEXT-2067,Rainy weather with occasional strong gusts,Typhoon,high,8.151995307789827,125.12713872638129,Barangay 5,2026-01-31T04:55:00,1,42,6,0,0,0,0,0,0,15,MEDIUM,0.36
REP-TEXT-1670,Floodwaters entering homes rapidly after heavy downpour,Flood,high,8.175726327190475,125.11617807387312,Kalasungay,2025-07-30T00:15:00,1,55,7,1,1,0,0,0,0,15,NONE,2.05
REP-EXT-0485,Heavy rain triggered landslide near homes,Landslide,high,8.148923,125.141961,Violeta,2022-10-21T00:00:00,1,41,6,0,0,0,0,0,1,30,HIGH,0.2
REP-FA-2227,prank call fake alarm haha,Flood,low,8.147391883076766,125.13392345833243,Sumpong,2026-02-04T12:18:00,1,26,5,0,0,1,1,1,0,22,MEDIUM,0.6
REP-CLUSTER-2387,Intense earthquake caused severe structural failure in commercial building,Earthquake,critical,8.07504879139468,125.14190932737377,Simaya,2025-01-06T05:20:00,1,74,9,1,1,0,0,0,0,15,NONE,7.27
REP-EXT-0739,House on fire please send help,Fire,high,8.148864,125.116817,Aglayan,2017-06-16T00:00:00,1,30,6,0,0,0,0,0,1,28,MEDIUM,0.23
REP-TEXT-1771,Strong earthquake alarmed residents cracked walls and shattered windows,Earthquake,moderate,8.151183707569325,125.11770947573763,Aglayan,2025-01-17T10:05:00,1,71,9,0,0,0,0,0,1,30,MEDIUM,0.44
REP-FA-2189,dummy alert testing gps coordinates,Fire,low,8.08658483611797,125.15662855098421,Linabo,2025-05-02T14:24:00,1,35,5,0,0,1,1,1,0,15,NONE,6.65
REP-CLUSTER-2462,Electrical fire spreading across building roof,Fire,critical,8.074952604635827,125.14279502176747,Simaya,2025-10-01T20:46:00,1,46,6,1,1,0,0,0,0,15,NONE,7.3
REP-TEXT-1743,Major violent earthquake building collapsed people trapped under rubble,Earthquake,critical,8.080292188612447,125.15905369752387,Linabo,2025-03-16T05:40:00,1,71,9,1,2,0,0,0,0,15,NONE,7.39
REP-EXT-0363,Road blocked due to floodwater,Flood,moderate,8.158093,125.129447,Barangay 9,2019-10-31T00:00:00,1,30,5,0,0,0,0,0,0,19,HIGH,0.19
REP-EXT-0750,Landslide blocking the road,Landslide,high,8.156723,125.121741,Bangcud,2019-11-28T00:00:00,1,27,4,0,0,0,0,0,1,29,MEDIUM,0.15
REP-FA-2106,sample test report for capstone evaluation,Earthquake,low,8.154096299671092,125.13102831150981,San Jose,2025-06-29T09:28:00,1,42,6,0,0,1,1,1,1,29,HIGH,0.2
REP-TEXT-1647,Severe flooding elderly residents unable to evacuate trapped inside,Flood,critical,8.156405718245875,125.13178528089651,Barangay 11,2025-12-31T23:41:00,1,67,9,1,2,0,0,0,1,27,HIGH,0.13
REP-ONETAP-1027,Typhoon - Barangay 7,Typhoon,high,8.150035403588369,125.13214011539527,Barangay 7,2025-05-05T15:51:00,0,20,4,0,0,0,0,0,0,15,MEDIUM,0.25
REP-ONETAP-1031,,Typhoon,high,8.153446915724423,125.13025230933025,Barangay 8,2025-11-30T17:53:00,0,0,0,0,0,0,0,0,0,15,MEDIUM,0.22
REP-TEXT-1869,Large rockslide crushed vehicles and blocked main highway completely,Landslide,high,8.156902901633078,125.13523419924125,San Jose,2025-05-07T13:25:00,1,68,9,0,0,0,0,0,1,28,HIGH,0.36
REP-ONETAP-1336,Typhoon - Violeta,Typhoon,high,8.148236057953829,125.13756270071347,Violeta,2025-12-04T15:01:00,0,17,3,0,0,0,0,0,0,15,HIGH,0.29
REP-TEXT-2060,Moderate storm winds blowing loose signs and tarpaulins,Typhoon,high,8.14581836757864,125.1186357362403,Aglayan,2025-10-30T04:58:00,1,55,8,0,0,0,0,0,0,15,MEDIUM,0.17
REP-TEXT-1895,Heavy rain triggered landslide near homes blocking access road,Landslide,moderate,8.158876723962091,125.12868871804838,Malaybalay Proper,2025-12-21T22:38:00,1,62,9,0,0,0,0,0,0,21,LOW,0.18
REP-EXT-0666,Smoke and flames seen in residential area,Fire,high,8.161426,125.125562,Casisang,2023-08-17T00:00:00,1,41,7,0,0,0,0,0,1,25,LOW,0.5
REP-EXT-0365,Strong shaking felt in our area,Earthquake,high,8.153657,125.133375,San Jose,2024-01-19T00:00:00,1,31,6,0,0,0,0,0,1,29,HIGH,0.23
REP-FA-2293,system test drill for cdrrmo rescuers,Earthquake,low,8.136849245923088,125.1259445976066,Casisang,2025-01-15T04:09:00,1,37,6,0,0,1,1,1,1,33,HIGH,0.26
REP-ONETAP-1240,,Earthquake,moderate,8.15520879379479,125.11860340017837,Bangcud,2025-10-18T01:38:00,0,0,0,0,0,0,0,0,1,26,MEDIUM,0.42
REP-EXT-0078,Landslide blocking the road,Landslide,moderate,8.146376,125.117796,Aglayan,2020-06-26T00:00:00,1,27,4,0,0,0,0,0,0,23,MEDIUM,0.09
REP-EXT-0028,House on fire please send help,Fire,high,8.157994,125.121411,Bangcud,2021-04-19T00:00:00,1,30,6,0,0,0,0,0,1,26,MEDIUM,0.02
REP-EXT-0474,Landslide damaged farm area,Landslide,moderate,8.1569,125.128657,Barangay 11,2020-07-11T00:00:00,1,27,4,0,0,0,0,0,0,16,HIGH,0.03
REP-EXT-0526,Heavy rain triggered landslide near homes,Landslide,high,8.15429,125.13202,San Jose,2023-08-30T00:00:00,1,41,6,0,0,0,0,0,1,28,HIGH,0.13
REP-EXT-0726,Minor tremor felt in the barangay,Earthquake,moderate,8.156383,125.133173,San Jose,2015-01-21T00:00:00,1,33,6,0,0,1,0,0,1,29,HIGH,0.15
REP-EXT-0056,Flood entering homes after heavy rain,Flood,moderate,8.149143,125.140419,Violeta,2020-02-11T00:00:00,1,37,6,0,0,0,0,0,0,13,HIGH,0.08
REP-EXT-0639,Water rising quickly near our house,Flood,high,8.156769,125.128013,Barangay 11,2024-03-21T00:00:00,1,35,6,0,0,0,0,0,1,27,HIGH,0.05
REP-EXT-0303,Electrical short circuit started a fire,Fire,critical,8.156913,125.130235,Barangay 11,2016-07-01T00:00:00,1,39,6,0,0,0,0,0,1,26,HIGH,0.19
REP-EXT-0719,Floodwater already waist deep,Flood,high,8.156384,125.126183,Barangay 10,2016-12-22T00:00:00,1,29,4,0,0,0,0,0,1,32,LOW,0.22
REP-TEXT-1872,Large rockslide crushed vehicles and blocked main highway completely,Landslide,moderate,8.075201844253622,125.14500626377487,Simaya,2025-01-20T16:06:00,1,68,9,0,0,0,0,0,0,15,NONE,7.34
REP-EXT-0625,Minor tremor felt in the barangay,Earthquake,moderate,8.149613,125.128464,Sumpong,2022-11-28T00:00:00,1,33,6,0,0,1,0,0,0,23,MEDIUM,0.3
REP-EXT-0008,Soil and rocks falling from hillside,Landslide,moderate,8.158725,125.129737,Barangay 11,2016-11-14T00:00:00,1,36,6,0,0,0,0,0,0,16,LOW,0.25
REP-ONETAP-1281,Earthquake - Cabangahan,Earthquake,moderate,8.159384475337415,125.03812191518068,Cabangahan,2025-04-09T07:17:00,0,23,3,0,0,0,0,0,0,15,HIGH,0.23
REP-EXT-0804,House on fire please send help,Fire,high,8.155902,125.129479,Malaybalay Proper,2019-01-07T00:00:00,1,30,6,0,0,0,0,0,0,22,HIGH,0.14
REP-ONETAP-1050,Landslide - Simaya,Landslide,moderate,8.07261676173003,125.14368069745123,Simaya,2026-01-19T04:59:00,0,18,3,0,0,0,0,0,0,15,NONE,7.58
REP-EXT-0337,Landslide blocking the road,Landslide,high,8.158227,125.120457,Bangcud,2016-02-01T00:00:00,1,27,4,0,0,0,0,0,1,29,MEDIUM,0.09
REP-TEXT-1597,Minor burning of garbage contained in metal drum,Fire,low,8.082662450168767,125.16154138920707,Linabo,2025-12-30T13:43:00,1,48,8,1,1,2,0,0,0,15,NONE,7.3
REP-EXT-0048,Landslide blocking the road,Landslide,high,8.157963,125.12067,Bangcud,2019-09-25T00:00:00,1,27,4,0,0,0,0,0,1,29,MEDIUM,0.06
REP-FA-2153,test emergency alert system please ignore,Fire,low,8.161428742892767,125.12892556146231,Barangay 11,2025-04-01T17:42:00,1,41,6,0,0,1,1,1,1,26,LOW,0.45
REP-EXT-0107,Buildings shaking for several seconds,Earthquake,moderate,8.156844,125.127182,Barangay 10,2015-07-11T00:00:00,1,37,5,0,0,0,0,0,1,29,LOW,0.1
REP-EXT-0350,Soil and rocks falling from hillside,Landslide,moderate,8.156162,125.128774,Barangay 9,2015-10-14T00:00:00,1,36,6,0,0,0,0,0,0,12,HIGH,0.07
REP-ONETAP-1080,,Earthquake,moderate,8.15609037415908,125.11976093788351,Bangcud,2025-06-17T10:48:00,0,0,0,0,0,0,0,0,1,26,MEDIUM,0.26
REP-EXT-0239,Landslide damaged farm area,Landslide,high,8.159157,125.125119,Casisang,2022-12-27T00:00:00,1,27,4,0,0,0,0,0,1,29,LOW,0.35
REP-EXT-0214,Electrical short circuit started a fire,Fire,high,8.159345,125.126562,Malaybalay Proper,2023-11-03T00:00:00,1,39,6,0,0,0,0,0,0,22,LOW,0.25
REP-ONETAP-1145,Fire - Barangay 1,Fire,moderate,8.161895574101734,125.1301147969564,Barangay 1,2026-01-17T15:53:00,0,17,4,0,0,0,0,0,0,15,LOW,0.55
REP-CLUSTER-2380,Main drainage backed up causing severe street flooding,Flood,critical,8.156560208147388,125.12707790045108,Malaybalay Proper,2026-01-13T00:31:00,1,54,8,1,1,0,0,0,1,27,LOW,0.13
REP-TEXT-1762,Intense earthquake caused severe structural failure in commercial building,Earthquake,high,8.136649723148153,125.12325774388005,Casisang,2025-07-11T06:26:00,1,74,9,1,1,0,0,0,1,33,HIGH,0.5
REP-EXT-0794,Smoke and flames seen in residential area,Fire,high,8.159685,125.130168,Barangay 11,2021-01-02T00:00:00,1,41,7,0,0,0,0,0,1,26,LOW,0.36
REP-ONETAP-1097,,Typhoon,high,8.150626406772068,125.13125983098327,Barangay 8,2025-10-11T16:22:00,0,0,0,0,0,0,0,0,0,15,MEDIUM,0.14
REP-FA-2207,drill simulation drill only do not dispatch,Landslide,low,8.15951443475211,125.13224399176933,Barangay 5,2026-01-01T12:45:00,1,43,7,0,0,1,1,1,0,15,HIGH,0.46
REP-TEXT-1740,Minor drainage overflow contained on street side,Flood,low,8.147794087238386,125.13900872391864,Violeta,2025-12-14T19:12:00,1,48,7,0,0,2,0,0,0,13,HIGH,0.15
REP-FA-2223,joke lang walang sunog testing lang,Landslide,low,8.161306992255724,125.1227953932315,Bangcud,2025-11-01T21:00:00,1,35,6,0,0,1,1,1,1,29,MEDIUM,0.41
REP-EXT-0346,River overflow causing flooding in the area,Flood,high,8.157122,125.128028,Barangay 11,2021-08-26T00:00:00,1,43,7,0,0,0,0,0,1,27,LOW,0.05
REP-EXT-0524,River overflow causing flooding in the area,Flood,moderate,8.150354,125.132189,Sumpong,2015-06-10T00:00:00,1,43,7,0,0,0,0,0,0,22,MEDIUM,0.23
REP-EXT-0233,Landslide blocking the road,Landslide,high,8.158231,125.119427,Bangcud,2020-07-11T00:00:00,1,27,4,0,0,0,0,0,1,29,MEDIUM,0.2
REP-EXT-0645,Smoke and flames seen in residential area,Fire,high,8.162704,125.126866,Casisang,2016-12-28T00:00:00,1,41,7,0,0,0,0,0,1,25,LOW,0.59
REP-TEXT-1918,Mudflow blocked purok entrance soil continuing to loosen,Landslide,moderate,8.155399031281185,125.12643475710537,Barangay 11,2026-02-05T09:45:00,1,56,8,0,0,0,0,0,0,16,HIGH,0.27
REP-FA-2171,fake report test only,Flood,low,8.162778439365576,125.12916224115065,Barangay 1,2025-09-13T06:42:00,1,21,4,0,0,1,1,1,0,15,LOW,0.61
REP-ONETAP-1429,,Typhoon,moderate,8.188544722589379,125.15149200162121,Canayan,2025-01-07T07:02:00,0,0,0,0,0,0,0,0,0,15,NONE,4.25
REP-EXT-0534,Road covered by landslide debris,Landslide,high,8.158691,125.122641,Bangcud,2021-06-03T00:00:00,1,32,5,0,0,0,0,0,1,29,MEDIUM,0.18
REP-FA-2172,fake report test only,Typhoon,low,8.162681029938705,125.03397935953566,Cabangahan,2026-01-29T13:59:00,1,21,4,0,0,1,1,1,0,15,HIGH,0.55
REP-EXT-0604,Market stall caught fire,Fire,high,8.159749,125.126841,Casisang,2022-12-22T00:00:00,1,24,4,0,0,0,0,0,1,25,LOW,0.27
REP-ONETAP-1490,,Typhoon,high,8.152783615360674,125.1315633572734,Barangay 7,2026-01-08T02:05:00,0,0,0,0,0,0,0,0,0,15,MEDIUM,0.19
REP-TEXT-1858,Slight shake noticed no issues reported,Earthquake,moderate,8.17880621527255,125.11216121915913,Kalasungay,2025-10-17T05:20:00,1,39,6,0,0,1,0,0,0,15,NONE,2.52
REP-ONETAP-1427,Typhoon - San Jose,Typhoon,high,8.154031883570129,125.12968323193473,San Jose,2025-09-12T14:32:00,0,18,4,0,0,0,0,0,0,15,MEDIUM,0.29
REP-ONETAP-1075,,Typhoon,moderate,8.19017637220154,125.15091719174043,Canayan,2025-01-04T11:19:00,0,0,0,0,0,0,0,0,0,15,NONE,4.38
REP-TEXT-2006,Catastrophic typhoon damage roofs blown away people injured,Typhoon,high,8.161544845593738,125.12761731881963,Barangay 11,2025-08-14T02:31:00,1,59,8,1,1,0,0,0,0,15,LOW,0.45
REP-EXT-0061,Market stall caught fire,Fire,high,8.161153,125.126195,Casisang,2020-07-27T00:00:00,1,24,4,0,0,0,0,0,1,25,LOW,0.44
REP-TEXT-1941,Soil displacement along highway shoulder rocks scattered,Landslide,high,8.15690759476376,125.11866682457325,Bangcud,2025-12-07T10:50:00,1,56,7,0,0,0,0,0,1,29,MEDIUM,0.3
REP-EXT-0093,Road covered by landslide debris,Landslide,moderate,8.149124,125.116399,Aglayan,2017-03-27T00:00:00,1,32,5,0,0,0,0,0,0,23,MEDIUM,0.28
REP-EXT-0667,Water rising quickly near our house,Flood,moderate,8.162771,125.125908,Casisang,2020-12-04T00:00:00,1,35,6,0,0,0,0,0,0,18,LOW,0.62
REP-TEXT-1721,Slight water buildup on roadside drainage working fine,Flood,moderate,8.159731507844132,125.12475902794124,Malaybalay Proper,2025-02-10T21:42:00,1,54,8,0,0,1,0,0,1,27,LOW,0.42
REP-FA-2247,fake report test only,Landslide,low,8.16263866870739,125.12091489198653,Bangcud,2025-05-05T06:18:00,1,21,4,0,0,1,1,1,1,29,MEDIUM,0.52
REP-EXT-0281,Heavy rain triggered landslide near homes,Landslide,moderate,8.158582,125.126964,Malaybalay Proper,2019-12-17T00:00:00,1,41,6,0,0,0,0,0,0,21,LOW,0.15
REP-TEXT-1720,Slight water buildup on roadside drainage working fine,Flood,moderate,8.154422132470307,125.12199756347157,Barangay 3,2025-11-13T11:09:00,1,54,8,0,0,1,0,0,0,15,MEDIUM,0.41
REP-TEXT-1726,Small puddles formed in driveway no property threat,Flood,low,8.156678311693293,125.13238320104398,Barangay 11,2026-02-02T05:29:00,1,51,8,0,0,1,0,0,1,27,HIGH,0.14
REP-EXT-0360,Buildings shaking for several seconds,Earthquake,moderate,8.157816,125.121795,Bangcud,2024-05-04T00:00:00,1,37,5,0,0,0,0,0,1,26,MEDIUM,0.07
REP-TEXT-1749,Severe seismic shaking cracked bridge collapsed school wall,Earthquake,critical,8.149513176080015,125.13235100275878,Sumpong,2026-01-19T02:13:00,1,59,8,1,2,0,0,0,0,23,MEDIUM,0.31
REP-TEXT-1544,Electrical fire spreading across building roof,Fire,high,8.159428540947207,125.12195793413211,Barangay 2,2025-12-20T03:26:00,1,46,6,1,1,0,0,0,0,15,MEDIUM,0.18
REP-ONETAP-1398,,Landslide,moderate,8.145053029798452,125.11879441189477,Aglayan,2025-02-08T20:50:00,0,0,0,0,0,0,0,0,0,23,MEDIUM,0.25
REP-TEXT-1804,Buildings shaking for several seconds hanging lights swinging,Earthquake,moderate,8.155009800966095,125.12364814402649,Barangay 2,2025-07-17T06:12:00,1,61,8,0,0,0,0,0,0,15,MEDIUM,0.43
REP-EXT-0848,Landslide blocking the road,Landslide,moderate,8.155975,125.125376,Barangay 10,2018-05-18T00:00:00,1,27,4,0,0,0,0,0,0,22,LOW,0.32
REP-ONETAP-1207,,Typhoon,high,8.146060717790396,125.14122273624048,Violeta,2025-07-05T09:11:00,0,0,0,0,0,0,0,0,0,15,HIGH,0.29
REP-FA-2263,testing the app and button response,Landslide,low,8.162466320984533,125.12517826706461,Barangay 2,2025-02-24T19:39:00,1,35,6,0,0,1,1,1,0,15,LOW,0.62
REP-EXT-0761,Flood entering homes after heavy rain,Flood,high,8.156336,125.127826,Malaybalay Proper,2017-10-01T00:00:00,1,37,6,0,0,0,0,0,1,27,HIGH,0.08
REP-EXT-0111,Strong earthquake alarmed residents,Earthquake,high,8.149492,125.140423,Violeta,2016-08-31T00:00:00,1,35,4,0,0,0,0,0,1,32,HIGH,0.11
REP-EXT-0043,House on fire please send help,Fire,high,8.158252,125.120115,Bangcud,2015-04-16T00:00:00,1,30,6,0,0,0,0,0,1,26,MEDIUM,0.12
REP-EXT-0126,River overflow causing flooding in the area,Flood,high,8.156743,125.128273,Malaybalay Proper,2023-06-30T00:00:00,1,43,7,0,0,0,0,0,1,27,HIGH,0.03
REP-EXT-0205,Floodwater already waist deep,Flood,moderate,8.147105,125.141138,Violeta,2017-08-07T00:00:00,1,29,4,0,0,0,0,0,0,13,HIGH,0.19
REP-ONETAP-1474,Typhoon - Sumpong,Typhoon,high,8.149108571357823,125.13027693550238,Sumpong,2025-12-18T07:10:00,0,17,3,0,0,0,0,0,0,15,MEDIUM,0.27
REP-EXT-0053,Soil and rocks falling from hillside,Landslide,high,8.150061,125.131986,Sumpong,2023-02-01T00:00:00,1,36,6,0,0,0,0,0,1,26,MEDIUM,0.24
REP-EXT-0546,Soil and rocks falling from hillside,Landslide,high,8.148003,125.141987,Violeta,2019-02-16T00:00:00,1,36,6,0,0,0,0,0,1,30,HIGH,0.2
REP-EXT-0069,Water rising quickly near our house,Flood,moderate,8.150744,125.129176,Sumpong,2016-12-12T00:00:00,1,35,6,0,0,0,0,0,0,22,MEDIUM,0.16
REP-FA-2224,sample test report for capstone evaluation,Landslide,low,8.162597705138015,125.13106172757017,Barangay 11,2026-01-10T23:58:00,1,42,6,0,0,1,1,1,0,16,LOW,0.67
REP-TEXT-1952,Minor soil runoff along road gutter no blockage,Landslide,moderate,8.160412533759857,125.13167074703095,Barangay 11,2025-07-14T10:31:00,1,47,8,0,0,1,0,0,0,16,LOW,0.54
REP-FA-2198,sample test report for capstone evaluation,Typhoon,low,8.154635098017803,125.03303479025718,Cabangahan,2025-05-25T06:05:00,1,42,6,0,0,1,1,1,0,15,HIGH,0.54
REP-TEXT-1909,Hillside erosion threatening foundation of roadside homes,Landslide,moderate,8.115053517016769,125.16359139071507,Santo Niño,2025-01-04T03:43:00,1,57,7,0,0,0,0,0,0,15,NONE,4.52
REP-ONETAP-1425,Typhoon - Barangay 1,Typhoon,high,8.159482995785613,125.13171809721054,Barangay 1,2026-01-05T08:10:00,0,20,4,0,0,0,0,0,0,15,HIGH,0.46
REP-EXT-0184,House on fire please send help,Fire,high,8.158219,125.125904,Malaybalay Proper,2018-07-23T00:00:00,1,30,6,0,0,0,0,0,0,22,LOW,0.22
REP-EXT-0138,Flood entering homes after heavy rain,Flood,moderate,8.157114,125.121843,Bangcud,2019-02-23T00:00:00,1,37,6,0,0,0,0,0,0,23,MEDIUM,0.12
REP-EXT-0900,Earthquake caused cracks in the wall,Earthquake,high,8.146651,125.141972,Violeta,2022-06-03T00:00:00,1,36,6,0,0,0,0,0,1,32,HIGH,0.28
REP-EXT-0797,Electrical short circuit started a fire,Fire,critical,8.150294,125.138362,Violeta,2016-06-11T00:00:00,1,39,6,0,0,0,0,0,1,27,HIGH,0.28
REP-EXT-0133,Strong shaking felt in our area,Earthquake,moderate,8.157365,125.127718,Barangay 11,2024-08-16T00:00:00,1,31,6,0,0,0,0,0,1,26,LOW,0.02
REP-EXT-0081,Buildings shaking for several seconds,Earthquake,moderate,8.145235,125.116537,Aglayan,2020-12-27T00:00:00,1,37,5,0,0,0,0,0,1,30,MEDIUM,0.27
REP-TEXT-1587,Smoke coming from residential backyard,Fire,high,8.16161083804958,125.12553470102132,Barangay 11,2026-01-12T01:35:00,1,38,5,0,0,0,0,0,1,26,LOW,0.52
REP-FA-2158,fake report test only,Earthquake,low,8.182951184520736,125.15716934151996,Canayan,2025-01-14T20:21:00,1,21,4,0,0,1,1,1,0,15,NONE,4.11
REP-EXT-0759,Road covered by landslide debris,Landslide,high,8.150809,125.129035,Sumpong,2015-07-13T00:00:00,1,32,5,0,0,0,0,0,1,26,MEDIUM,0.17
REP-EXT-0542,Strong shaking felt in our area,Earthquake,high,8.157451,125.128761,Barangay 10,2016-12-31T00:00:00,1,31,6,0,0,0,0,0,1,29,HIGH,0.09
REP-ONETAP-1020,Fire - Barangay 1,Fire,moderate,8.162093667506761,125.12893163424818,Barangay 1,2025-06-07T07:03:00,0,17,4,0,0,0,0,0,0,15,LOW,0.53
REP-TEXT-1767,Strong tremor caused building facade collapse road cracked open,Earthquake,high,8.081642744101151,125.15762213786078,Linabo,2025-12-25T19:31:00,1,63,9,1,1,0,0,0,0,15,NONE,7.18
REP-EXT-0984,Strong earthquake alarmed residents,Earthquake,high,8.156809,125.13248,San Jose,2016-05-04T00:00:00,1,35,4,0,0,0,0,0,1,29,HIGH,0.16
REP-FA-2232,system test drill for cdrrmo rescuers,Flood,low,8.1626327179062,125.13126440032006,Barangay 11,2025-09-27T20:41:00,1,37,6,0,0,1,1,1,1,27,LOW,0.69
REP-EXT-0166,Landslide damaged farm area,Landslide,high,8.153536,125.13158,San Jose,2015-06-27T00:00:00,1,27,4,0,0,0,0,0,1,28,HIGH,0.22
REP-EXT-0249,Electrical short circuit started a fire,Fire,high,8.148967,125.116666,Aglayan,2020-11-07T00:00:00,1,39,6,0,0,0,0,0,1,28,MEDIUM,0.25
REP-ONETAP-1332,,Earthquake,moderate,8.151195808894215,125.13372764779673,Barangay 8,2025-09-08T23:41:00,0,0,0,0,0,0,0,0,0,15,MEDIUM,0.37
REP-EXT-0447,House on fire please send help,Fire,high,8.15842,125.12665,Malaybalay Proper,2018-11-01T00:00:00,1,30,6,0,0,0,0,0,0,22,LOW,0.16
REP-TEXT-1777,Heavy shaking felt for 30 seconds items fell from shelves cracks on road,Earthquake,moderate,8.072268891491243,125.14382589662326,Simaya,2026-01-17T17:33:00,1,72,13,0,0,0,0,0,0,15,NONE,7.62
REP-EXT-0859,Water rising quickly near our house,Flood,high,8.156231,125.126825,Barangay 10,2015-08-31T00:00:00,1,35,6,0,0,0,0,0,1,32,LOW,0.18
REP-ONETAP-1359,,Flood,moderate,8.159050202126615,125.03686283838823,Cabangahan,2025-03-11T09:00:00,0,0,0,0,0,0,0,0,0,15,HIGH,0.1
REP-TEXT-1862,Massive hillside collapse buried 2 houses people trapped,Landslide,critical,8.157499579869864,125.13319585278136,San Jose,2025-05-17T19:36:00,1,56,8,1,3,0,0,0,1,28,HIGH,0.25
REP-EXT-0098,Water rising quickly near our house,Flood,moderate,8.146287,125.116931,Aglayan,2019-09-18T00:00:00,1,35,6,0,0,0,0,0,0,18,MEDIUM,0.16
REP-CLUSTER-2308,Strong tremor caused panic visible fissures in concrete pavement,Earthquake,critical,8.150697488431932,125.12968492110092,Sumpong,2025-07-12T03:03:00,1,64,9,0,0,0,0,0,0,23,MEDIUM,0.12
REP-EXT-0806,Earthquake caused cracks in the wall,Earthquake,moderate,8.161457,125.127593,Casisang,2022-01-09T00:00:00,1,36,6,0,0,0,0,0,1,33,LOW,0.44
REP-EXT-0738,House on fire please send help,Fire,critical,8.156428,125.128128,Barangay 10,2023-12-26T00:00:00,1,30,6,0,0,0,0,0,1,25,HIGH,0.05
REP-FA-2101,testing the app and button response,Typhoon,low,8.151201744690542,125.11439423293456,Aglayan,2025-06-07T00:25:00,1,35,6,0,0,1,1,1,0,15,MEDIUM,0.6
REP-TEXT-1886,Steep mountain slide swept away structures active soil movement,Landslide,moderate,8.159741293976822,125.13318772890842,Barangay 11,2025-05-28T20:11:00,1,63,9,0,0,0,0,0,0,16,HIGH,0.49
REP-TEXT-2001,Extreme storm surge combined with gale force winds devastating coastal/river area,Typhoon,high,8.148807667521025,125.13291086212992,Barangay 7,2025-11-28T18:51:00,1,81,11,0,0,0,0,0,0,15,MEDIUM,0.41
REP-EXT-0103,Minor tremor felt in the barangay,Earthquake,moderate,8.156302,125.125465,Barangay 10,2019-09-09T00:00:00,1,33,6,0,0,1,0,0,1,29,LOW,0.29
REP-EXT-0435,Buildings shaking for several seconds,Earthquake,moderate,8.149193,125.119932,Aglayan,2016-11-29T00:00:00,1,37,5,0,0,0,0,0,1,30,MEDIUM,0.31
REP-EXT-0075,Smoke and flames seen in residential area,Fire,critical,8.15397,125.132047,San Jose,2023-03-24T00:00:00,1,41,7,0,0,0,0,0,1,29,HIGH,0.16
REP-EXT-0578,Buildings shaking for several seconds,Earthquake,moderate,8.150014,125.131455,Sumpong,2024-01-06T00:00:00,1,37,5,0,0,0,0,0,0,23,MEDIUM,0.2
REP-TEXT-1847,Small tremor recorded mild shaking,Earthquake,low,8.158976851268504,125.12250416535058,Barangay 2,2025-04-12T16:29:00,1,34,5,0,0,1,0,0,0,15,MEDIUM,0.18
REP-CLUSTER-2313,Flash flood water rising to second floor residents trapped on roofs,Flood,critical,8.157492555705247,125.12400086474722,Barangay 3,2025-10-04T05:50:00,1,67,11,1,1,0,0,0,0,15,MEDIUM,0.31
REP-ONETAP-1231,,Fire,high,8.147062837653955,125.12899681900228,Barangay 7,2025-06-08T16:25:00,0,0,0,0,0,0,0,0,0,15,MEDIUM,0.52
REP-EXT-0919,River overflow causing flooding in the area,Flood,moderate,8.162778,125.125619,Casisang,2024-05-25T00:00:00,1,43,7,0,0,0,0,0,0,18,LOW,0.63
REP-ONETAP-1327,Landslide - Barangay 8,Landslide,moderate,8.15237375771423,125.13402261149606,Barangay 8,2025-10-10T10:49:00,0,22,4,0,0,0,0,0,0,15,HIGH,0.39
REP-CLUSTER-2316,Vigorous shaking caused power outage and superficial structure damage,Earthquake,critical,8.157378975443244,125.12826030702888,Barangay 9,2025-10-27T16:18:00,1,69,9,0,0,0,0,0,0,24,LOW,0.05
REP-FA-2287,dummy alert testing gps coordinates,Earthquake,low,8.155562530715374,125.12696164087042,Barangay 5,2025-07-26T18:35:00,1,35,5,0,0,1,1,1,0,15,HIGH,0.21
REP-FA-2246,lol this is just a prank fire,Fire,low,8.154481656467466,125.12041879224643,Bangcud,2025-03-20T23:44:00,1,29,7,0,0,1,1,1,1,26,MEDIUM,0.4
REP-EXT-0763,Buildings shaking for several seconds,Earthquake,moderate,8.158634,125.127819,Barangay 11,2022-12-23T00:00:00,1,37,5,0,0,0,0,0,1,26,LOW,0.13
REP-FA-2116,system test drill for cdrrmo rescuers,Earthquake,low,8.139610657700933,125.12785574589641,Casisang,2025-12-22T03:23:00,1,37,6,0,0,1,1,1,1,33,HIGH,0.12
REP-EXT-0990,Smoke and flames seen in residential area,Fire,critical,8.156335,125.13148,San Jose,2020-09-06T00:00:00,1,41,7,0,0,0,0,0,1,29,HIGH,0.14
REP-EXT-0389,Buildings shaking for several seconds,Earthquake,moderate,8.155954,125.126194,Malaybalay Proper,2020-03-30T00:00:00,1,37,5,0,0,0,0,0,0,24,LOW,0.25
REP-EXT-0236,House on fire please send help,Fire,high,8.14535,125.117599,Aglayan,2021-12-11T00:00:00,1,30,6,0,0,0,0,0,1,28,MEDIUM,0.21
REP-CLUSTER-2495,Floodwater already waist deep entering living rooms,Flood,critical,8.114198018262723,125.16563952659138,Santo Niño,2025-04-07T04:19:00,1,51,7,0,0,0,0,0,0,15,NONE,4.73
REP-EXT-0268,Strong earthquake alarmed residents,Earthquake,high,8.156763,125.130484,San Jose,2023-06-18T00:00:00,1,35,4,0,0,0,0,0,1,29,HIGH,0.22
REP-ONETAP-1330,Flood - Barangay 11,Flood,critical,8.157383581023472,125.12987514836477,Barangay 11,2025-01-09T08:35:00,0,19,4,0,0,0,0,0,1,27,HIGH,0.17
REP-CLUSTER-2304,Massive structure fire spreading to adjacent residential houses URGENT HELP,Fire,critical,8.186589967287949,125.15452394867143,Canayan,2025-08-12T05:26:00,1,75,10,1,3,0,0,0,0,15,NONE,4.24
REP-EXT-0118,Road blocked due to floodwater,Flood,moderate,8.15705,125.12976,Barangay 9,2024-06-24T00:00:00,1,30,5,0,0,0,0,0,0,19,HIGH,0.14
REP-EXT-0438,Road blocked due to floodwater,Flood,moderate,8.158469,125.121489,Bangcud,2024-09-16T00:00:00,1,30,5,0,0,0,0,0,0,23,MEDIUM,0.06
REP-EXT-0674,Road blocked due to floodwater,Flood,moderate,8.156108,125.129352,Barangay 9,2015-08-15T00:00:00,1,30,5,0,0,0,0,0,0,19,HIGH,0.11
REP-EXT-0250,Strong earthquake alarmed residents,Earthquake,moderate,8.155543,125.126223,Barangay 10,2019-06-03T00:00:00,1,35,4,0,0,0,0,0,1,29,LOW,0.28
REP-FA-2129,testing the app and button response,Fire,low,8.160611095675721,125.12674805072626,Barangay 5,2025-01-10T15:48:00,1,35,6,0,0,1,1,1,0,15,LOW,0.36
REP-TEXT-1575,Overheated electrical transformer sparking and caught small fire,Fire,low,8.147642153030793,125.12962751727177,Sumpong,2025-01-19T17:35:00,1,64,8,0,0,1,0,0,0,24,MEDIUM,0.44
REP-CLUSTER-2497,Strong tremor caused panic visible fissures in concrete pavement,Earthquake,critical,8.158544625485272,125.03544871931895,Cabangahan,2025-07-15T20:57:00,1,64,9,0,0,0,0,0,0,15,HIGH,0.1
REP-EXT-0095,Water rising quickly near our house,Flood,high,8.158452,125.128785,Malaybalay Proper,2017-07-31T00:00:00,1,35,6,0,0,0,0,0,1,27,LOW,0.15
REP-TEXT-1898,Soil and large boulders falling from hillside into road,Landslide,moderate,8.158603768662509,125.12414266170686,Barangay 2,2025-03-10T03:44:00,1,55,9,0,0,0,0,0,0,15,MEDIUM,0.33
REP-EXT-0034,Water rising quickly near our house,Flood,high,8.158931,125.128743,Barangay 10,2021-07-15T00:00:00,1,35,6,0,0,0,0,0,1,32,LOW,0.19
REP-FA-2135,dummy alert testing gps coordinates,Flood,low,8.151958116340008,125.13544263798906,Barangay 7,2025-01-03T23:06:00,1,35,5,0,0,1,1,1,0,15,HIGH,0.52
REP-FA-2285,drill simulation drill only do not dispatch,Typhoon,low,8.15577633331308,125.0345784696308,Cabangahan,2026-02-03T11:29:00,1,43,7,0,0,1,1,1,0,15,HIGH,0.34
REP-EXT-0449,Market stall caught fire,Fire,high,8.158616,125.127657,Barangay 9,2016-02-05T00:00:00,1,24,4,0,0,0,0,0,1,25,LOW,0.13
REP-ONETAP-1470,,Flood,moderate,8.145043860208892,125.1194720599686,Aglayan,2025-06-13T05:40:00,0,0,0,0,0,0,0,0,0,18,MEDIUM,0.29
REP-TEXT-1796,Strong tremor caused panic visible fissures in concrete pavement,Earthquake,moderate,8.07627112824122,125.1383502181074,Simaya,2025-03-08T05:55:00,1,64,9,0,0,0,0,0,0,15,NONE,7.06
REP-EXT-0717,Smoke and flames seen in residential area,Fire,high,8.159591,125.128822,Barangay 11,2020-03-20T00:00:00,1,41,7,0,0,0,0,0,1,26,LOW,0.26
REP-TEXT-1942,Soil displacement along highway shoulder rocks scattered,Landslide,moderate,8.157386332743311,125.12579808870872,Barangay 4,2025-09-07T00:04:00,1,56,7,0,0,0,0,0,0,15,LOW,0.22
REP-FA-2176,test emergency alert system please ignore,Flood,low,8.150258659392481,125.12893558576629,Barangay 8,2025-05-06T09:29:00,1,41,6,0,0,1,1,1,0,15,MEDIUM,0.21
REP-EXT-0001,Strong earthquake alarmed residents,Earthquake,moderate,8.157023,125.126137,Barangay 10,2021-03-07T00:00:00,1,35,4,0,0,0,0,0,1,29,LOW,0.19
REP-EXT-0457,Minor tremor felt in the barangay,Earthquake,moderate,8.15939,125.120901,Bangcud,2020-07-09T00:00:00,1,33,6,0,0,1,0,0,1,26,MEDIUM,0.16
REP-ONETAP-1102,,Typhoon,high,8.1544458679607,125.13034576958661,Barangay 5,2025-03-06T20:55:00,0,0,0,0,0,0,0,0,0,15,HIGH,0.24
REP-ONETAP-1109,,Flood,moderate,8.153939191066048,125.13051195347347,Barangay 6,2025-08-19T22:38:00,0,0,0,0,0,0,0,0,0,15,HIGH,0.26
REP-TEXT-1883,Catastrophic slope failure covered residential road casualties feared,Landslide,critical,8.152082452352275,125.13395823295022,San Jose,2026-01-08T16:39:00,1,69,8,1,1,0,0,0,1,28,MEDIUM,0.4
REP-EXT-0083,Buildings shaking for several seconds,Earthquake,moderate,8.147601,125.117995,Aglayan,2021-01-31T00:00:00,1,37,5,0,0,0,0,0,1,30,MEDIUM,0.04
REP-ONETAP-1482,,Landslide,moderate,8.156641423906853,125.12169305354244,Barangay 3,2025-12-05T08:05:00,0,0,0,0,0,0,0,0,0,15,MEDIUM,0.16
REP-TEXT-1977,Small soil erosion in vacant lot no hazard,Landslide,low,8.186323316333329,125.15762208411684,Canayan,2025-05-31T09:10:00,1,42,8,0,0,1,0,0,0,15,NONE,4.43
REP-EXT-0677,Floodwater already waist deep,Flood,moderate,8.156347,125.120017,Bangcud,2018-03-01T00:00:00,1,29,4,0,0,0,0,0,0,23,MEDIUM,0.23
REP-TEXT-2043,Typhoon approaching region moderate continuous rains and gusty winds,Typhoon,high,8.157562650264888,125.13357461726714,San Jose,2025-05-22T01:12:00,1,68,9,0,0,0,0,0,0,15,HIGH,0.28
REP-FA-2127,joke lang walang sunog testing lang,Flood,low,8.175231211093337,125.1197011145459,Kalasungay,2025-01-15T23:52:00,1,35,6,0,0,1,1,1,0,15,NONE,1.92
REP-ONETAP-1047,,Typhoon,high,8.157951013071166,125.03753400468055,Cabangahan,2025-02-08T22:57:00,0,0,0,0,0,0,0,0,0,15,HIGH,0.14
REP-ONETAP-1461,Typhoon - Casisang,Typhoon,high,8.14148535241042,125.1275816389207,Casisang,2025-09-10T17:19:00,0,18,3,0,0,0,0,0,0,15,HIGH,0.3
REP-EXT-0771,Flood entering homes after heavy rain,Flood,high,8.156992,125.127448,Barangay 10,2024-09-05T00:00:00,1,37,6,0,0,0,0,0,1,32,LOW,0.07
REP-TEXT-1669,Floodwaters entering homes rapidly after heavy downpour,Flood,high,8.140562045270999,125.12705213319512,Casisang,2025-09-03T15:13:00,1,55,7,1,1,0,0,0,0,18,HIGH,0.2
REP-TEXT-2025,Fierce winds causing trees to fall across main roads and houses,Typhoon,high,8.161698526494028,125.03259502133938,Cabangahan,2025-03-14T15:41:00,1,63,11,0,0,0,0,0,0,15,HIGH,0.56
REP-TEXT-1964,Slight surface soil slippage on grassy bank,Landslide,moderate,8.154073967972302,125.123925662395,Malaybalay Proper,2026-01-05T15:42:00,1,43,7,0,0,1,0,0,0,21,MEDIUM,0.53
REP-EXT-0518,Floodwater already waist deep,Flood,moderate,8.153264,125.130578,Sumpong,2021-06-12T00:00:00,1,29,4,0,0,0,0,0,0,22,MEDIUM,0.2
REP-EXT-0823,River overflow causing flooding in the area,Flood,moderate,8.150644,125.13196,Sumpong,2016-10-20T00:00:00,1,43,7,0,0,0,0,0,0,22,MEDIUM,0.2
REP-EXT-0405,River overflow causing flooding in the area,Flood,high,8.15445,125.130436,San Jose,2018-10-30T00:00:00,1,43,7,0,0,0,0,0,1,32,HIGH,0.23
REP-EXT-0385,Electrical short circuit started a fire,Fire,high,8.151822,125.131556,Sumpong,2021-07-21T00:00:00,1,39,6,0,0,0,0,0,0,24,MEDIUM,0.13
REP-TEXT-1992,Severe tropical storm with destructive winds power lines down fires starting,Typhoon,high,8.151227947242004,125.13449410178245,Barangay 7,2025-12-16T01:06:00,1,76,11,1,1,0,0,0,0,15,MEDIUM,0.45
REP-CLUSTER-2425,Floodwaters entering homes rapidly after heavy downpour,Flood,critical,8.154983518784846,125.12768526130242,Barangay 5,2025-09-17T02:27:00,1,55,7,1,1,0,0,0,0,15,HIGH,0.21
REP-EXT-0105,Fire spreading to nearby houses,Fire,high,8.157884,125.128751,Malaybalay Proper,2022-03-20T00:00:00,1,31,5,1,1,0,0,0,0,22,LOW,0.11
REP-TEXT-1634,Torrential floodwater chest deep currents strong rescue boat needed,Flood,moderate,8.074791901418942,125.14226774211048,Simaya,2025-03-11T23:25:00,1,67,9,0,0,0,0,0,0,15,NONE,7.31
REP-CLUSTER-2385,Floodwater already waist deep entering living rooms,Flood,critical,8.156386483013204,125.12620862635485,Barangay 10,2025-12-19T19:31:00,1,51,7,0,0,0,0,0,1,32,LOW,0.21
REP-EXT-0689,Earthquake caused cracks in the wall,Earthquake,high,8.158295,125.130549,Barangay 11,2021-12-08T00:00:00,1,36,6,0,0,0,0,0,1,26,HIGH,0.29
REP-FA-2211,lol this is just a prank fire,Typhoon,low,8.160480578104572,125.12809560388632,Barangay 5,2025-05-14T05:32:00,1,29,7,0,0,1,1,1,0,15,LOW,0.33
REP-EXT-0827,Buildings shaking for several seconds,Earthquake,high,8.14784,125.139641,Violeta,2019-06-20T00:00:00,1,37,5,0,0,0,0,0,1,32,HIGH,0.1
REP-ONETAP-1241,,Earthquake,moderate,8.15687437234148,125.1301929411756,Barangay 5,2025-02-09T18:08:00,0,0,0,0,0,0,0,0,0,15,HIGH,0.19
REP-EXT-0063,Minor tremor felt in the barangay,Earthquake,moderate,8.152473,125.128809,Sumpong,2016-05-16T00:00:00,1,33,6,0,0,1,0,0,0,23,MEDIUM,0.21
REP-ONETAP-1306,Flood - Violeta,Flood,moderate,8.148172896153124,125.13753381483495,Violeta,2025-08-22T18:03:00,0,15,3,0,0,0,0,0,0,13,HIGH,0.3
REP-EXT-0853,Floodwater already waist deep,Flood,high,8.157171,125.133545,San Jose,2018-03-08T00:00:00,1,29,4,0,0,0,0,0,1,32,HIGH,0.24
REP-CLUSTER-2321,Electrical fire spreading across building roof,Fire,critical,8.16171757350082,125.12800855849537,Barangay 1,2025-07-31T17:57:00,1,46,6,1,1,0,0,0,0,15,LOW,0.47
REP-EXT-0177,Electrical short circuit started a fire,Fire,high,8.159778,125.131201,Barangay 11,2017-08-31T00:00:00,1,39,6,0,0,0,0,0,1,26,LOW,0.45
REP-ONETAP-1263,,Earthquake,moderate,8.157380867078636,125.1328025092115,Barangay 6,2025-03-23T15:32:00,0,0,0,0,0,0,0,0,0,15,HIGH,0.23
REP-EXT-0224,Heavy rain triggered landslide near homes,Landslide,moderate,8.14767,125.118194,Aglayan,2018-09-11T00:00:00,1,41,6,0,0,0,0,0,0,23,MEDIUM,0.06
REP-EXT-0146,Road blocked due to floodwater,Flood,high,8.156901,125.129183,Malaybalay Proper,2017-02-15T00:00:00,1,30,5,0,0,0,0,0,1,27,HIGH,0.08
REP-ONETAP-1089,Landslide - Barangay 3,Landslide,moderate,8.156835764738062,125.12304738704917,Barangay 3,2025-02-24T13:23:00,0,22,4,0,0,0,0,0,0,15,MEDIUM,0.24
REP-EXT-0374,Buildings shaking for several seconds,Earthquake,moderate,8.159878,125.127856,Casisang,2023-03-27T00:00:00,1,37,5,0,0,0,0,0,1,33,LOW,0.26
REP-TEXT-1825,Earthquake tremors felt alarmed neighbors stepped outside,Earthquake,moderate,8.154725579860838,125.12918908193895,Malaybalay Proper,2025-07-21T14:48:00,1,57,7,0,0,0,0,0,0,24,HIGH,0.23
REP-FA-2110,prank call fake alarm haha,Earthquake,low,8.147384482786553,125.12949460638752,Sumpong,2025-03-31T17:29:00,1,26,5,0,0,1,1,1,0,23,MEDIUM,0.47
REP-ONETAP-1143,Landslide - Bangcud,Landslide,moderate,8.160071823550854,125.11939530199466,Bangcud,2025-02-24T07:24:00,0,19,3,0,0,0,0,0,1,29,MEDIUM,0.3
REP-CLUSTER-2393,Massive hillside collapse buried 2 houses people trapped,Landslide,critical,8.157482205353498,125.03659259827556,Cabangahan,2025-12-25T22:50:00,1,56,8,1,3,0,0,0,0,15,HIGH,0.1
REP-FA-2164,system test drill for cdrrmo rescuers,Earthquake,low,8.143200566832041,125.11975111295327,Aglayan,2025-09-15T21:21:00,1,37,6,0,0,1,1,1,1,30,MEDIUM,0.48
REP-ONETAP-1275,Typhoon - Barangay 1,Typhoon,moderate,8.16208145769572,125.12759318262192,Barangay 1,2026-01-05T01:37:00,0,20,4,0,0,0,0,0,0,15,LOW,0.51
REP-ONETAP-1266,,Fire,high,8.145914490288646,125.11504906443568,Aglayan,2025-05-16T23:23:00,0,0,0,0,0,0,0,0,1,28,MEDIUM,0.35
REP-FA-2234,prank call fake alarm haha,Typhoon,low,8.079029036186665,125.14541537954275,Simaya,2025-06-01T18:03:00,1,26,5,0,0,1,1,1,0,15,NONE,6.94
REP-TEXT-1949,Minor soil slide blocking footpath,Landslide,moderate,8.155389234553164,125.1291008980554,Malaybalay Proper,2025-02-09T23:59:00,1,34,5,0,0,1,0,0,0,21,HIGH,0.16
REP-EXT-0010,Electrical short circuit started a fire,Fire,critical,8.149401,125.141678,Violeta,2022-01-24T00:00:00,1,39,6,0,0,0,0,0,1,27,HIGH,0.19
REP-EXT-0450,Road blocked due to floodwater,Flood,moderate,8.147935,125.139422,Violeta,2018-09-28T00:00:00,1,30,5,0,0,0,0,0,0,13,HIGH,0.11
REP-TEXT-1839,Very slight vibration barely noticeable no damage,Earthquake,moderate,8.152172076328995,125.12750404366325,Barangay 4,2025-04-15T17:33:00,1,49,7,0,0,1,0,0,0,15,MEDIUM,0.33
REP-EXT-0709,Road covered by landslide debris,Landslide,high,8.155603,125.134041,San Jose,2015-01-09T00:00:00,1,32,5,0,0,0,0,0,1,28,HIGH,0.19
REP-EXT-0256,Smoke and flames seen in residential area,Fire,critical,8.148371,125.140577,Violeta,2018-12-07T00:00:00,1,41,7,0,0,0,0,0,1,27,HIGH,0.04
REP-EXT-0883,Heavy rain triggered landslide near homes,Landslide,moderate,8.157876,125.128108,Barangay 11,2019-12-28T00:00:00,1,41,6,0,0,0,0,0,0,16,LOW,0.05
REP-TEXT-1618,Small camp fire burning out safely,Fire,low,8.162273048660836,125.0388895072074,Cabangahan,2025-11-29T00:07:00,1,34,6,1,1,1,0,0,0,15,HIGH,0.53
REP-EXT-0390,Road covered by landslide debris,Landslide,high,8.152679,125.128686,Sumpong,2018-04-13T00:00:00,1,32,5,0,0,0,0,0,1,26,MEDIUM,0.23
REP-TEXT-2016,Strong typhoon winds blowing off tin roofs and toppling electric posts,Typhoon,high,8.156622624611892,125.12224155738546,Barangay 2,2025-11-28T02:23:00,1,70,11,0,0,0,0,0,0,15,MEDIUM,0.19
REP-CLUSTER-2396,Intense earthquake caused severe structural failure in commercial building,Earthquake,critical,8.157679390515172,125.12654107918378,Barangay 2,2025-05-30T21:58:00,1,74,9,1,1,0,0,0,0,15,LOW,0.14
REP-TEXT-1582,Bonfire unattended spreading slightly to dry grass,Fire,moderate,8.176616768426081,125.11136622487884,Kalasungay,2025-03-26T15:08:00,1,50,7,1,1,1,0,0,0,15,NONE,2.34
REP-EXT-0909,Road blocked due to floodwater,Flood,high,8.155977,125.130187,Barangay 11,2023-02-08T00:00:00,1,30,5,0,0,0,0,0,1,27,HIGH,0.2
REP-EXT-0925,Soil and rocks falling from hillside,Landslide,moderate,8.147471,125.117884,Aglayan,2018-04-18T00:00:00,1,36,6,0,0,0,0,0,0,23,MEDIUM,0.03
REP-EXT-0752,Strong earthquake alarmed residents,Earthquake,moderate,8.158779,125.127682,Barangay 10,2020-01-27T00:00:00,1,35,4,0,0,0,0,0,1,29,LOW,0.14
REP-TEXT-1890,Steep mountain slide swept away structures active soil movement,Landslide,moderate,8.082710898617476,125.15780569591843,Linabo,2025-07-29T14:05:00,1,63,9,0,0,0,0,0,0,15,NONE,7.09
REP-EXT-0461,Flood entering homes after heavy rain,Flood,moderate,8.158521,125.121301,Bangcud,2024-06-29T00:00:00,1,37,6,0,0,0,0,0,0,23,MEDIUM,0.06
REP-TEXT-1748,Severe seismic shaking cracked bridge collapsed school wall,Earthquake,critical,8.079471089592827,125.15418480873853,Linabo,2026-01-08T07:42:00,1,59,8,1,2,0,0,0,0,15,NONE,7.24
REP-TEXT-1948,Minor soil slide blocking footpath,Landslide,moderate,8.160174511812937,125.12898282966418,Barangay 11,2025-06-25T17:44:00,1,34,5,0,0,1,0,0,0,16,LOW,0.32
REP-ONETAP-1225,Flood - Kalasungay,Flood,moderate,8.174116896237758,125.11542398229614,Kalasungay,2025-02-13T16:23:00,0,18,3,0,0,0,0,0,0,15,NONE,1.9
REP-ONETAP-1169,,Flood,moderate,8.155732670918479,125.12189000295396,Barangay 3,2025-11-21T18:35:00,0,0,0,0,0,0,0,0,0,15,MEDIUM,0.26
REP-EXT-0959,Soil and rocks falling from hillside,Landslide,moderate,8.157013,125.128526,Malaybalay Proper,2024-10-13T00:00:00,1,36,6,0,0,0,0,0,0,21,HIGH,0.03
REP-EXT-0502,Landslide damaged farm area,Landslide,high,8.15444,125.130853,San Jose,2020-09-25T00:00:00,1,27,4,0,0,0,0,0,1,28,HIGH,0.19
REP-TEXT-1728,Small puddles formed in driveway no property threat,Flood,low,8.183567348838556,125.15519282448356,Canayan,2025-07-14T18:06:00,1,51,8,0,0,1,0,0,0,15,NONE,4.02
REP-EXT-0740,House on fire please send help,Fire,high,8.15624,125.126386,Barangay 10,2018-08-21T00:00:00,1,30,6,0,0,0,0,0,1,25,LOW,0.21
REP-EXT-0041,Floodwater already waist deep,Flood,high,8.157808,125.127328,Barangay 10,2021-10-03T00:00:00,1,29,4,0,0,0,0,0,1,32,LOW,0.06
REP-EXT-0869,Water rising quickly near our house,Flood,high,8.156036,125.127556,Malaybalay Proper,2021-03-03T00:00:00,1,35,6,0,0,0,0,0,1,27,HIGH,0.13
REP-EXT-0732,River overflow causing flooding in the area,Flood,high,8.155161,125.133213,San Jose,2023-03-26T00:00:00,1,43,7,0,0,0,0,0,1,32,HIGH,0.1
REP-EXT-0540,Soil and rocks falling from hillside,Landslide,high,8.148052,125.140355,Violeta,2017-07-26T00:00:00,1,36,6,0,0,0,0,0,1,30,HIGH,0.05
REP-ONETAP-1202,Earthquake - Violeta,Earthquake,moderate,8.148636488211594,125.13815247724789,Violeta,2025-07-18T13:49:00,0,20,3,0,0,0,0,0,1,32,HIGH,0.23
REP-ONETAP-1340,Landslide - Sumpong,Landslide,moderate,8.148974115462886,125.13315578676489,Sumpong,2025-12-23T07:19:00,0,19,3,0,0,0,0,0,1,26,MEDIUM,0.41
REP-EXT-0698,Water rising quickly near our house,Flood,high,8.158607,125.129076,Malaybalay Proper,2020-11-09T00:00:00,1,35,6,0,0,0,0,0,1,27,LOW,0.19
REP-CLUSTER-2345,Steep mountain slide swept away structures active soil movement,Landslide,critical,8.082017796013599,125.15771078242989,Linabo,2025-08-16T05:15:00,1,63,9,0,0,0,0,0,0,15,NONE,7.15
REP-TEXT-2088,Gentle rain without gusty winds,Typhoon,high,8.150546858040444,125.13237490864576,Barangay 7,2025-10-08T14:29:00,1,31,5,0,0,0,0,0,0,15,MEDIUM,0.24
REP-TEXT-2077,Overcast skies and light drizzle no strong winds,Typhoon,high,8.11502852777721,125.16438343300088,Santo Niño,2025-01-28T02:23:00,1,48,8,0,0,0,0,0,0,15,NONE,4.58
REP-ONETAP-1372,,Fire,high,8.144827296148037,125.11749585257115,Aglayan,2026-01-09T04:22:00,0,0,0,0,0,0,0,0,1,28,MEDIUM,0.27
REP-ONETAP-1146,,Earthquake,moderate,8.158854445877619,125.12538071034582,Barangay 10,2025-04-08T19:16:00,0,0,0,0,0,0,0,0,1,29,LOW,0.31
REP-ONETAP-1032,,Flood,moderate,8.164313977543708,125.13155820189806,Barangay 1,2025-09-06T15:13:00,0,0,0,0,0,0,0,0,0,15,LOW,0.86
REP-EXT-0373,Landslide blocking the road,Landslide,moderate,8.155393,125.127394,Barangay 10,2016-10-06T00:00:00,1,27,4,0,0,0,0,0,0,22,HIGH,0.19
REP-EXT-0668,Fire spreading to nearby houses,Fire,high,8.160091,125.126266,Casisang,2020-11-05T00:00:00,1,31,5,1,1,0,0,0,1,25,LOW,0.33
REP-ONETAP-1432,,Fire,high,8.157229215775706,125.12171640557804,Barangay 3,2025-09-22T01:25:00,0,0,0,0,0,0,0,0,0,15,MEDIUM,0.1
REP-FA-2184,joke lang walang sunog testing lang,Flood,low,8.152580083851834,125.12836814013237,San Jose,2025-08-14T13:16:00,1,35,6,0,0,1,1,1,1,32,MEDIUM,0.25
REP-EXT-0358,Water rising quickly near our house,Flood,high,8.156655,125.127776,Barangay 11,2018-12-03T00:00:00,1,35,6,0,0,0,0,0,1,27,HIGH,0.08
REP-EXT-0968,Electrical short circuit started a fire,Fire,critical,8.15642,125.131957,San Jose,2018-05-13T00:00:00,1,39,6,0,0,0,0,0,1,29,HIGH,0.12
REP-EXT-0784,Electrical short circuit started a fire,Fire,critical,8.157391,125.128711,Barangay 10,2022-05-18T00:00:00,1,39,6,0,0,0,0,0,1,25,HIGH,0.08
REP-EXT-0736,Landslide damaged farm area,Landslide,high,8.157471,125.123158,Bangcud,2015-03-25T00:00:00,1,27,4,0,0,0,0,0,1,29,MEDIUM,0.22
REP-ONETAP-1354,,Typhoon,high,8.155085877095857,125.13054191019333,Barangay 6,2025-01-14T02:22:00,0,0,0,0,0,0,0,0,0,15,HIGH,0.2
REP-ONETAP-1036,,Typhoon,moderate,8.187360731102654,125.156316322785,Canayan,2025-09-18T02:54:00,0,0,0,0,0,0,0,0,0,15,NONE,4.43
REP-EXT-0971,Market stall caught fire,Fire,high,8.148096,125.119764,Aglayan,2022-11-17T00:00:00,1,24,4,0,0,0,0,0,1,28,MEDIUM,0.22
REP-EXT-0471,Landslide damaged farm area,Landslide,high,8.154139,125.131425,San Jose,2015-11-26T00:00:00,1,27,4,0,0,0,0,0,1,28,HIGH,0.17
REP-EXT-0656,Minor tremor felt in the barangay,Earthquake,moderate,8.1592,125.131451,Barangay 11,2020-02-23T00:00:00,1,33,6,0,0,1,0,0,1,26,HIGH,0.43
REP-CLUSTER-2354,Massive structure fire spreading to adjacent residential houses URGENT HELP,Fire,critical,8.158051823607167,125.03610062513327,Cabangahan,2025-01-06T02:22:00,1,75,10,1,3,0,0,0,0,15,HIGH,0.04
REP-TEXT-1910,Hillside erosion threatening foundation of roadside homes,Landslide,moderate,8.155866263123832,125.12616839460875,Barangay 10,2025-10-19T19:01:00,1,57,7,0,0,0,0,0,0,22,LOW,0.26
REP-CLUSTER-2331,Severe seismic shaking cracked bridge collapsed school wall,Earthquake,critical,8.082346199571239,125.15830006009418,Linabo,2025-07-28T08:07:00,1,59,8,1,2,0,0,0,0,15,NONE,7.15
REP-ONETAP-1397,Earthquake - Santo Niño,Earthquake,moderate,8.117196472769947,125.16349806345164,Santo Niño,2026-01-25T21:25:00,0,23,4,0,0,0,0,0,0,15,NONE,4.32
REP-TEXT-1537,Uncontrolled fire outbreak in residential neighborhood,Fire,moderate,8.115026691829483,125.16344892073674,Santo Niño,2025-02-03T01:19:00,1,54,6,0,0,1,0,0,0,15,NONE,4.52
REP-TEXT-1984,Violent super typhoon winds ripping off roofs trees falling on houses,Typhoon,high,8.156373225341426,125.12646272553059,Barangay 3,2025-05-14T22:15:00,1,69,11,0,0,0,0,0,0,15,LOW,0.19
REP-FA-2182,system test drill for cdrrmo rescuers,Earthquake,low,8.191996745003395,125.1581155562524,Canayan,2025-02-16T07:38:00,1,37,6,0,0,1,1,1,0,15,NONE,4.96
REP-TEXT-1550,"Fire breaking out in commercial store, smoke filling area",Fire,high,8.153363374692407,125.12647804984422,Barangay 4,2025-03-24T01:35:00,1,57,9,0,0,0,0,0,0,15,HIGH,0.43
REP-ONETAP-1329,Landslide - Aglayan,Landslide,moderate,8.146996024401423,125.11981689973092,Aglayan,2025-06-13T06:23:00,0,19,3,0,0,0,0,0,0,23,MEDIUM,0.2
REP-ONETAP-1257,Typhoon - Linabo,Typhoon,moderate,8.080264850278212,125.15843282321468,Linabo,2025-09-12T20:34:00,0,16,3,0,0,0,0,0,0,15,NONE,7.36
REP-FA-2162,test emergency alert system please ignore,Earthquake,low,8.156080494048801,125.13631409845212,San Jose,2025-12-23T15:37:00,1,41,6,0,0,1,1,1,1,29,HIGH,0.45
REP-ONETAP-1426,Earthquake - Casisang,Earthquake,moderate,8.136561583644886,125.12888674387962,Casisang,2025-03-02T00:21:00,0,21,3,0,0,0,0,0,1,33,HIGH,0.31
REP-ONETAP-1465,,Typhoon,high,8.140027228057768,125.1281728373168,Casisang,2025-06-04T10:08:00,0,0,0,0,0,0,0,0,0,15,HIGH,0.17
REP-TEXT-1556,Kitchen fire ignited wall spreading to second floor,Fire,high,8.158614132256073,125.126407961651,Barangay 10,2025-03-01T03:54:00,1,51,8,1,1,0,0,0,1,25,LOW,0.2
REP-FA-2156,test emergency alert system please ignore,Typhoon,low,8.14695911055224,125.12154351469549,Aglayan,2025-07-20T08:31:00,1,41,6,0,0,1,1,1,0,15,MEDIUM,0.39
REP-ONETAP-1251,,Typhoon,moderate,8.158067760909901,125.12918157757302,Barangay 5,2025-03-08T13:32:00,0,0,0,0,0,0,0,0,0,15,LOW,0.16
REP-TEXT-1700,Creek water level high reaching road shoulder,Flood,moderate,8.158468044345765,125.03799284665367,Cabangahan,2025-11-02T01:49:00,1,45,7,0,0,0,0,0,0,15,HIGH,0.19
REP-ONETAP-1253,Earthquake - Casisang,Earthquake,moderate,8.141484898820858,125.12731338676042,Casisang,2025-05-09T06:40:00,0,21,3,0,0,0,0,0,1,33,HIGH,0.3
REP-CLUSTER-2426,Floodwaters entering homes rapidly after heavy downpour,Flood,critical,8.15823414849507,125.03562831762316,Cabangahan,2025-08-06T05:38:00,1,55,7,1,1,0,0,0,0,15,HIGH,0.07
REP-CLUSTER-2319,Destructive ground shaking multiple structures damaged people injured,Earthquake,critical,8.15866786322418,125.13039081693205,Barangay 11,2025-05-20T07:42:00,1,69,8,1,1,0,0,0,1,26,HIGH,0.3
REP-ONETAP-1237,Fire - Barangay 6,Fire,high,8.156638588850672,125.12930928190264,Barangay 6,2025-06-30T19:27:00,0,17,4,0,0,0,0,0,0,15,HIGH,0.09
REP-EXT-0886,Heavy rain triggered landslide near homes,Landslide,high,8.150757,125.131154,Sumpong,2024-01-15T00:00:00,1,41,6,0,0,0,0,0,1,26,MEDIUM,0.12
REP-EXT-0080,Road blocked due to floodwater,Flood,high,8.157711,125.128283,Barangay 10,2024-08-11T00:00:00,1,30,5,0,0,0,0,0,1,32,LOW,0.06
REP-ONETAP-1173,Flood - Barangay 11,Flood,moderate,8.158890647178362,125.1287458061406,Barangay 11,2025-08-31T02:05:00,0,19,4,0,0,0,0,0,1,27,LOW,0.19
REP-EXT-0815,Strong shaking felt in our area,Earthquake,moderate,8.161239,125.124208,Casisang,2019-09-14T00:00:00,1,31,6,0,0,0,0,0,1,33,MEDIUM,0.49
REP-TEXT-1853,Brief mild rumble felt on second floor only,Earthquake,moderate,8.148598085408675,125.13223911731137,Sumpong,2025-09-24T21:39:00,1,43,8,0,0,0,0,0,0,23,MEDIUM,0.38
REP-TEXT-1971,Few rocks rolled down roadside ditch,Landslide,moderate,8.188142150251958,125.15749390199724,Canayan,2025-02-10T04:46:00,1,36,6,0,0,0,0,0,0,15,NONE,4.58
REP-EXT-0672,Road blocked due to floodwater,Flood,moderate,8.159286,125.119242,Bangcud,2017-11-04T00:00:00,1,30,5,0,0,0,0,0,0,23,MEDIUM,0.26
REP-FA-2187,test emergency alert system please ignore,Typhoon,low,8.152410742104456,125.1316680515934,Barangay 10,2026-01-14T21:51:00,1,41,6,0,0,1,1,1,0,15,MEDIUM,0.17
REP-CLUSTER-2442,Torrential floodwater chest deep currents strong rescue boat needed,Flood,critical,8.158095940439388,125.03591620068559,Cabangahan,2025-01-01T03:04:00,1,67,9,0,0,0,0,0,0,15,HIGH,0.05
REP-EXT-0058,Strong earthquake alarmed residents,Earthquake,moderate,8.159618,125.125355,Casisang,2023-03-23T00:00:00,1,35,4,0,0,0,0,0,1,33,LOW,0.36
REP-EXT-0134,Earthquake caused cracks in the wall,Earthquake,moderate,8.147711,125.117306,Aglayan,2017-09-02T00:00:00,1,36,6,0,0,0,0,0,1,30,MEDIUM,0.1
REP-ONETAP-1141,Landslide - Bangcud,Landslide,moderate,8.156531960248955,125.11825638458873,Bangcud,2025-12-13T17:10:00,0,19,3,0,0,0,0,0,1,29,MEDIUM,0.36
REP-EXT-0934,Soil and rocks falling from hillside,Landslide,high,8.154573,125.130417,San Jose,2021-09-13T00:00:00,1,36,6,0,0,0,0,0,1,28,HIGH,0.23
REP-EXT-0929,Strong earthquake alarmed residents,Earthquake,moderate,8.161003,125.125138,Casisang,2018-10-23T00:00:00,1,35,4,0,0,0,0,0,1,33,LOW,0.49
REP-EXT-0824,Landslide damaged farm area,Landslide,high,8.15897,125.126301,Casisang,2015-08-21T00:00:00,1,27,4,0,0,0,0,0,1,29,LOW,0.23
REP-ONETAP-1433,,Earthquake,moderate,8.15906194742911,125.12619619337985,Barangay 3,2025-10-11T14:00:00,0,0,0,0,0,0,0,0,0,15,LOW,0.25
REP-ONETAP-1393,Typhoon - Cabangahan,Typhoon,high,8.158827543381861,125.03540378504668,Cabangahan,2025-03-26T19:08:00,0,20,3,0,0,0,0,0,0,15,HIGH,0.11
REP-TEXT-1532,House fire with heavy black smoke visible from street,Fire,high,8.157615869889167,125.13011661672505,Barangay 6,2026-01-26T02:08:00,1,53,9,0,0,0,0,0,0,15,HIGH,0.21
REP-ONETAP-1215,Flood - Barangay 6,Flood,moderate,8.157401347437487,125.13200755534491,Barangay 6,2025-01-27T20:30:00,0,18,4,0,0,0,0,0,0,15,HIGH,0.22
REP-EXT-0505,Earthquake caused cracks in the wall,Earthquake,moderate,8.158539,125.121613,Bangcud,2018-12-15T00:00:00,1,36,6,0,0,0,0,0,1,26,MEDIUM,0.08
REP-CLUSTER-2470,Strong ground motion caused ceiling damage and deep wall cracks,Earthquake,critical,8.15119966533005,125.1327115690611,Barangay 8,2026-01-18T21:54:00,1,63,10,0,0,0,0,0,0,15,MEDIUM,0.26
REP-EXT-0348,Soil and rocks falling from hillside,Landslide,high,8.157379,125.130384,San Jose,2024-06-10T00:00:00,1,36,6,0,0,0,0,0,1,28,HIGH,0.22
REP-EXT-0387,Minor tremor felt in the barangay,Earthquake,moderate,8.155553,125.131532,San Jose,2018-10-28T00:00:00,1,33,6,0,0,1,0,0,1,29,HIGH,0.09
REP-ONETAP-1025,,Fire,moderate,8.187823529134548,125.15433064068647,Canayan,2025-11-20T01:14:00,0,0,0,0,0,0,0,0,0,15,NONE,4.34
REP-TEXT-1959,Small gravel and soil fell from slope safely cleared,Landslide,low,8.157026832995417,125.13486602626912,San Jose,2025-07-03T03:55:00,1,52,9,0,0,1,0,0,1,28,HIGH,0.34
REP-ONETAP-1385,,Flood,moderate,8.084584169626233,125.15603940881289,Linabo,2025-03-13T05:20:00,0,0,0,0,0,0,0,0,0,15,NONE,6.81
REP-EXT-0895,Strong shaking felt in our area,Earthquake,moderate,8.159468,125.119535,Bangcud,2024-06-29T00:00:00,1,31,6,0,0,0,0,0,1,26,MEDIUM,0.25
REP-EXT-0829,Market stall caught fire,Fire,critical,8.157356,125.130694,Barangay 11,2018-11-09T00:00:00,1,24,4,0,0,0,0,0,1,26,HIGH,0.25
REP-CLUSTER-2435,Major violent earthquake building collapsed people trapped under rubble,Earthquake,critical,8.186824724766526,125.15432590171153,Canayan,2025-09-18T22:31:00,1,71,9,1,2,0,0,0,0,15,NONE,4.25
REP-EXT-0476,Flood entering homes after heavy rain,Flood,high,8.157618,125.126152,Malaybalay Proper,2024-04-02T00:00:00,1,37,6,0,0,0,0,0,1,27,LOW,0.18
REP-TEXT-1684,Flood entering yard after heavy rain knee deep water,Flood,high,8.156931650115817,125.13130737302316,Malaybalay Proper,2025-09-04T12:22:00,1,52,9,0,0,0,0,0,1,27,HIGH,0.2
REP-FA-2141,drill simulation drill only do not dispatch,Landslide,low,8.155258734297298,125.12027282220502,Bangcud,2025-02-05T15:43:00,1,43,7,0,0,1,1,1,1,29,MEDIUM,0.32
REP-CLUSTER-2328,Heavy continuous rain caused river to overflow into streets,Flood,critical,8.148488022642889,125.14030357037474,Violeta,2025-10-29T04:47:00,1,59,9,0,0,0,0,0,0,13,HIGH,0.01
REP-FA-2126,sample test report for capstone evaluation,Earthquake,low,8.160034097526772,125.12729518229874,Barangay 5,2025-03-13T14:56:00,1,42,6,0,0,1,1,1,0,15,LOW,0.29
REP-TEXT-2090,Light precipitation weather clearing up,Typhoon,high,8.18632496716287,125.15344741229751,Canayan,2025-03-27T19:59:00,1,39,5,0,0,0,0,0,0,15,NONE,4.15
REP-EXT-0653,Earthquake caused cracks in the wall,Earthquake,moderate,8.155666,125.126234,Barangay 10,2021-01-17T00:00:00,1,36,6,0,0,0,0,0,1,29,LOW,0.27
REP-EXT-0173,Strong earthquake alarmed residents,Earthquake,high,8.147197,125.14212,Violeta,2016-09-16T00:00:00,1,35,4,0,0,0,0,0,1,32,HIGH,0.26
REP-ONETAP-1475,,Earthquake,moderate,8.155442256337368,125.12327457490414,Bangcud,2025-05-14T03:04:00,0,0,0,0,0,0,0,0,1,26,MEDIUM,0.36
REP-ONETAP-1150,Landslide - Barangay 9,Landslide,moderate,8.158682835717405,125.12704182050739,Barangay 9,2025-06-01T23:55:00,0,22,4,0,0,0,0,0,0,12,LOW,0.16
REP-EXT-0039,Heavy rain triggered landslide near homes,Landslide,moderate,8.146497,125.116884,Aglayan,2023-06-22T00:00:00,1,41,6,0,0,0,0,0,0,23,MEDIUM,0.15
REP-TEXT-1555,Kitchen fire ignited wall spreading to second floor,Fire,high,8.160505427311342,125.1241931235933,Bangcud,2025-05-29T11:51:00,1,51,8,1,1,0,0,0,1,26,MEDIUM,0.43
REP-CLUSTER-2386,Mudflow blocked purok entrance soil continuing to loosen,Landslide,critical,8.160873384210452,125.12813898207115,Barangay 1,2025-04-16T07:18:00,1,56,8,0,0,0,0,0,0,15,LOW,0.38
REP-EXT-0714,Fire spreading to nearby houses,Fire,high,8.157931,125.121199,Bangcud,2021-05-11T00:00:00,1,31,5,1,1,0,0,0,1,26,MEDIUM,0.01
REP-EXT-0091,Soil and rocks falling from hillside,Landslide,high,8.148698,125.139844,Violeta,2015-11-21T00:00:00,1,36,6,0,0,0,0,0,1,30,HIGH,0.04
REP-EXT-0167,Landslide blocking the road,Landslide,moderate,8.158384,125.12863,Barangay 11,2017-07-27T00:00:00,1,27,4,0,0,0,0,0,0,16,LOW,0.13
REP-ONETAP-1206,Flood - Malaybalay Proper,Flood,critical,8.156760075836338,125.12954997174718,Malaybalay Proper,2026-01-14T21:58:00,0,25,4,0,0,0,0,0,1,27,HIGH,0.12
REP-EXT-0876,Market stall caught fire,Fire,critical,8.153863,125.134093,San Jose,2017-05-26T00:00:00,1,24,4,0,0,0,0,0,1,29,HIGH,0.26
REP-EXT-0445,Strong shaking felt in our area,Earthquake,moderate,8.158166,125.126692,Barangay 10,2019-03-25T00:00:00,1,31,6,0,0,0,0,0,1,29,LOW,0.14
REP-FA-2152,prank call fake alarm haha,Fire,low,8.157966200338132,125.13232580494909,Malaybalay Proper,2025-03-02T12:28:00,1,26,5,0,0,1,1,1,0,22,HIGH,0.29
REP-FA-2292,test emergency alert system please ignore,Earthquake,low,8.151503361630505,125.13099585965364,San Jose,2025-09-25T04:07:00,1,41,6,0,0,1,1,1,1,29,MEDIUM,0.07
REP-CLUSTER-2484,Forest fire moving rapidly towards community high wind spreading flames,Fire,critical,8.137823204835057,125.12643325526838,Casisang,2025-11-25T21:58:00,1,71,10,1,2,0,0,0,1,25,HIGH,0.14
REP-ONETAP-1094,Earthquake - Barangay 7,Earthquake,moderate,8.148928949797057,125.12935011445315,Barangay 7,2025-12-26T08:35:00,0,23,4,0,0,0,0,0,0,15,MEDIUM,0.31
REP-TEXT-1828,Earthquake tremors felt alarmed neighbors stepped outside,Earthquake,moderate,8.158471524724085,125.12589448878455,Barangay 11,2025-07-24T08:05:00,1,57,7,0,0,0,0,0,1,26,LOW,0.24
REP-ONETAP-1156,,Fire,moderate,8.157026187506137,125.12575574771387,Barangay 2,2025-10-03T04:24:00,0,0,0,0,0,0,0,0,0,15,LOW,0.23
REP-ONETAP-1325,,Typhoon,moderate,8.154928979763596,125.12557017850521,Barangay 3,2025-04-17T10:19:00,0,0,0,0,0,0,0,0,0,15,LOW,0.38
REP-EXT-0217,Heavy rain triggered landslide near homes,Landslide,moderate,8.158009,125.126149,Barangay 10,2017-08-25T00:00:00,1,41,6,0,0,0,0,0,0,22,LOW,0.19
REP-ONETAP-1351,,Typhoon,moderate,8.075515250727266,125.14128043628122,Simaya,2025-05-07T22:04:00,0,0,0,0,0,0,0,0,0,15,NONE,7.21
REP-EXT-0511,Buildings shaking for several seconds,Earthquake,moderate,8.157751,125.119633,Bangcud,2018-06-26T00:00:00,1,37,5,0,0,0,0,0,1,26,MEDIUM,0.17
REP-TEXT-1681,Flood entering yard after heavy rain knee deep water,Flood,moderate,8.17174551972641,125.1162751408893,Kalasungay,2025-11-05T17:52:00,1,52,9,0,0,0,0,0,0,15,NONE,1.62
REP-EXT-0500,River overflow causing flooding in the area,Flood,moderate,8.149697,125.130113,Sumpong,2017-10-11T00:00:00,1,43,7,0,0,0,0,0,0,22,MEDIUM,0.2
REP-CLUSTER-2458,Electrical fire spreading across building roof,Fire,critical,8.149252468013344,125.14076972388709,Violeta,2025-09-12T02:19:00,1,46,6,1,1,0,0,0,1,27,HIGH,0.1
REP-TEXT-1857,Slight shake noticed no issues reported,Earthquake,moderate,8.15884109110228,125.12719044386802,Barangay 10,2025-03-11T13:58:00,1,39,6,0,0,1,0,0,1,29,LOW,0.16
REP-ONETAP-1389,Landslide - Barangay 10,Landslide,moderate,8.15520925386462,125.12674392832363,Barangay 10,2025-02-27T18:07:00,0,23,4,0,0,0,0,0,0,22,HIGH,0.25
REP-TEXT-1520,Multiple houses on fire with children trapped send rescue immediately,Fire,critical,8.158005881613883,125.12932534363698,Barangay 2,2025-07-03T16:19:00,1,69,10,1,2,0,0,0,0,15,HIGH,0.17
REP-TEXT-1672,Floodwaters entering homes rapidly after heavy downpour,Flood,high,8.151301142528009,125.13592638137176,Barangay 8,2025-03-17T01:10:00,1,55,7,1,1,0,0,0,0,15,HIGH,0.56
REP-EXT-0339,Landslide blocking the road,Landslide,high,8.155155,125.130411,San Jose,2019-06-18T00:00:00,1,27,4,0,0,0,0,0,1,28,HIGH,0.21
REP-CLUSTER-2332,"Fire breaking out in commercial store, smoke filling area",Fire,critical,8.07503659053842,125.1419911494309,Simaya,2025-01-25T08:58:00,1,57,9,0,0,0,0,0,0,15,NONE,7.27
REP-ONETAP-1189,Earthquake - Barangay 1,Earthquake,moderate,8.161258525502138,125.12646717567127,Barangay 1,2025-10-21T12:45:00,0,23,4,0,0,0,0,0,0,15,LOW,0.44
REP-EXT-0029,Floodwater already waist deep,Flood,moderate,8.158309,125.129721,Barangay 9,2016-06-07T00:00:00,1,29,4,0,0,0,0,0,0,19,HIGH,0.22
REP-TEXT-1541,Uncontrolled fire outbreak in residential neighborhood,Fire,moderate,8.152327346278687,125.12901735062509,Barangay 4,2025-03-09T06:46:00,1,54,6,0,0,1,0,0,0,15,MEDIUM,0.18
REP-ONETAP-1218,,Landslide,moderate,8.160307778642307,125.12378283156276,Bangcud,2025-09-15T11:15:00,0,0,0,0,0,0,0,0,1,29,MEDIUM,0.38
REP-TEXT-2031,Typhoon signal 3 destructive winds continuous heavy rainfall,Typhoon,high,8.155393879528093,125.12780682615542,Barangay 3,2025-10-22T17:08:00,1,60,8,0,0,0,0,0,0,15,HIGH,0.16
REP-EXT-0795,Heavy rain triggered landslide near homes,Landslide,high,8.150022,125.138757,Violeta,2017-12-26T00:00:00,1,41,6,0,0,0,0,0,1,30,HIGH,0.23
REP-EXT-0946,Market stall caught fire,Fire,critical,8.154183,125.13195,San Jose,2019-05-09T00:00:00,1,24,4,0,0,0,0,0,1,29,HIGH,0.14
REP-ONETAP-1417,Fire - Linabo,Fire,moderate,8.082563578608827,125.15816971900561,Linabo,2025-06-12T04:24:00,0,13,3,0,0,0,0,0,0,15,NONE,7.12
REP-EXT-0170,Water rising quickly near our house,Flood,high,8.155576,125.125691,Barangay 10,2017-02-06T00:00:00,1,35,6,0,0,0,0,0,1,32,LOW,0.32
REP-TEXT-2095,Mild windy weather with occasional light rain,Typhoon,high,8.07531893277022,125.13930078086457,Simaya,2025-06-04T03:58:00,1,45,7,0,0,0,0,0,0,15,NONE,7.18
REP-TEXT-1677,Main drainage backed up causing severe street flooding,Flood,high,8.149886439267668,125.12814177361274,Barangay 7,2025-12-18T10:59:00,1,54,8,1,1,0,0,0,0,15,MEDIUM,0.31
REP-ONETAP-1198,,Fire,critical,8.14594514393704,125.13997045491867,Violeta,2025-05-27T02:41:00,0,0,0,0,0,0,0,0,1,27,HIGH,0.29
REP-TEXT-1543,Electrical fire spreading across building roof,Fire,high,8.082985078218496,125.158751392543,Linabo,2025-01-25T21:06:00,1,46,6,1,1,0,0,0,0,15,NONE,7.11
REP-ONETAP-1254,Typhoon - Malaybalay Proper,Typhoon,high,8.156146706199282,125.12855013416869,Malaybalay Proper,2025-09-15T20:10:00,0,27,4,0,0,0,0,0,0,15,HIGH,0.06
REP-ONETAP-1277,,Fire,moderate,8.073453179360847,125.14243542162842,Simaya,2025-08-14T10:26:00,0,0,0,0,0,0,0,0,0,15,NONE,7.46
REP-EXT-0913,Heavy rain triggered landslide near homes,Landslide,moderate,8.157179,125.128471,Malaybalay Proper,2015-12-05T00:00:00,1,41,6,0,0,0,0,0,0,21,HIGH,0.05
REP-EXT-0492,Road covered by landslide debris,Landslide,moderate,8.157622,125.125069,Barangay 10,2023-08-29T00:00:00,1,32,5,0,0,0,0,0,0,22,LOW,0.3
REP-EXT-0954,Landslide damaged farm area,Landslide,high,8.156343,125.132714,San Jose,2017-11-23T00:00:00,1,27,4,0,0,0,0,0,1,28,HIGH,0.11
REP-ONETAP-1098,Earthquake - San Jose,Earthquake,moderate,8.158379788783757,125.13260233083655,San Jose,2025-05-19T09:16:00,0,21,4,0,0,0,0,0,1,29,HIGH,0.33
REP-ONETAP-1033,Fire - Sumpong,Fire,high,8.153914657193063,125.1283878227284,Sumpong,2025-05-16T14:18:00,0,14,3,0,0,0,0,0,0,24,HIGH,0.31
REP-EXT-0588,Landslide damaged farm area,Landslide,high,8.14878,125.140267,Violeta,2017-10-26T00:00:00,1,27,4,0,0,0,0,0,1,30,HIGH,0.03
REP-EXT-0751,Water rising quickly near our house,Flood,moderate,8.152879,125.131014,Sumpong,2015-11-16T00:00:00,1,35,6,0,0,0,0,0,0,22,MEDIUM,0.17
REP-EXT-0658,Road blocked due to floodwater,Flood,moderate,8.161655,125.125085,Casisang,2021-09-14T00:00:00,1,30,5,0,0,0,0,0,0,18,LOW,0.55
REP-TEXT-1867,Large rockslide crushed vehicles and blocked main highway completely,Landslide,moderate,8.148980433699032,125.13417071269681,Barangay 8,2025-04-14T06:04:00,1,68,9,0,0,0,0,0,0,15,MEDIUM,0.5
REP-EXT-0235,River overflow causing flooding in the area,Flood,high,8.156136,125.128383,Barangay 10,2019-10-31T00:00:00,1,43,7,0,0,0,0,0,1,32,HIGH,0.06
REP-EXT-0733,Smoke and flames seen in residential area,Fire,high,8.15955,125.127188,Casisang,2018-06-02T00:00:00,1,41,7,0,0,0,0,0,1,25,LOW,0.24
REP-CLUSTER-2493,Road covered by landslide debris heavy equipment needed to clear,Landslide,critical,8.149309239026648,125.13978679365603,Violeta,2025-10-23T15:44:00,1,64,10,0,0,0,0,0,1,30,HIGH,0.1
REP-ONETAP-1187,Landslide - Barangay 9,Landslide,moderate,8.155436682787306,125.12621990606223,Barangay 9,2025-03-31T04:24:00,0,22,4,0,0,0,0,0,0,12,HIGH,0.29
REP-ONETAP-1157,,Typhoon,high,8.157226069092921,125.12389628461047,Bangcud,2026-01-16T23:09:00,0,0,0,0,0,0,0,0,0,15,MEDIUM,0.31
REP-CLUSTER-2454,Floodwater already waist deep entering living rooms,Flood,critical,8.075739706135916,125.14202982800325,Simaya,2025-11-23T10:01:00,1,51,7,0,0,0,0,0,0,15,NONE,7.2
REP-ONETAP-1247,,Typhoon,moderate,8.115826200135384,125.16676217830307,Santo Niño,2025-04-13T04:15:00,0,0,0,0,0,0,0,0,0,15,NONE,4.66
REP-CLUSTER-2449,Destructive ground shaking multiple structures damaged people injured,Earthquake,critical,8.149083573073257,125.13995133160654,Violeta,2025-08-31T10:38:00,1,69,8,1,1,0,0,0,1,32,HIGH,0.07
REP-EXT-0935,Road blocked due to floodwater,Flood,high,8.158486,125.128513,Barangay 10,2022-10-13T00:00:00,1,30,5,0,0,0,0,0,1,32,LOW,0.13
REP-ONETAP-1210,,Typhoon,moderate,8.160158356635256,125.13020818879295,Barangay 11,2025-03-25T05:53:00,0,0,0,0,0,0,0,0,0,15,LOW,0.4
REP-ONETAP-1066,,Landslide,moderate,8.082454025396457,125.159310075493,Linabo,2025-05-05T04:41:00,0,0,0,0,0,0,0,0,0,15,NONE,7.19
REP-TEXT-1717,Slight water buildup on roadside drainage working fine,Flood,moderate,8.151312443632715,125.12922830340972,Sumpong,2025-10-21T08:11:00,1,54,8,0,0,1,0,0,0,22,MEDIUM,0.13
REP-EXT-0109,Minor tremor felt in the barangay,Earthquake,moderate,8.15523,125.130781,San Jose,2024-04-11T00:00:00,1,33,6,0,0,1,0,0,1,29,HIGH,0.17
REP-ONETAP-1063,Flood - Bangcud,Flood,moderate,8.15905376339914,125.12126704398125,Bangcud,2025-05-26T16:42:00,0,15,3,0,0,0,0,0,0,23,MEDIUM,0.12
REP-EXT-0569,Fire spreading to nearby houses,Fire,high,8.156725,125.127996,Barangay 9,2022-12-17T00:00:00,1,31,5,1,1,0,0,0,1,25,HIGH,0.06
REP-ONETAP-1168,,Fire,high,8.149283791259004,125.11755764171568,Aglayan,2025-08-16T02:57:00,0,0,0,0,0,0,0,0,1,28,MEDIUM,0.24
REP-ONETAP-1175,,Landslide,moderate,8.157870100289419,125.1288200795884,Malaybalay Proper,2025-12-07T13:55:00,0,0,0,0,0,0,0,0,0,21,LOW,0.12
REP-TEXT-1589,Smoke coming from residential backyard,Fire,high,8.15876929851235,125.12971761950801,San Jose,2025-10-24T05:46:00,1,38,5,0,0,0,0,0,1,29,LOW,0.25
REP-TEXT-1508,Huge blaze engulfing commercial warehouse people trapped inside,Fire,critical,8.081792777652236,125.15505851272627,Linabo,2025-03-30T19:51:00,1,63,8,1,2,0,0,0,0,15,NONE,7.04
REP-ONETAP-1493,Fire - Barangay 4,Fire,moderate,8.157049569000556,125.12757610255687,Barangay 4,2025-10-02T11:56:00,0,17,4,0,0,0,0,0,0,15,LOW,0.06
REP-EXT-0891,Strong earthquake alarmed residents,Earthquake,moderate,8.158446,125.126757,Barangay 10,2020-11-06T00:00:00,1,35,4,0,0,0,0,0,1,29,LOW,0.16
REP-EXT-0948,Road blocked due to floodwater,Flood,high,8.157696,125.128662,Malaybalay Proper,2016-11-21T00:00:00,1,30,5,0,0,0,0,0,1,27,LOW,0.1
REP-ONETAP-1049,Fire - Barangay 10,Fire,critical,8.156387909091963,125.12959852806311,Barangay 10,2025-04-18T21:15:00,0,18,4,0,0,0,0,0,1,25,HIGH,0.13
REP-TEXT-2058,Tropical depression bringing steady rainfall and breezy conditions,Typhoon,high,8.159561086735293,125.13034003217398,Barangay 5,2025-02-14T13:54:00,1,66,8,0,0,0,0,0,0,15,LOW,0.36
REP-EXT-0885,Fire spreading to nearby houses,Fire,high,8.157316,125.122086,Bangcud,2022-07-08T00:00:00,1,31,5,1,1,0,0,0,1,26,MEDIUM,0.12
REP-EXT-0144,Minor tremor felt in the barangay,Earthquake,moderate,8.157538,125.128709,Barangay 11,2015-05-18T00:00:00,1,33,6,0,0,1,0,0,1,26,HIGH,0.1
REP-CLUSTER-2453,Flash flood water rising to second floor residents trapped on roofs,Flood,critical,8.148058935060368,125.14059852924274,Violeta,2025-08-20T19:43:00,1,67,11,1,1,0,0,0,0,13,HIGH,0.07
REP-EXT-0851,Electrical short circuit started a fire,Fire,high,8.157581,125.126187,Barangay 10,2020-10-05T00:00:00,1,39,6,0,0,0,0,0,1,25,LOW,0.18
REP-EXT-0718,Fire spreading to nearby houses,Fire,high,8.157667,125.129303,Barangay 9,2023-04-20T00:00:00,1,31,5,1,1,0,0,0,1,25,HIGH,0.14
REP-CLUSTER-2372,Kitchen fire ignited wall spreading to second floor,Fire,critical,8.156518185870372,125.12316483702205,Barangay 3,2025-04-27T03:07:00,1,51,8,1,1,0,0,0,0,15,MEDIUM,0.27
REP-EXT-0265,Fire spreading to nearby houses,Fire,high,8.149249,125.139075,Violeta,2016-06-16T00:00:00,1,31,5,1,1,0,0,0,1,27,HIGH,0.15
REP-EXT-0076,Earthquake caused cracks in the wall,Earthquake,high,8.154547,125.133322,San Jose,2020-12-26T00:00:00,1,36,6,0,0,0,0,0,1,29,HIGH,0.15
REP-EXT-0396,Earthquake caused cracks in the wall,Earthquake,high,8.150454,125.138696,Violeta,2016-04-18T00:00:00,1,36,6,0,0,0,0,0,1,32,HIGH,0.27
REP-FA-2118,lol this is just a prank fire,Earthquake,low,8.157510439678902,125.1314328304481,Barangay 11,2025-01-28T08:23:00,1,29,7,0,0,1,1,1,1,26,HIGH,0.25
REP-CLUSTER-2336,Strong tremor caused panic visible fissures in concrete pavement,Earthquake,critical,8.161685061541158,125.1292525942167,Barangay 1,2025-05-07T03:30:00,1,64,9,0,0,0,0,0,0,15,LOW,0.49
REP-EXT-0397,Water rising quickly near our house,Flood,high,8.158758,125.130813,Barangay 11,2018-12-21T00:00:00,1,35,6,0,0,0,0,0,1,27,HIGH,0.34
REP-ONETAP-1366,,Typhoon,high,8.157134460579321,125.12974379081349,San Jose,2025-07-25T17:32:00,0,0,0,0,0,0,0,0,0,15,HIGH,0.15
REP-TEXT-2078,Overcast skies and light drizzle no strong winds,Typhoon,high,8.148561812654282,125.13068981524118,Barangay 7,2025-09-27T03:30:00,1,48,8,0,0,0,0,0,0,15,MEDIUM,0.33
REP-TEXT-1904,Road covered by landslide debris heavy equipment needed to clear,Landslide,moderate,8.158954860859975,125.12944003562974,Barangay 11,2025-04-03T19:14:00,1,64,10,0,0,0,0,0,0,16,LOW,0.24
REP-EXT-0596,Heavy rain triggered landslide near homes,Landslide,moderate,8.155623,125.130425,Barangay 9,2022-03-08T00:00:00,1,41,6,0,0,0,0,0,0,12,HIGH,0.21
REP-ONETAP-1297,,Flood,moderate,8.152515535120461,125.12850868720628,Sumpong,2025-05-08T00:16:00,0,0,0,0,0,0,0,0,0,22,MEDIUM,0.24
REP-TEXT-1822,Ground shaking felt for 10 seconds slight vibration,Earthquake,moderate,8.149737133600372,125.11733217370094,Aglayan,2025-03-03T07:47:00,1,51,8,0,0,1,0,0,1,30,MEDIUM,0.29
REP-EXT-0873,Electrical short circuit started a fire,Fire,high,8.145385,125.116985,Aglayan,2015-01-10T00:00:00,1,39,6,0,0,0,0,0,1,28,MEDIUM,0.23
REP-TEXT-1549,"Fire breaking out in commercial store, smoke filling area",Fire,high,8.172589173293652,125.11259799508916,Kalasungay,2025-05-15T16:12:00,1,57,9,0,0,0,0,0,0,15,NONE,1.88
REP-EXT-0037,Strong earthquake alarmed residents,Earthquake,moderate,8.147937,125.119412,Aglayan,2021-08-01T00:00:00,1,35,4,0,0,0,0,0,1,30,MEDIUM,0.18
REP-FA-2274,sample test report for capstone evaluation,Earthquake,low,8.161235463641907,125.13001551043858,Malaybalay Proper,2025-01-05T08:57:00,1,42,6,0,0,1,1,1,0,24,LOW,0.48
REP-FA-2124,fake report test only,Typhoon,low,8.154515735547871,125.1357510673804,Barangay 8,2025-12-20T16:54:00,1,21,4,0,0,1,1,1,0,15,HIGH,0.39
REP-EXT-0978,Heavy rain triggered landslide near homes,Landslide,high,8.156785,125.131666,San Jose,2020-01-11T00:00:00,1,41,6,0,0,0,0,0,1,28,HIGH,0.17
REP-TEXT-1572,Small brush fire burning near perimeter fence,Fire,low,8.155827134533578,125.13326116039026,Barangay 11,2025-01-26T16:14:00,1,45,7,1,1,1,0,0,1,26,HIGH,0.12
REP-ONETAP-1123,Typhoon - Santo Niño,Typhoon,moderate,8.1149082707817,125.16217321665465,Santo Niño,2025-12-30T05:19:00,0,20,4,0,0,0,0,0,0,15,NONE,4.45
REP-TEXT-1893,Heavy rain triggered landslide near homes blocking access road,Landslide,moderate,8.157759456733883,125.12962474172342,Barangay 1,2025-11-05T09:21:00,1,62,9,0,0,0,0,0,0,15,HIGH,0.17
REP-EXT-0676,Smoke and flames seen in residential area,Fire,high,8.149673,125.131459,Sumpong,2024-01-28T00:00:00,1,41,7,0,0,0,0,0,0,24,MEDIUM,0.23
REP-EXT-0729,Strong earthquake alarmed residents,Earthquake,moderate,8.158722,125.129728,Malaybalay Proper,2024-09-17T00:00:00,1,35,4,0,0,0,0,0,0,24,LOW,0.25
REP-EXT-0413,Flood entering homes after heavy rain,Flood,moderate,8.156402,125.121188,Bangcud,2023-12-11T00:00:00,1,37,6,0,0,0,0,0,0,23,MEDIUM,0.18
REP-TEXT-1517,Forest fire moving rapidly towards community high wind spreading flames,Fire,critical,8.073556685905501,125.13911943606861,Simaya,2025-01-14T20:31:00,1,71,10,1,2,0,0,0,0,15,NONE,7.37
REP-TEXT-1650,Severe flooding elderly residents unable to evacuate trapped inside,Flood,critical,8.073443774371562,125.14241337460928,Simaya,2025-03-31T20:38:00,1,67,9,1,2,0,0,0,0,15,NONE,7.46
REP-EXT-0826,Soil and rocks falling from hillside,Landslide,high,8.151497,125.129863,Sumpong,2024-02-29T00:00:00,1,36,6,0,0,0,0,0,1,26,MEDIUM,0.06
REP-EXT-0617,Smoke and flames seen in residential area,Fire,critical,8.150009,125.140558,Violeta,2020-01-28T00:00:00,1,41,7,0,0,0,0,0,1,27,HIGH,0.17
REP-EXT-0115,Landslide blocking the road,Landslide,high,8.156738,125.122159,Bangcud,2023-08-05T00:00:00,1,27,4,0,0,0,0,0,1,29,MEDIUM,0.18
REP-EXT-0418,Soil and rocks falling from hillside,Landslide,high,8.160087,125.126965,Casisang,2017-08-26T00:00:00,1,36,6,0,0,0,0,0,1,29,LOW,0.3
REP-TEXT-1626,Flash flood water rising to second floor residents trapped on roofs,Flood,critical,8.15833141447339,125.1293020337122,Barangay 1,2025-12-26T23:49:00,1,67,11,1,1,0,0,0,0,15,LOW,0.19
REP-CLUSTER-2451,Major violent earthquake building collapsed people trapped under rubble,Earthquake,critical,8.151256871396464,125.12951448308789,Sumpong,2025-02-21T00:29:00,1,71,9,1,2,0,0,0,0,23,MEDIUM,0.1
REP-EXT-0090,Flood entering homes after heavy rain,Flood,moderate,8.148902,125.11946,Aglayan,2022-07-05T00:00:00,1,37,6,0,0,0,0,0,0,18,MEDIUM,0.25
REP-TEXT-2083,Gentle rain without gusty winds,Typhoon,high,8.156865501114853,125.12951820957797,Barangay 9,2025-05-31T13:43:00,1,31,5,0,0,0,0,0,0,15,HIGH,0.11
REP-EXT-0754,Heavy rain triggered landslide near homes,Landslide,moderate,8.156957,125.128223,Barangay 11,2022-10-05T00:00:00,1,41,6,0,0,0,0,0,0,16,HIGH,0.04
REP-TEXT-1631,River overflowing rapidly sweeping away vehicles people stranded,Flood,high,8.162631381971853,125.12994679487129,Barangay 1,2026-01-23T23:37:00,1,64,8,1,1,0,0,0,0,15,LOW,0.62
REP-EXT-0012,Water rising quickly near our house,Flood,moderate,8.150857,125.129858,Sumpong,2020-06-29T00:00:00,1,35,6,0,0,0,0,0,0,22,MEDIUM,0.09
REP-EXT-0285,River overflow causing flooding in the area,Flood,moderate,8.158074,125.119423,Bangcud,2015-09-27T00:00:00,1,43,7,0,0,0,0,0,0,23,MEDIUM,0.2
REP-ONETAP-1067,Fire - Santo Niño,Fire,moderate,8.112033268908828,125.16650578685972,Santo Niño,2025-04-23T05:51:00,0,17,4,0,0,0,0,0,0,15,NONE,4.98
REP-ONETAP-1192,,Earthquake,moderate,8.156174600181156,125.12286164737101,Barangay 3,2026-02-03T05:04:00,0,0,0,0,0,0,0,0,0,15,MEDIUM,0.27
REP-ONETAP-1441,Earthquake - Simaya,Earthquake,moderate,8.077785309648396,125.14042063040844,Simaya,2025-07-21T22:53:00,0,19,3,0,0,0,0,0,0,15,NONE,6.94
REP-CLUSTER-2338,Steep mountain slide swept away structures active soil movement,Landslide,critical,8.175239133111218,125.11552819714092,Kalasungay,2025-03-05T02:03:00,1,63,9,0,0,0,0,0,0,15,NONE,2.02
REP-CLUSTER-2410,Intense earthquake caused severe structural failure in commercial building,Earthquake,critical,8.15542500020128,125.1329312486727,San Jose,2025-11-17T06:39:00,1,74,9,1,1,0,0,0,1,29,HIGH,0.07
REP-FA-2258,joke lang walang sunog testing lang,Landslide,low,8.174921857349643,125.1179348245573,Kalasungay,2025-05-01T06:35:00,1,35,6,0,0,1,1,1,0,15,NONE,1.92
REP-TEXT-1569,Small brush fire burning near perimeter fence,Fire,low,8.188631235622458,125.15098923561806,Canayan,2025-10-13T19:03:00,1,45,7,1,1,1,0,0,0,15,NONE,4.23
REP-FA-2144,sample test report for capstone evaluation,Fire,low,8.162552903155419,125.04107853329246,Cabangahan,2025-04-12T10:12:00,1,42,6,0,0,1,1,1,0,15,HIGH,0.71
REP-TEXT-1688,Water rising slowly near our house gutter overflowing,Flood,high,8.154142628831849,125.1230575524196,Barangay 10,2025-12-02T06:44:00,1,53,8,0,0,0,0,0,1,32,MEDIUM,0.48
REP-EXT-0852,Buildings shaking for several seconds,Earthquake,moderate,8.155899,125.126582,Malaybalay Proper,2020-07-23T00:00:00,1,37,5,0,0,0,0,0,0,24,LOW,0.22
REP-EXT-0896,House on fire please send help,Fire,critical,8.155985,125.127221,Barangay 10,2022-10-07T00:00:00,1,30,6,0,0,0,0,0,1,25,HIGH,0.16
REP-EXT-0497,Floodwater already waist deep,Flood,high,8.157004,125.134166,San Jose,2018-09-03T00:00:00,1,29,4,0,0,0,0,0,1,32,HIGH,0.27
REP-TEXT-1783,Strong ground motion caused ceiling damage and deep wall cracks,Earthquake,moderate,8.16024679027615,125.12797578482386,Barangay 3,2025-11-17T01:03:00,1,63,10,0,0,0,0,0,0,15,LOW,0.31
REP-EXT-0336,Market stall caught fire,Fire,high,8.158733,125.127062,Malaybalay Proper,2015-09-03T00:00:00,1,24,4,0,0,0,0,0,0,22,LOW,0.16
REP-EXT-0516,Market stall caught fire,Fire,critical,8.157051,125.128948,Barangay 11,2023-06-26T00:00:00,1,24,4,0,0,0,0,0,1,26,HIGH,0.06
REP-ONETAP-1349,Landslide - Kalasungay,Landslide,moderate,8.176614033920194,125.11772915038148,Kalasungay,2025-06-17T00:40:00,0,22,3,0,0,0,0,0,0,15,NONE,2.1
REP-ONETAP-1016,Fire - Malaybalay Proper,Fire,moderate,8.159664678213408,125.12486888613165,Malaybalay Proper,2025-10-02T08:49:00,0,24,4,0,0,0,0,0,0,22,LOW,0.4
REP-CLUSTER-2432,Floodwaters entering homes rapidly after heavy downpour,Flood,critical,8.157173312698525,125.12943851696245,Barangay 11,2025-01-03T00:55:00,1,55,7,1,1,0,0,0,1,27,HIGH,0.12
REP-TEXT-1782,Heavy shaking felt for 30 seconds items fell from shelves cracks on road,Earthquake,moderate,8.160167801922007,125.12930216543009,Barangay 11,2025-11-02T04:23:00,1,72,13,0,0,0,0,0,1,26,LOW,0.34
REP-TEXT-1786,Strong ground motion caused ceiling damage and deep wall cracks,Earthquake,moderate,8.145978541910978,125.12113436761133,Aglayan,2026-01-11T06:01:00,1,63,10,0,0,0,0,0,1,30,MEDIUM,0.37
REP-TEXT-2071,Passing light rain shower with mild breeze,Typhoon,high,8.159001534753125,125.12514767233256,Barangay 9,2025-06-21T23:59:00,1,42,7,0,0,0,0,0,0,15,LOW,0.34
REP-EXT-0357,Flood entering homes after heavy rain,Flood,high,8.157323,125.132376,San Jose,2016-02-23T00:00:00,1,37,6,0,0,0,0,0,1,32,HIGH,0.21
REP-CLUSTER-2379,Hillside erosion threatening foundation of roadside homes,Landslide,critical,8.149657585948262,125.13168385955538,Barangay 7,2025-08-13T14:54:00,1,57,7,0,0,0,0,0,0,15,MEDIUM,0.25
REP-ONETAP-1313,,Flood,moderate,8.158566672034151,125.03649160165098,Cabangahan,2025-06-27T04:17:00,0,0,0,0,0,0,0,0,0,15,HIGH,0.04
REP-TEXT-1636,Torrential floodwater chest deep currents strong rescue boat needed,Flood,moderate,8.17338445202573,125.11809582495177,Kalasungay,2026-01-09T20:23:00,1,67,9,0,0,0,0,0,0,15,NONE,1.74
REP-EXT-0551,Flood entering homes after heavy rain,Flood,high,8.155211,125.130857,San Jose,2020-09-24T00:00:00,1,37,6,0,0,0,0,0,1,32,HIGH,0.16
REP-ONETAP-1228,Typhoon - Cabangahan,Typhoon,high,8.159242626400065,125.03392198320499,Cabangahan,2025-06-20T04:02:00,0,20,3,0,0,0,0,0,0,15,HIGH,0.28
REP-FA-2231,prank call fake alarm haha,Landslide,low,8.158509943596142,125.13343867783445,San Jose,2025-02-17T01:32:00,1,26,5,0,0,1,1,1,1,28,HIGH,0.37
REP-EXT-0958,Road covered by landslide debris,Landslide,high,8.15304,125.130299,Sumpong,2018-12-19T00:00:00,1,32,5,0,0,0,0,0,1,26,MEDIUM,0.17
REP-TEXT-1774,Strong earthquake alarmed residents cracked walls and shattered windows,Earthquake,high,8.158132314303522,125.13483800579199,San Jose,2025-01-07T03:49:00,1,71,9,0,0,0,0,0,1,29,HIGH,0.41
REP-ONETAP-1009,Fire - Casisang,Fire,critical,8.13705704218463,125.12580186693229,Casisang,2025-03-29T17:46:00,0,15,3,0,0,0,0,0,1,25,HIGH,0.25
REP-ONETAP-1093,,Earthquake,moderate,8.15841909786807,125.12220913082267,Bangcud,2025-06-16T05:31:00,0,0,0,0,0,0,0,0,1,26,MEDIUM,0.12
REP-FA-2225,sample test report for capstone evaluation,Earthquake,low,8.183793201983821,125.15743278843826,Canayan,2025-01-29T23:04:00,1,42,6,0,0,1,1,1,0,15,NONE,4.2
REP-EXT-0997,Road covered by landslide debris,Landslide,high,8.161747,125.125496,Casisang,2019-08-23T00:00:00,1,32,5,0,0,0,0,0,1,29,LOW,0.54
REP-TEXT-1680,Main drainage backed up causing severe street flooding,Flood,high,8.146558360101373,125.115196489549,Aglayan,2025-02-19T05:30:00,1,54,8,1,1,0,0,0,0,18,MEDIUM,0.32
REP-EXT-0154,Fire spreading to nearby houses,Fire,high,8.146655,125.117627,Aglayan,2022-01-14T00:00:00,1,31,5,1,1,0,0,0,1,28,MEDIUM,0.07
REP-EXT-0581,Earthquake caused cracks in the wall,Earthquake,moderate,8.157074,125.12587,Barangay 10,2017-06-30T00:00:00,1,36,6,0,0,0,0,0,1,29,LOW,0.22
REP-ONETAP-1471,,Earthquake,moderate,8.158729970832571,125.12502014742668,Barangay 3,2025-05-16T06:15:00,0,0,0,0,0,0,0,0,0,15,LOW,0.34
REP-EXT-0704,House on fire please send help,Fire,critical,8.148135,125.141595,Violeta,2023-11-11T00:00:00,1,30,6,0,0,0,0,0,1,27,HIGH,0.16
REP-ONETAP-1213,Landslide - Malaybalay Proper,Landslide,moderate,8.155935010983473,125.13059357982316,Malaybalay Proper,2025-04-10T11:43:00,0,29,4,0,0,0,0,0,0,21,HIGH,0.2
REP-EXT-0897,House on fire please send help,Fire,critical,8.149208,125.139393,Violeta,2016-04-12T00:00:00,1,30,6,0,0,0,0,0,1,27,HIGH,0.12
REP-EXT-0488,Strong shaking felt in our area,Earthquake,high,8.149445,125.140417,Violeta,2017-01-23T00:00:00,1,31,6,0,0,0,0,0,1,32,HIGH,0.11
REP-EXT-0560,Water rising quickly near our house,Flood,high,8.15631,125.133449,San Jose,2018-12-11T00:00:00,1,35,6,0,0,0,0,0,1,32,HIGH,0.16
REP-ONETAP-1142,,Typhoon,high,8.156450378701624,125.12307339374665,Barangay 3,2025-08-06T22:16:00,0,0,0,0,0,0,0,0,0,15,MEDIUM,0.27
REP-ONETAP-1120,Fire - Bangcud,Fire,high,8.155528358756655,125.11971439310565,Bangcud,2025-07-26T16:52:00,0,14,3,0,0,0,0,0,1,26,MEDIUM,0.32
REP-EXT-0513,Smoke and flames seen in residential area,Fire,critical,8.157174,125.130341,Barangay 9,2022-03-08T00:00:00,1,41,7,0,0,0,0,0,1,25,HIGH,0.21
REP-EXT-0634,Fire spreading to nearby houses,Fire,high,8.15883,125.127232,Barangay 10,2021-12-11T00:00:00,1,31,5,1,1,0,0,0,1,25,LOW,0.16
REP-FA-2151,dummy alert testing gps coordinates,Landslide,low,8.155019317544516,125.12282093233301,Bangcud,2025-05-14T17:21:00,1,35,5,0,0,1,1,1,1,29,MEDIUM,0.38
REP-TEXT-1665,Street submerged under 3 feet of water cars stalling,Flood,moderate,8.081010630248349,125.16125793941157,Linabo,2025-09-22T12:22:00,1,52,9,0,0,0,0,0,0,15,NONE,7.44
REP-ONETAP-1013,Landslide - Malaybalay Proper,Landslide,moderate,8.157733863738004,125.1292820828699,Malaybalay Proper,2025-07-24T11:14:00,0,29,4,0,0,0,0,0,0,21,HIGH,0.14
REP-TEXT-1932,Small mudslide on hillside after continuous rainfall,Landslide,low,8.154819002342615,125.12154022971096,Bangcud,2025-10-09T10:17:00,1,52,7,0,0,1,0,0,1,29,MEDIUM,0.36
REP-ONETAP-1151,,Fire,high,8.159725395231627,125.1293099883331,Barangay 11,2025-04-26T21:46:00,0,0,0,0,0,0,0,0,1,26,LOW,0.3
REP-CLUSTER-2341,Hillside erosion threatening foundation of roadside homes,Landslide,critical,8.151303366126058,125.13063460395264,Sumpong,2025-11-03T21:39:00,1,57,7,0,0,0,0,0,1,26,MEDIUM,0.03
REP-EXT-0117,Soil and rocks falling from hillside,Landslide,moderate,8.158713,125.127949,Barangay 11,2021-06-16T00:00:00,1,36,6,0,0,0,0,0,0,16,LOW,0.14
REP-EXT-0741,Earthquake caused cracks in the wall,Earthquake,high,8.156145,125.132987,San Jose,2020-02-03T00:00:00,1,36,6,0,0,0,0,0,1,29,HIGH,0.11
REP-CLUSTER-2305,Heavy shaking felt for 30 seconds items fell from shelves cracks on road,Earthquake,critical,8.162219296820878,125.12863476487074,Barangay 1,2025-02-28T03:34:00,1,72,13,0,0,0,0,0,0,15,LOW,0.53
REP-TEXT-1975,Small soil erosion in vacant lot no hazard,Landslide,low,8.085228682180855,125.15828026609293,Linabo,2025-01-06T15:29:00,1,42,8,0,0,1,0,0,0,15,NONE,6.87
REP-ONETAP-1082,,Earthquake,moderate,8.158536514287535,125.03929944697106,Cabangahan,2025-02-05T20:02:00,0,0,0,0,0,0,0,0,0,15,HIGH,0.33
REP-TEXT-1811,Noticeable tremor felt by people indoors doors rattling,Earthquake,moderate,8.152425780449102,125.12756500991667,Barangay 4,2025-07-12T17:59:00,1,55,8,0,0,0,0,0,0,15,MEDIUM,0.33
REP-EXT-0831,House on fire please send help,Fire,high,8.159324,125.12811,Malaybalay Proper,2021-03-17T00:00:00,1,30,6,0,0,0,0,0,0,22,LOW,0.21
REP-EXT-0120,Heavy rain triggered landslide near homes,Landslide,moderate,8.156499,125.12876,Barangay 10,2022-11-18T00:00:00,1,41,6,0,0,0,0,0,0,22,HIGH,0.04
REP-EXT-0657,Strong earthquake alarmed residents,Earthquake,moderate,8.148264,125.118509,Aglayan,2017-05-26T00:00:00,1,35,4,0,0,0,0,0,1,30,MEDIUM,0.13
REP-CLUSTER-2378,Massive hillside collapse buried 2 houses people trapped,Landslide,critical,8.158015242598486,125.12824502070269,Malaybalay Proper,2025-02-13T10:54:00,1,56,8,1,3,0,0,0,0,21,LOW,0.08
REP-FA-2240,prank call fake alarm haha,Fire,low,8.16312186187834,125.03389317672786,Cabangahan,2025-10-01T00:00:00,1,26,5,0,0,1,1,1,0,15,HIGH,0.6
REP-CLUSTER-2445,Floodwaters entering homes rapidly after heavy downpour,Flood,critical,8.149171276083603,125.12991796412989,Barangay 7,2025-05-13T13:28:00,1,55,7,1,1,0,0,0,0,15,MEDIUM,0.26
REP-EXT-0636,House on fire please send help,Fire,high,8.145302,125.116469,Aglayan,2015-04-01T00:00:00,1,30,6,0,0,0,0,0,1,28,MEDIUM,0.27
REP-EXT-0370,Strong earthquake alarmed residents,Earthquake,high,8.158325,125.131361,Barangay 11,2015-03-08T00:00:00,1,35,4,0,0,0,0,0,1,26,HIGH,0.34
REP-EXT-0269,Landslide damaged farm area,Landslide,high,8.156721,125.120656,Bangcud,2017-06-19T00:00:00,1,27,4,0,0,0,0,0,1,29,MEDIUM,0.15
REP-EXT-0047,Road covered by landslide debris,Landslide,high,8.16285,125.126908,Casisang,2016-09-26T00:00:00,1,32,5,0,0,0,0,0,1,29,LOW,0.6
REP-EXT-0992,Landslide blocking the road,Landslide,moderate,8.146851,125.119554,Aglayan,2020-01-29T00:00:00,1,27,4,0,0,0,0,0,0,23,MEDIUM,0.18
REP-EXT-0877,Fire spreading to nearby houses,Fire,high,8.147911,125.119975,Aglayan,2019-02-19T00:00:00,1,31,5,1,1,0,0,0,1,28,MEDIUM,0.23
REP-EXT-0774,Smoke and flames seen in residential area,Fire,high,8.15278,125.129483,Sumpong,2024-07-22T00:00:00,1,41,7,0,0,0,0,0,0,24,MEDIUM,0.17
REP-ONETAP-1220,Earthquake - Barangay 11,Earthquake,moderate,8.159648283824893,125.12732559752635,Barangay 11,2025-08-30T22:53:00,0,24,4,0,0,0,0,0,1,26,LOW,0.24
REP-ONETAP-1127,Earthquake - Cabangahan,Earthquake,moderate,8.16057595753088,125.03848416160658,Cabangahan,2025-08-01T10:59:00,0,23,3,0,0,0,0,0,0,15,HIGH,0.35
REP-EXT-0005,Flood entering homes after heavy rain,Flood,moderate,8.159101,125.12594,Casisang,2019-03-17T00:00:00,1,37,6,0,0,0,0,0,0,18,LOW,0.27
REP-TEXT-1596,Small trash can fire already contained by neighbors,Fire,low,8.152400691102455,125.13646661162244,Barangay 8,2025-09-15T17:44:00,1,51,8,0,0,3,0,0,0,15,HIGH,0.57
REP-ONETAP-1078,Flood - Simaya,Flood,moderate,8.07607485131017,125.14142590001482,Simaya,2025-03-07T19:34:00,0,14,3,0,0,0,0,0,0,15,NONE,7.15
REP-EXT-0838,Fire spreading to nearby houses,Fire,high,8.146738,125.117081,Aglayan,2021-06-07T00:00:00,1,31,5,1,1,0,0,0,1,28,MEDIUM,0.11
REP-EXT-0682,Landslide blocking the road,Landslide,high,8.153156,125.132116,Sumpong,2021-06-21T00:00:00,1,27,4,0,0,0,0,0,1,26,HIGH,0.25
REP-TEXT-1716,Minor street puddle after light shower subsiding quickly,Flood,low,8.071077785533715,125.14465741635938,Simaya,2025-05-08T09:05:00,1,56,8,0,0,2,0,0,0,15,NONE,7.77
REP-ONETAP-1149,Typhoon - Cabangahan,Typhoon,high,8.157793018560513,125.0345047687679,Cabangahan,2025-07-07T16:32:00,0,20,3,0,0,0,0,0,0,15,HIGH,0.21
REP-EXT-0575,Fire spreading to nearby houses,Fire,high,8.152843,125.131925,Sumpong,2018-10-14T00:00:00,1,31,5,1,1,0,0,0,0,24,MEDIUM,0.22
REP-EXT-0051,Heavy rain triggered landslide near homes,Landslide,high,8.152275,125.128866,Sumpong,2015-11-30T00:00:00,1,41,6,0,0,0,0,0,1,26,MEDIUM,0.19
REP-EXT-0854,Soil and rocks falling from hillside,Landslide,moderate,8.158675,125.128005,Barangay 11,2016-11-27T00:00:00,1,36,6,0,0,0,0,0,0,16,LOW,0.13
REP-TEXT-1983,Violent super typhoon winds ripping off roofs trees falling on houses,Typhoon,high,8.148030572317518,125.12128105190943,Aglayan,2026-01-14T04:42:00,1,69,11,0,0,0,0,0,0,15,MEDIUM,0.37
REP-TEXT-1824,Ground shaking felt for 10 seconds slight vibration,Earthquake,moderate,8.08305754896298,125.15443302359013,Linabo,2025-09-26T01:20:00,1,51,8,0,0,1,0,0,0,15,NONE,6.89
REP-EXT-0834,River overflow causing flooding in the area,Flood,high,8.157579,125.126225,Barangay 10,2024-03-18T00:00:00,1,43,7,0,0,0,0,0,1,32,LOW,0.17
REP-ONETAP-1116,Earthquake - Barangay 1,Earthquake,moderate,8.164497434501264,125.13003368950582,Barangay 1,2026-01-26T05:30:00,0,23,4,0,0,0,0,0,0,15,LOW,0.82
REP-ONETAP-1167,,Typhoon,moderate,8.172260190221396,125.11669936197588,Kalasungay,2025-11-26T00:03:00,0,0,0,0,0,0,0,0,0,15,NONE,1.66
REP-TEXT-1907,Road covered by landslide debris heavy equipment needed to clear,Landslide,moderate,8.188422463953435,125.15311705674017,Canayan,2025-01-24T10:22:00,1,64,10,0,0,0,0,0,0,15,NONE,4.33
REP-EXT-0972,Landslide damaged farm area,Landslide,high,8.162461,125.125858,Casisang,2015-09-18T00:00:00,1,27,4,0,0,0,0,0,1,29,LOW,0.59
REP-EXT-0400,Strong earthquake alarmed residents,Earthquake,moderate,8.15567,125.126715,Barangay 9,2020-09-17T00:00:00,1,35,4,0,0,0,0,0,0,24,HIGH,0.23
REP-EXT-0020,Landslide blocking the road,Landslide,moderate,8.15627,125.126677,Malaybalay Proper,2019-10-04T00:00:00,1,27,4,0,0,0,0,0,0,21,LOW,0.18
REP-EXT-0685,Strong shaking felt in our area,Earthquake,high,8.147259,125.139611,Violeta,2022-01-13T00:00:00,1,31,6,0,0,0,0,0,1,32,HIGH,0.15
REP-EXT-0036,Flood entering homes after heavy rain,Flood,moderate,8.157906,125.126525,Barangay 9,2020-02-29T00:00:00,1,37,6,0,0,0,0,0,0,19,LOW,0.15
REP-CLUSTER-2363,Hillside erosion threatening foundation of roadside homes,Landslide,critical,8.157445702983834,125.12920300527675,Barangay 9,2026-01-08T02:50:00,1,57,7,0,0,0,0,0,0,12,HIGH,0.11
REP-EXT-0525,Strong shaking felt in our area,Earthquake,moderate,8.158984,125.126766,Malaybalay Proper,2019-03-11T00:00:00,1,31,6,0,0,0,0,0,0,24,LOW,0.2
REP-EXT-0921,Flood entering homes after heavy rain,Flood,high,8.154481,125.134171,San Jose,2016-10-02T00:00:00,1,37,6,0,0,0,0,0,1,32,HIGH,0.23
REP-TEXT-1842,Very slight vibration barely noticeable no damage,Earthquake,moderate,8.157108226735996,125.12384785606,Barangay 5,2025-03-29T01:18:00,1,49,7,0,0,1,0,0,0,15,MEDIUM,0.31
REP-TEXT-1891,Heavy rain triggered landslide near homes blocking access road,Landslide,moderate,8.175958128310958,125.11546038918614,Kalasungay,2025-04-17T01:11:00,1,62,9,0,0,0,0,0,0,15,NONE,2.09
REP-EXT-0538,River overflow causing flooding in the area,Flood,high,8.156873,125.13325,San Jose,2020-02-17T00:00:00,1,43,7,0,0,0,0,0,1,32,HIGH,0.19
REP-TEXT-1706,Moderate water accumulation on low-lying purok road,Flood,moderate,8.157395404321171,125.1267489373755,Barangay 6,2025-02-16T17:18:00,1,51,7,0,0,0,0,0,0,15,LOW,0.12
REP-CLUSTER-2444,Dam overflowing sudden massive surge of water entering all homes,Flood,critical,8.155908094393228,125.12959604105781,Barangay 6,2025-02-26T14:36:00,1,64,10,1,1,0,0,0,0,15,HIGH,0.15
REP-EXT-0246,Floodwater already waist deep,Flood,high,8.157244,125.127532,Barangay 10,2018-09-26T00:00:00,1,29,4,0,0,0,0,0,1,32,LOW,0.04
REP-EXT-0785,Strong shaking felt in our area,Earthquake,moderate,8.158152,125.128085,Barangay 10,2017-06-07T00:00:00,1,31,6,0,0,0,0,0,1,29,LOW,0.08
REP-ONETAP-1410,Landslide - Barangay 11,Landslide,moderate,8.157105370137735,125.12829553196447,Barangay 11,2026-01-21T04:41:00,0,23,4,0,0,0,0,0,0,16,HIGH,0.05
REP-EXT-0155,Landslide damaged farm area,Landslide,moderate,8.158179,125.127658,Malaybalay Proper,2019-07-08T00:00:00,1,27,4,0,0,0,0,0,0,21,LOW,0.08
REP-TEXT-1687,Water rising slowly near our house gutter overflowing,Flood,moderate,8.154312168109744,125.12567319069764,Barangay 3,2025-01-04T18:33:00,1,53,8,0,0,0,0,0,0,15,HIGH,0.41
REP-EXT-0626,Road blocked due to floodwater,Flood,moderate,8.155343,125.127105,Barangay 9,2022-09-16T00:00:00,1,30,5,0,0,0,0,0,0,19,HIGH,0.22
REP-CLUSTER-2397,Torrential floodwater chest deep currents strong rescue boat needed,Flood,critical,8.157196087985136,125.12444481877836,Barangay 3,2025-07-30T17:07:00,1,67,9,0,0,0,0,0,0,15,MEDIUM,0.37
REP-ONETAP-1347,Landslide - Sumpong,Landslide,moderate,8.15256220979526,125.13064337458603,Sumpong,2025-03-13T22:46:00,0,19,3,0,0,0,0,0,1,26,MEDIUM,0.12
REP-EXT-0570,Fire spreading to nearby houses,Fire,high,8.151315,125.129508,Sumpong,2015-11-14T00:00:00,1,31,5,1,1,0,0,0,0,24,MEDIUM,0.1
REP-TEXT-1759,Intense earthquake caused severe structural failure in commercial building,Earthquake,high,8.15404574031255,125.12008444654941,Barangay 3,2025-09-25T04:22:00,1,74,9,1,1,0,0,0,0,15,MEDIUM,0.46
REP-TEXT-1817,Moderate earthquake felt across barangay no visible damage,Earthquake,moderate,8.155407265547812,125.0352366631442,Cabangahan,2025-10-26T07:14:00,1,58,8,0,0,0,0,0,0,15,HIGH,0.34
REP-TEXT-2066,Rainy weather with occasional strong gusts,Typhoon,high,8.147094422668417,125.130474262694,Barangay 7,2025-10-20T23:37:00,1,42,6,0,0,0,0,0,0,15,MEDIUM,0.49
REP-EXT-0128,Landslide damaged farm area,Landslide,moderate,8.157272,125.129736,Barangay 9,2019-01-27T00:00:00,1,27,4,0,0,0,0,0,0,12,HIGH,0.15
REP-CLUSTER-2480,Road covered by landslide debris heavy equipment needed to clear,Landslide,critical,8.156351970673446,125.12939209546381,Barangay 6,2025-01-27T03:32:00,1,64,10,0,0,0,0,0,0,15,HIGH,0.11
REP-TEXT-2007,Catastrophic typhoon damage roofs blown away people injured,Typhoon,high,8.160535375841176,125.12610535291495,Barangay 9,2025-07-21T05:41:00,1,59,8,1,1,0,0,0,0,15,LOW,0.39
REP-EXT-0981,Floodwater already waist deep,Flood,moderate,8.159908,125.12433,Casisang,2023-12-01T00:00:00,1,29,4,0,0,0,0,0,0,18,MEDIUM,0.4
REP-EXT-0191,Market stall caught fire,Fire,high,8.155238,125.125977,Barangay 10,2021-10-27T00:00:00,1,24,4,0,0,0,0,0,1,25,LOW,0.32
REP-ONETAP-1140,,Typhoon,high,8.152218262211225,125.12884497875113,Sumpong,2025-08-25T20:16:00,0,0,0,0,0,0,0,0,0,15,MEDIUM,0.19
REP-EXT-0993,Road blocked due to floodwater,Flood,moderate,8.147474,125.11753,Aglayan,2022-09-12T00:00:00,1,30,5,0,0,0,0,0,0,18,MEDIUM,0.06
REP-EXT-0700,Strong earthquake alarmed residents,Earthquake,moderate,8.159724,125.127965,Casisang,2019-03-08T00:00:00,1,35,4,0,0,0,0,0,1,33,LOW,0.25
REP-EXT-0607,Landslide blocking the road,Landslide,moderate,8.158377,125.127356,Barangay 10,2017-01-24T00:00:00,1,27,4,0,0,0,0,0,0,22,LOW,0.11
REP-EXT-0181,Road covered by landslide debris,Landslide,high,8.162564,125.124621,Casisang,2024-05-25T00:00:00,1,32,5,0,0,0,0,0,1,29,MEDIUM,0.63
REP-EXT-0302,Road blocked due to floodwater,Flood,moderate,8.156515,125.122039,Bangcud,2023-03-26T00:00:00,1,30,5,0,0,0,0,0,0,23,MEDIUM,0.19
REP-ONETAP-1061,Flood - Barangay 7,Flood,moderate,8.149322678002639,125.13344218202437,Barangay 7,2025-06-04T12:35:00,0,18,4,0,0,0,0,0,0,15,MEDIUM,0.41
REP-CLUSTER-2355,Hillside erosion threatening foundation of roadside homes,Landslide,critical,8.161609383212257,125.12828480394619,Barangay 1,2025-11-20T18:58:00,1,57,7,0,0,0,0,0,0,15,LOW,0.46
REP-CLUSTER-2398,Severe seismic shaking cracked bridge collapsed school wall,Earthquake,critical,8.137953067272237,125.12641044912196,Casisang,2025-08-19T05:16:00,1,59,8,1,2,0,0,0,1,33,HIGH,0.13
REP-ONETAP-1070,,Typhoon,high,8.160652121778046,125.03586044454114,Cabangahan,2025-03-23T23:55:00,0,0,0,0,0,0,0,0,0,15,HIGH,0.27
REP-FA-2206,system test drill for cdrrmo rescuers,Typhoon,low,8.174509766914497,125.11248317959678,Kalasungay,2025-02-13T00:30:00,1,37,6,0,0,1,1,1,0,15,NONE,2.07
REP-ONETAP-1244,,Landslide,moderate,8.156287422552541,125.12187126309658,Bangcud,2025-03-11T02:28:00,0,0,0,0,0,0,0,0,1,29,MEDIUM,0.2
REP-EXT-0017,Strong shaking felt in our area,Earthquake,moderate,8.159805,125.126809,Casisang,2016-11-04T00:00:00,1,31,6,0,0,0,0,0,1,33,LOW,0.28
REP-CLUSTER-2483,Mudflow blocked purok entrance soil continuing to loosen,Landslide,critical,8.075317037702941,125.14255546162222,Simaya,2025-11-20T20:28:00,1,56,8,0,0,0,0,0,0,15,NONE,7.26
REP-EXT-0547,Smoke and flames seen in residential area,Fire,critical,8.157165,125.130498,San Jose,2024-06-03T00:00:00,1,41,7,0,0,0,0,0,1,29,HIGH,0.23
REP-EXT-0659,Flood entering homes after heavy rain,Flood,high,8.157271,125.128912,Barangay 11,2019-04-10T00:00:00,1,37,6,0,0,0,0,0,1,27,HIGH,0.08
REP-FA-2252,system test drill for cdrrmo rescuers,Landslide,low,8.185658501502369,125.14943510568946,Canayan,2025-03-01T15:39:00,1,37,6,0,0,1,1,1,0,15,NONE,3.86
REP-FA-2282,sample test report for capstone evaluation,Landslide,low,8.155979611126515,125.12356858695784,Bangcud,2025-05-01T23:37:00,1,42,6,0,0,1,1,1,1,29,MEDIUM,0.34
REP-TEXT-1505,Massive structure fire spreading to adjacent residential houses URGENT HELP,Fire,critical,8.161155935362498,125.12319168907588,Bangcud,2025-12-19T02:18:00,1,75,10,1,3,0,0,0,1,26,MEDIUM,0.41
REP-EXT-0960,Strong earthquake alarmed residents,Earthquake,high,8.155431,125.131801,San Jose,2023-09-05T00:00:00,1,35,4,0,0,0,0,0,1,29,HIGH,0.06
REP-EXT-0798,Floodwater already waist deep,Flood,high,8.159332,125.12941,Malaybalay Proper,2019-02-04T00:00:00,1,29,4,0,0,0,0,0,1,27,LOW,0.27
REP-EXT-0226,Road blocked due to floodwater,Flood,high,8.158404,125.129117,Malaybalay Proper,2024-06-29T00:00:00,1,30,5,0,0,0,0,0,1,27,LOW,0.18
REP-TEXT-2075,Passing light rain shower with mild breeze,Typhoon,high,8.187986065668424,125.15598860406904,Canayan,2025-03-12T10:15:00,1,42,7,0,0,0,0,0,0,15,NONE,4.46
REP-TEXT-1800,Strong tremor caused panic visible fissures in concrete pavement,Earthquake,moderate,8.15804762899386,125.1235669916876,Barangay 10,2025-04-17T20:31:00,1,64,9,0,0,0,0,0,1,29,MEDIUM,0.26
REP-CLUSTER-2469,Massive hillside collapse buried 2 houses people trapped,Landslide,critical,8.150413171845605,125.13181837704388,Barangay 8,2025-03-16T09:53:00,1,56,8,1,3,0,0,0,0,15,MEDIUM,0.2
REP-TEXT-2086,Gentle rain without gusty winds,Typhoon,high,8.150174349606155,125.11585862450808,Aglayan,2025-09-24T20:21:00,1,31,5,0,0,0,0,0,0,15,MEDIUM,0.41
REP-TEXT-1694,Street flooding making road impassable for small vehicles,Flood,low,8.160339991382589,125.129074262793,Malaybalay Proper,2026-01-18T07:28:00,1,57,8,0,0,1,0,0,1,27,LOW,0.35
REP-ONETAP-1046,Earthquake - San Jose,Earthquake,moderate,8.157376088536234,125.1295645205708,San Jose,2025-11-23T08:10:00,0,21,4,0,0,0,0,0,1,29,HIGH,0.14
REP-EXT-0470,Landslide blocking the road,Landslide,high,8.150717,125.128529,Sumpong,2015-09-09T00:00:00,1,27,4,0,0,0,0,0,1,26,MEDIUM,0.22
REP-EXT-0955,Smoke and flames seen in residential area,Fire,high,8.152394,125.130204,Sumpong,2015-09-01T00:00:00,1,41,7,0,0,0,0,0,0,24,MEDIUM,0.1
REP-CLUSTER-2479,Electrical fire spreading across building roof,Fire,critical,8.158602475989001,125.03602445155272,Cabangahan,2025-07-12T13:43:00,1,46,6,1,1,0,0,0,0,15,HIGH,0.05
REP-EXT-0640,Earthquake caused cracks in the wall,Earthquake,moderate,8.15751,125.129017,Malaybalay Proper,2019-12-01T00:00:00,1,36,6,0,0,0,0,0,0,24,HIGH,0.11
REP-CLUSTER-2317,Kitchen fire ignited wall spreading to second floor,Fire,critical,8.157522832610297,125.1258681785727,Barangay 2,2025-02-15T12:44:00,1,51,8,1,1,0,0,0,0,15,LOW,0.21
REP-ONETAP-1219,,Fire,high,8.154467152107431,125.1296494760405,Sumpong,2025-02-20T22:41:00,0,0,0,0,0,0,0,0,0,24,HIGH,0.28
REP-ONETAP-1159,Flood - Casisang,Flood,moderate,8.137103618108185,125.12686817515868,Casisang,2025-02-20T21:23:00,0,16,3,0,0,0,0,0,0,18,HIGH,0.19
REP-ONETAP-1416,,Flood,moderate,8.15765050609539,125.03717701864784,Cabangahan,2025-02-27T07:31:00,0,0,0,0,0,0,0,0,0,15,HIGH,0.12
REP-FA-2261,sample test report for capstone evaluation,Earthquake,low,8.154740956387398,125.12537822141003,Malaybalay Proper,2026-01-29T01:49:00,1,42,6,0,0,1,1,1,0,24,LOW,0.41
REP-TEXT-1528,Gas station explosion and uncontrolled fire spreading fast,Fire,moderate,8.190466793170824,125.15100622760876,Canayan,2025-04-13T10:26:00,1,58,8,1,1,1,0,0,0,15,NONE,4.41
REP-CLUSTER-2461,Mudflow blocked purok entrance soil continuing to loosen,Landslide,critical,8.160820470555558,125.12985793471823,Barangay 1,2025-04-23T23:16:00,1,56,8,0,0,0,0,0,0,15,LOW,0.43
REP-ONETAP-1301,,Landslide,moderate,8.173325095439813,125.11774416322113,Kalasungay,2026-01-18T19:23:00,0,0,0,0,0,0,0,0,0,15,NONE,1.75
REP-CLUSTER-2391,Torrential floodwater chest deep currents strong rescue boat needed,Flood,critical,8.07491791287475,125.14140340545784,Simaya,2025-02-02T12:38:00,1,67,9,0,0,0,0,0,0,15,NONE,7.27
REP-TEXT-1604,Small grass fire controlled with garden hose,Fire,low,8.155815948548733,125.13061187848935,Barangay 4,2025-07-18T13:50:00,1,44,7,0,0,2,0,0,0,15,HIGH,0.19
REP-EXT-0161,Market stall caught fire,Fire,critical,8.157124,125.128863,Barangay 10,2018-07-08T00:00:00,1,24,4,0,0,0,0,0,1,25,HIGH,0.06
REP-TEXT-1705,Moderate water accumulation on low-lying purok road,Flood,moderate,8.16285729637117,125.1282436077348,Barangay 1,2025-04-13T16:00:00,1,51,7,0,0,0,0,0,0,15,LOW,0.6
REP-EXT-0957,Road blocked due to floodwater,Flood,high,8.155538,125.131535,San Jose,2016-09-26T00:00:00,1,30,5,0,0,0,0,0,1,32,HIGH,0.09
REP-CLUSTER-2431,Catastrophic slope failure covered residential road casualties feared,Landslide,critical,8.1514273024694,125.13030720621173,Sumpong,2025-11-07T15:04:00,1,69,8,1,1,0,0,0,1,26,MEDIUM,0.01
REP-EXT-0878,Road covered by landslide debris,Landslide,high,8.147734,125.138263,Violeta,2020-09-18T00:00:00,1,32,5,0,0,0,0,0,1,30,HIGH,0.23
REP-TEXT-1920,Mudflow blocked purok entrance soil continuing to loosen,Landslide,moderate,8.174976435475175,125.11290113797018,Kalasungay,2025-08-20T09:13:00,1,56,8,0,0,0,0,0,0,15,NONE,2.1
REP-TEXT-1885,Steep mountain slide swept away structures active soil movement,Landslide,moderate,8.152930934117386,125.13189637990304,Barangay 6,2025-08-03T09:19:00,1,63,9,0,0,0,0,0,0,15,MEDIUM,0.23
REP-FA-2201,joke lang walang sunog testing lang,Typhoon,low,8.150997829645949,125.13138004049576,Barangay 6,2025-03-18T02:23:00,1,35,6,0,0,1,1,1,0,15,MEDIUM,0.12
REP-EXT-0099,Market stall caught fire,Fire,critical,8.15564,125.128657,Barangay 10,2017-06-01T00:00:00,1,24,4,0,0,0,0,0,1,25,HIGH,0.12
REP-CLUSTER-2361,Hillside erosion threatening foundation of roadside homes,Landslide,critical,8.151888707792375,125.13003590321837,Sumpong,2025-01-24T19:37:00,1,57,7,0,0,0,0,0,1,26,MEDIUM,0.06
REP-EXT-0254,Heavy rain triggered landslide near homes,Landslide,high,8.14694,125.140494,Violeta,2018-03-04T00:00:00,1,41,6,0,0,0,0,0,1,30,HIGH,0.18
REP-EXT-0104,Water rising quickly near our house,Flood,high,8.154275,125.133935,San Jose,2017-07-21T00:00:00,1,35,6,0,0,0,0,0,1,32,HIGH,0.22
REP-ONETAP-1446,,Typhoon,moderate,8.113489312736768,125.16413445653303,Santo Niño,2025-06-03T08:52:00,0,0,0,0,0,0,0,0,0,15,NONE,4.7
REP-ONETAP-1444,,Earthquake,moderate,8.141587808333501,125.12544581735366,Casisang,2025-03-03T02:10:00,0,0,0,0,0,0,0,0,1,33,HIGH,0.37
REP-TEXT-1649,Severe flooding elderly residents unable to evacuate trapped inside,Flood,critical,8.156652503602379,125.12103963176386,Bangcud,2025-08-17T11:49:00,1,67,9,1,2,0,0,0,0,23,MEDIUM,0.15
REP-EXT-0587,Buildings shaking for several seconds,Earthquake,moderate,8.158505,125.128056,Malaybalay Proper,2015-11-06T00:00:00,1,37,5,0,0,0,0,0,0,24,LOW,0.12
REP-EXT-0628,Flood entering homes after heavy rain,Flood,high,8.154745,125.134107,San Jose,2022-11-10T00:00:00,1,37,6,0,0,0,0,0,1,32,HIGH,0.21
REP-TEXT-1697,Street flooding making road impassable for small vehicles,Flood,low,8.158176515573668,125.12491642237669,Barangay 9,2025-07-19T20:00:00,1,57,8,0,0,1,0,0,0,19,LOW,0.33
REP-FA-2102,sample test report for capstone evaluation,Fire,low,8.178408769162028,125.11445972691159,Kalasungay,2025-01-29T19:41:00,1,42,6,0,0,1,1,1,0,15,NONE,2.39
REP-FA-2200,system test drill for cdrrmo rescuers,Fire,low,8.158971066893042,125.12906627357518,Malaybalay Proper,2025-04-12T08:44:00,1,37,6,0,0,1,1,1,0,22,LOW,0.21
REP-EXT-0404,Fire spreading to nearby houses,Fire,high,8.157481,125.126421,Malaybalay Proper,2018-08-30T00:00:00,1,31,5,1,1,0,0,0,0,22,LOW,0.15
REP-ONETAP-1155,Earthquake - Barangay 3,Earthquake,moderate,8.157612423534268,125.12378560521793,Barangay 3,2025-03-01T04:02:00,0,23,4,0,0,0,0,0,0,15,MEDIUM,0.29
REP-FA-2256,system test drill for cdrrmo rescuers,Earthquake,low,8.156098033682769,125.13373080745795,Sumpong,2025-03-24T19:13:00,1,37,6,0,0,1,1,1,0,23,HIGH,0.18
REP-TEXT-1683,Flood entering yard after heavy rain knee deep water,Flood,moderate,8.158376353837292,125.12476301960199,Barangay 2,2025-01-23T22:33:00,1,52,9,0,0,0,0,0,0,15,LOW,0.35
REP-TEXT-2057,Tropical depression bringing steady rainfall and breezy conditions,Typhoon,high,8.141116375720177,125.12830399371104,Casisang,2025-11-10T05:36:00,1,66,8,0,0,0,0,0,0,15,HIGH,0.28
REP-CLUSTER-2374,Vigorous shaking caused power outage and superficial structure damage,Earthquake,critical,8.157690422693127,125.12753696570819,Barangay 10,2025-12-28T19:08:00,1,69,9,0,0,0,0,0,1,29,LOW,0.04
REP-EXT-0453,Fire spreading to nearby houses,Fire,high,8.156037,125.128454,Malaybalay Proper,2024-08-21T00:00:00,1,31,5,1,1,0,0,0,0,22,HIGH,0.07
REP-ONETAP-1328,,Earthquake,moderate,8.156483970466237,125.12720190076449,Barangay 10,2025-07-04T16:56:00,0,0,0,0,0,0,0,0,1,29,LOW,0.13
REP-TEXT-2050,Strong wind and intermittent rain small branches broken,Typhoon,low,8.1118810629443,125.16282225651135,Santo Niño,2025-05-02T23:26:00,1,55,8,0,0,1,0,0,0,15,NONE,4.77
REP-EXT-0881,Market stall caught fire,Fire,high,8.159307,125.127821,Casisang,2016-08-28T00:00:00,1,24,4,0,0,0,0,0,1,25,LOW,0.2
REP-CLUSTER-2433,Large rockslide crushed vehicles and blocked main highway completely,Landslide,critical,8.148960737283906,125.13994851562815,Violeta,2025-07-22T23:23:00,1,68,9,0,0,0,0,0,1,30,HIGH,0.06
REP-EXT-0624,Heavy rain triggered landslide near homes,Landslide,moderate,8.155571,125.129235,Malaybalay Proper,2023-07-01T00:00:00,1,41,6,0,0,0,0,0,0,21,HIGH,0.15
REP-CLUSTER-2312,Main drainage backed up causing severe street flooding,Flood,critical,8.151725956594268,125.13310310181954,Barangay 8,2025-10-18T13:28:00,1,54,8,1,1,0,0,0,0,15,MEDIUM,0.3
REP-TEXT-1788,Strong ground motion caused ceiling damage and deep wall cracks,Earthquake,high,8.154215908341724,125.13115300783141,Barangay 11,2025-10-14T09:34:00,1,63,10,0,0,0,0,0,1,26,HIGH,0.18
REP-EXT-0263,Road covered by landslide debris,Landslide,moderate,8.148968,125.116685,Aglayan,2016-02-01T00:00:00,1,32,5,0,0,0,0,0,0,23,MEDIUM,0.24
REP-TEXT-1635,Torrential floodwater chest deep currents strong rescue boat needed,Flood,moderate,8.160674163496346,125.03909573950443,Cabangahan,2025-06-01T20:09:00,1,67,9,0,0,0,0,0,0,15,HIGH,0.41
REP-ONETAP-1439,,Earthquake,moderate,8.153583724831588,125.13291855531095,Barangay 8,2026-01-18T02:37:00,0,0,0,0,0,0,0,0,0,15,HIGH,0.21
REP-FA-2199,fake report test only,Landslide,low,8.154075995631658,125.13123494180414,San Jose,2025-04-25T00:01:00,1,21,4,0,0,1,1,1,1,28,HIGH,0.19
REP-TEXT-1970,Few rocks rolled down roadside ditch,Landslide,moderate,8.165325867595545,125.12954519662162,Barangay 1,2025-12-27T11:07:00,1,36,6,0,0,0,0,0,0,15,LOW,0.89
REP-TEXT-1803,Buildings shaking for several seconds hanging lights swinging,Earthquake,moderate,8.08467565198564,125.15462348299889,Linabo,2025-04-21T16:06:00,1,61,8,0,0,0,0,0,0,15,NONE,6.73
REP-EXT-0641,Market stall caught fire,Fire,critical,8.155554,125.126829,Barangay 10,2019-08-02T00:00:00,1,24,4,0,0,0,0,0,1,25,HIGH,0.22
REP-CLUSTER-2459,Road covered by landslide debris heavy equipment needed to clear,Landslide,critical,8.07599260947926,125.14297443921677,Simaya,2025-08-17T03:30:00,1,64,10,0,0,0,0,0,0,15,NONE,7.2
REP-TEXT-1960,Small gravel and soil fell from slope safely cleared,Landslide,low,8.1370576739708,125.12344947793694,Casisang,2025-08-10T22:37:00,1,52,9,0,0,1,0,0,1,29,HIGH,0.46
REP-EXT-0489,Strong shaking felt in our area,Earthquake,moderate,8.159182,125.121679,Bangcud,2015-05-12T00:00:00,1,31,6,0,0,0,0,0,1,26,MEDIUM,0.14
REP-TEXT-1844,Small tremor recorded mild shaking,Earthquake,low,8.116303853085762,125.16830295024278,Santo Niño,2025-07-04T03:01:00,1,34,5,0,0,1,0,0,0,15,NONE,4.73
REP-TEXT-1735,Minor drainage overflow contained on street side,Flood,low,8.161771860702071,125.12752581797751,Barangay 1,2025-09-07T09:16:00,1,48,7,0,0,2,0,0,0,15,LOW,0.48
REP-EXT-0147,Earthquake caused cracks in the wall,Earthquake,moderate,8.156303,125.128876,Malaybalay Proper,2015-03-05T00:00:00,1,36,6,0,0,0,0,0,0,24,HIGH,0.06
REP-TEXT-1535,House fire with heavy black smoke visible from street,Fire,high,8.161800548923855,125.12893605113757,Barangay 2,2026-01-23T16:12:00,1,53,9,0,0,0,0,0,0,15,LOW,0.49
REP-TEXT-1987,Severe tropical storm with destructive winds power lines down fires starting,Typhoon,high,8.1560220591506,125.1350346642819,San Jose,2025-01-28T20:16:00,1,76,11,1,1,0,0,0,0,15,HIGH,0.31
REP-ONETAP-1370,Typhoon - Barangay 4,Typhoon,high,8.153052430222422,125.12726405744316,Barangay 4,2025-12-19T18:14:00,0,20,4,0,0,0,0,0,0,15,MEDIUM,0.39
REP-CLUSTER-2448,Gas station explosion and uncontrolled fire spreading fast,Fire,critical,8.153519013152437,125.12673216150033,Barangay 4,2025-01-22T03:13:00,1,58,8,1,1,1,0,0,0,15,HIGH,0.4
REP-EXT-0660,Buildings shaking for several seconds,Earthquake,moderate,8.147885,125.119505,Aglayan,2018-12-16T00:00:00,1,37,5,0,0,0,0,0,1,30,MEDIUM,0.18
REP-TEXT-1795,Strong tremor caused panic visible fissures in concrete pavement,Earthquake,high,8.147080800319303,125.14132723143827,Violeta,2025-02-26T03:33:00,1,64,9,0,0,0,0,0,1,32,HIGH,0.2
REP-EXT-0187,Soil and rocks falling from hillside,Landslide,moderate,8.155776,125.128072,Barangay 10,2020-03-16T00:00:00,1,36,6,0,0,0,0,0,0,22,HIGH,0.11
REP-ONETAP-1148,Earthquake - Barangay 10,Earthquake,moderate,8.158931662904061,125.12420018718747,Barangay 10,2025-02-16T09:20:00,0,24,4,0,0,0,0,0,1,29,MEDIUM,0.35
REP-EXT-0609,Road blocked due to floodwater,Flood,high,8.153464,125.132725,San Jose,2022-12-01T00:00:00,1,30,5,0,0,0,0,0,1,32,HIGH,0.22
REP-FA-2192,system test drill for cdrrmo rescuers,Landslide,low,8.15594036525685,125.12160094559664,Barangay 2,2026-01-13T13:59:00,1,37,6,0,0,1,1,1,0,15,MEDIUM,0.23
REP-TEXT-1931,Small mudslide on hillside after continuous rainfall,Landslide,low,8.155159968118289,125.1264156831512,Barangay 11,2025-11-15T17:32:00,1,52,7,0,0,1,0,0,0,16,HIGH,0.29
REP-EXT-0198,Road covered by landslide debris,Landslide,high,8.146704,125.141979,Violeta,2017-06-17T00:00:00,1,32,5,0,0,0,0,0,1,30,HIGH,0.28
REP-EXT-0294,Landslide damaged farm area,Landslide,moderate,8.158986,125.129312,Malaybalay Proper,2023-07-17T00:00:00,1,27,4,0,0,0,0,0,0,21,LOW,0.23
REP-EXT-0767,Strong shaking felt in our area,Earthquake,moderate,8.160759,125.126481,Casisang,2019-12-30T00:00:00,1,31,6,0,0,0,0,0,1,33,LOW,0.39
REP-EXT-0401,Floodwater already waist deep,Flood,high,8.156758,125.128739,Barangay 11,2017-03-03T00:00:00,1,29,4,0,0,0,0,0,1,27,HIGH,0.03
REP-EXT-0123,Market stall caught fire,Fire,critical,8.14804,125.138226,Violeta,2016-08-31T00:00:00,1,24,4,0,0,0,0,0,1,27,HIGH,0.22
REP-EXT-0203,Flood entering homes after heavy rain,Flood,moderate,8.148693,125.118691,Aglayan,2017-06-07T00:00:00,1,37,6,0,0,0,0,0,0,18,MEDIUM,0.18
REP-EXT-0836,River overflow causing flooding in the area,Flood,high,8.15822,125.128284,Barangay 10,2016-04-02T00:00:00,1,43,7,0,0,0,0,0,1,32,LOW,0.1
REP-FA-2295,testing the app and button response,Earthquake,low,8.158187936562456,125.03252327905503,Cabangahan,2025-01-23T13:30:00,1,35,6,0,0,1,1,1,0,15,HIGH,0.42
REP-ONETAP-1440,,Landslide,moderate,8.154532566583166,125.1280232940802,Barangay 4,2025-10-18T01:27:00,0,0,0,0,0,0,0,0,0,15,HIGH,0.25
REP-TEXT-1734,Puddle of rain water drying up slowly,Flood,high,8.16035046990996,125.12536850571308,Malaybalay Proper,2026-01-14T04:30:00,1,37,7,0,0,0,0,0,1,27,LOW,0.41
REP-TEXT-1696,Street flooding making road impassable for small vehicles,Flood,low,8.146404487251406,125.11670750277047,Aglayan,2025-10-09T19:44:00,1,57,8,0,0,1,0,0,0,18,MEDIUM,0.17
REP-TEXT-1708,Moderate water accumulation on low-lying purok road,Flood,moderate,8.160406301320524,125.12671206278958,Barangay 9,2025-11-07T06:29:00,1,51,7,0,0,0,0,0,0,19,LOW,0.34
REP-CLUSTER-2429,Heavy rain triggered landslide near homes blocking access road,Landslide,critical,8.15592064892882,125.13293920761576,San Jose,2026-01-26T12:27:00,1,62,9,0,0,0,0,0,1,28,HIGH,0.09
REP-ONETAP-1154,,Typhoon,moderate,8.073402931413268,125.13915014789788,Simaya,2025-11-09T07:41:00,0,0,0,0,0,0,0,0,0,15,NONE,7.39
REP-TEXT-1662,Heavy continuous rain caused river to overflow into streets,Flood,moderate,8.155137147598358,125.12657149966002,Barangay 6,2025-11-29T10:06:00,1,59,9,0,0,0,0,0,0,15,HIGH,0.27
REP-TEXT-1760,Intense earthquake caused severe structural failure in commercial building,Earthquake,high,8.156294097987962,125.12148079110433,Bangcud,2025-12-19T15:48:00,1,74,9,1,1,0,0,0,1,26,MEDIUM,0.19
REP-EXT-0855,House on fire please send help,Fire,high,8.157632,125.126842,Barangay 9,2020-10-19T00:00:00,1,30,6,0,0,0,0,0,1,25,LOW,0.11
REP-TEXT-1590,Smoke coming from residential backyard,Fire,high,8.16072195323279,125.12262843168898,Barangay 2,2025-12-03T19:38:00,1,38,5,0,0,0,0,0,0,15,MEDIUM,0.34
REP-FA-2268,sample test report for capstone evaluation,Landslide,low,8.145212617955002,125.13786015629265,Violeta,2025-11-19T21:15:00,1,42,6,0,0,1,1,1,1,30,HIGH,0.45
REP-EXT-0642,River overflow causing flooding in the area,Flood,high,8.153991,125.132058,San Jose,2021-08-25T00:00:00,1,43,7,0,0,0,0,0,1,32,HIGH,0.16
REP-EXT-0002,Heavy rain triggered landslide near homes,Landslide,high,8.150505,125.130272,Sumpong,2015-03-31T00:00:00,1,41,6,0,0,0,0,0,1,26,MEDIUM,0.11
REP-FA-2161,sample test report for capstone evaluation,Typhoon,low,8.15334471296501,125.12369779241232,Barangay 10,2025-01-20T14:42:00,1,42,6,0,0,1,1,1,0,15,MEDIUM,0.59
REP-EXT-0699,Buildings shaking for several seconds,Earthquake,high,8.148134,125.141919,Violeta,2023-09-20T00:00:00,1,37,5,0,0,0,0,0,1,32,HIGH,0.19
REP-TEXT-1637,Torrential floodwater chest deep currents strong rescue boat needed,Flood,moderate,8.160459133192866,125.12008920166215,Barangay 3,2025-10-12T04:07:00,1,67,9,0,0,0,0,0,0,15,MEDIUM,0.3
REP-ONETAP-1292,Earthquake - Sumpong,Earthquake,moderate,8.153227763779256,125.12851786979152,Sumpong,2025-01-05T09:36:00,0,20,3,0,0,0,0,0,0,23,MEDIUM,0.28
REP-CLUSTER-2383,Large rockslide crushed vehicles and blocked main highway completely,Landslide,critical,8.158036381769625,125.13009829155509,Barangay 11,2025-04-15T12:04:00,1,68,9,0,0,0,0,0,0,16,HIGH,0.23
REP-TEXT-1521,Multiple houses on fire with children trapped send rescue immediately,Fire,critical,8.190263353953958,125.15652510955678,Canayan,2025-10-13T05:18:00,1,69,10,1,2,0,0,0,0,15,NONE,4.71
REP-TEXT-1854,Brief mild rumble felt on second floor only,Earthquake,moderate,8.158481611765952,125.13169218650027,Barangay 6,2025-08-02T07:36:00,1,43,8,0,0,0,0,0,0,15,HIGH,0.35
REP-ONETAP-1137,,Fire,high,8.155842275984615,125.03917002636932,Cabangahan,2025-12-22T09:57:00,0,0,0,0,0,0,0,0,0,15,HIGH,0.42
REP-CLUSTER-2416,Soil and large boulders falling from hillside into road,Landslide,critical,8.114635933950217,125.16570310842495,Santo Niño,2025-06-21T00:38:00,1,55,9,0,0,0,0,0,0,15,NONE,4.7
REP-TEXT-1632,River overflowing rapidly sweeping away vehicles people stranded,Flood,high,8.154364134830288,125.12398600991204,Bangcud,2025-07-03T16:06:00,1,64,8,1,1,0,0,0,0,23,MEDIUM,0.51
REP-TEXT-1999,Extreme storm surge combined with gale force winds devastating coastal/river area,Typhoon,high,8.153655055292756,125.12775310865977,Barangay 10,2025-04-22T19:40:00,1,81,11,0,0,0,0,0,0,15,HIGH,0.35
REP-EXT-0664,Minor tremor felt in the barangay,Earthquake,moderate,8.157678,125.128247,Barangay 11,2015-08-06T00:00:00,1,33,6,0,0,1,0,0,1,26,LOW,0.05
REP-EXT-0684,Buildings shaking for several seconds,Earthquake,moderate,8.15571,125.126151,Barangay 10,2018-09-06T00:00:00,1,37,5,0,0,0,0,0,1,29,LOW,0.27
REP-ONETAP-1258,Flood - Barangay 10,Flood,moderate,8.158051443735808,125.12581256467773,Barangay 10,2025-12-17T12:19:00,0,19,4,0,0,0,0,0,1,32,LOW,0.23
REP-EXT-0318,Smoke and flames seen in residential area,Fire,high,8.149614,125.130284,Sumpong,2017-02-04T00:00:00,1,41,7,0,0,0,0,0,0,24,MEDIUM,0.21
REP-EXT-0649,Landslide damaged farm area,Landslide,moderate,8.146471,125.116454,Aglayan,2021-10-03T00:00:00,1,27,4,0,0,0,0,0,0,23,MEDIUM,0.19
REP-ONETAP-1435,Flood - Canayan,Flood,moderate,8.190331146470905,125.15678672269759,Canayan,2025-10-07T07:09:00,0,15,3,0,0,0,0,0,0,15,NONE,4.73
REP-ONETAP-1480,,Fire,moderate,8.187797975801223,125.15374568965525,Canayan,2025-08-07T02:18:00,0,0,0,0,0,0,0,0,0,15,NONE,4.31
REP-EXT-0710,Flood entering homes after heavy rain,Flood,high,8.158943,125.13039,Barangay 11,2019-02-16T00:00:00,1,37,6,0,0,0,0,0,1,27,HIGH,0.32
REP-ONETAP-1283,Typhoon - Santo Niño,Typhoon,moderate,8.114934018477069,125.16487882053922,Santo Niño,2026-01-05T08:18:00,0,20,4,0,0,0,0,0,0,15,NONE,4.62
REP-TEXT-1769,Strong tremor caused building facade collapse road cracked open,Earthquake,high,8.145987500785132,125.13701818790925,Violeta,2025-05-18T04:45:00,1,63,9,1,1,0,0,0,1,32,HIGH,0.45
REP-EXT-0973,Landslide blocking the road,Landslide,high,8.147579,125.139803,Violeta,2018-11-16T00:00:00,1,27,4,0,0,0,0,0,1,30,HIGH,0.11
REP-ONETAP-1307,,Fire,high,8.157274269834435,125.12964149211533,Malaybalay Proper,2025-01-02T23:13:00,0,0,0,0,0,0,0,0,0,22,HIGH,0.14
REP-ONETAP-1401,,Typhoon,moderate,8.114149336376046,125.16237998411637,Santo Niño,2025-08-08T06:31:00,0,0,0,0,0,0,0,0,0,15,NONE,4.53
REP-ONETAP-1409,,Flood,critical,8.156564186006733,125.13216620144863,San Jose,2026-01-10T03:06:00,0,0,0,0,0,0,0,0,1,32,HIGH,0.13
REP-FA-2238,fake report test only,Earthquake,low,8.155962515616176,125.12604378554953,Barangay 3,2026-01-06T14:48:00,1,21,4,0,0,1,1,1,0,15,LOW,0.26
REP-ONETAP-1497,,Flood,moderate,8.1493494086994,125.1191091121628,Aglayan,2026-01-16T14:49:00,0,0,0,0,0,0,0,0,0,18,MEDIUM,0.27
REP-TEXT-2039,Dangerous wind gusts breaking tree branches and smashing windows,Typhoon,high,8.153796250596002,125.13070471688357,Barangay 4,2025-11-09T22:02:00,1,64,9,1,1,0,0,0,0,15,HIGH,0.25
REP-TEXT-1530,Gas station explosion and uncontrolled fire spreading fast,Fire,moderate,8.160899151546696,125.11864285415285,Bangcud,2025-02-11T15:21:00,1,58,8,1,1,1,0,0,1,26,MEDIUM,0.43
REP-TEXT-1664,Street submerged under 3 feet of water cars stalling,Flood,moderate,8.1492014305981,125.14338581294032,Violeta,2025-02-09T16:16:00,1,52,9,0,0,0,0,0,0,13,HIGH,0.36
REP-ONETAP-1355,Earthquake - Malaybalay Proper,Earthquake,moderate,8.15505838556276,125.12838826278676,Malaybalay Proper,2025-01-07T09:26:00,0,30,4,0,0,0,0,0,0,24,HIGH,0.18
REP-CLUSTER-2439,Multiple houses on fire with children trapped send rescue immediately,Fire,critical,8.115833765706187,125.16479533384303,Santo Niño,2025-04-07T13:10:00,1,69,10,1,2,0,0,0,0,15,NONE,4.53
REP-CLUSTER-2455,Destructive ground shaking multiple structures damaged people injured,Earthquake,critical,8.081720411224268,125.15709150856688,Linabo,2025-04-30T19:31:00,1,69,8,1,1,0,0,0,0,15,NONE,7.15
REP-TEXT-1644,Dam overflowing sudden massive surge of water entering all homes,Flood,critical,8.152425721172769,125.13354378384558,San Jose,2025-02-21T09:39:00,1,64,10,1,1,0,0,0,1,32,HIGH,0.36
REP-ONETAP-1052,,Flood,moderate,8.159594318976886,125.1289702789993,Barangay 11,2025-12-26T03:24:00,0,0,0,0,0,0,0,0,1,27,LOW,0.27
REP-EXT-0796,Smoke and flames seen in residential area,Fire,high,8.16211,125.126077,Casisang,2022-03-08T00:00:00,1,41,7,0,0,0,0,0,1,25,LOW,0.55
REP-TEXT-1598,Minor burning of garbage contained in metal drum,Fire,low,8.159882949787013,125.13223111441933,Barangay 11,2025-05-27T13:51:00,1,48,8,1,1,2,0,0,1,26,HIGH,0.5
REP-TEXT-1820,Ground shaking felt for 10 seconds slight vibration,Earthquake,moderate,8.157938036984229,125.12029897276942,Barangay 3,2025-10-23T12:05:00,1,51,8,0,0,1,0,0,0,15,MEDIUM,0.1
REP-TEXT-1723,Small puddles formed in driveway no property threat,Flood,low,8.150150150684997,125.11792644281284,Aglayan,2026-01-27T16:17:00,1,51,8,0,0,1,0,0,0,18,MEDIUM,0.33
REP-ONETAP-1184,,Landslide,moderate,8.074544088638678,125.14264245604464,Simaya,2026-01-22T16:07:00,0,0,0,0,0,0,0,0,0,15,NONE,7.34
REP-ONETAP-1060,,Earthquake,moderate,8.15724273502421,125.12800135742464,Barangay 10,2025-06-01T17:08:00,0,0,0,0,0,0,0,0,1,29,LOW,0.04
REP-EXT-0541,Market stall caught fire,Fire,critical,8.156126,125.133518,San Jose,2016-01-20T00:00:00,1,24,4,0,0,0,0,0,1,29,HIGH,0.16
REP-TEXT-1679,Main drainage backed up causing severe street flooding,Flood,high,8.17205770558766,125.11113250101818,Kalasungay,2025-09-25T16:43:00,1,54,8,1,1,0,0,0,0,15,NONE,1.92
REP-CLUSTER-2407,Hillside erosion threatening foundation of roadside homes,Landslide,critical,8.15839641070075,125.12489732938964,Barangay 2,2025-05-08T11:58:00,1,57,7,0,0,0,0,0,0,15,LOW,0.33
REP-TEXT-1758,Destructive ground shaking multiple structures damaged people injured,Earthquake,high,8.175270273048262,125.11827138521356,Kalasungay,2025-09-04T17:14:00,1,69,8,1,1,0,0,0,0,15,NONE,1.95
REP-TEXT-1924,Landslide blocking one lane of road soil slowly sliding,Landslide,moderate,8.153118703612286,125.12935585117768,Barangay 4,2025-02-20T16:43:00,1,55,9,0,0,0,0,0,0,15,MEDIUM,0.21
REP-EXT-0096,House on fire please send help,Fire,high,8.157895,125.128372,Malaybalay Proper,2023-11-14T00:00:00,1,30,6,0,0,0,0,0,0,22,LOW,0.08
REP-ONETAP-1021,Fire - Barangay 8,Fire,high,8.153468057595223,125.13548169667179,Barangay 8,2025-02-05T17:49:00,0,17,4,0,0,0,0,0,0,15,HIGH,0.41
REP-EXT-0564,Electrical short circuit started a fire,Fire,critical,8.156691,125.129248,Barangay 9,2022-06-06T00:00:00,1,39,6,0,0,0,0,0,1,25,HIGH,0.08
REP-EXT-0864,Soil and rocks falling from hillside,Landslide,high,8.147168,125.141655,Violeta,2020-09-29T00:00:00,1,36,6,0,0,0,0,0,1,30,HIGH,0.22
REP-ONETAP-1485,,Typhoon,high,8.15201424387104,125.12626274831928,Barangay 4,2026-01-23T18:14:00,0,0,0,0,0,0,0,0,0,15,MEDIUM,0.46
REP-TEXT-1882,Catastrophic slope failure covered residential road casualties feared,Landslide,critical,8.148488353734685,125.12731331951059,Sumpong,2025-08-19T20:23:00,1,69,8,1,1,0,0,0,1,26,MEDIUM,0.48
REP-ONETAP-1039,,Landslide,moderate,8.076297150804736,125.1404321157157,Simaya,2025-11-27T09:29:00,0,0,0,0,0,0,0,0,0,15,NONE,7.1
REP-EXT-0207,Fire spreading to nearby houses,Fire,high,8.156036,125.131808,San Jose,2020-03-19T00:00:00,1,31,5,1,1,0,0,0,1,29,HIGH,0.09
REP-EXT-0393,Buildings shaking for several seconds,Earthquake,moderate,8.157225,125.122708,Bangcud,2021-05-26T00:00:00,1,37,5,0,0,0,0,0,1,26,MEDIUM,0.19
REP-EXT-0871,House on fire please send help,Fire,critical,8.155908,125.129986,Barangay 11,2024-09-27T00:00:00,1,30,6,0,0,0,0,0,1,26,HIGH,0.19
REP-EXT-0398,Landslide blocking the road,Landslide,moderate,8.156771,125.128061,Malaybalay Proper,2015-02-01T00:00:00,1,27,4,0,0,0,0,0,0,21,HIGH,0.05
REP-CLUSTER-2401,Huge mudslide continuing to move towards village emergency evacuation needed,Landslide,critical,8.155454220725153,125.12799735205567,Barangay 5,2025-02-04T02:35:00,1,76,10,1,2,0,0,0,0,15,HIGH,0.15
REP-ONETAP-1029,,Fire,high,8.155625027123394,125.0372207329296,Cabangahan,2026-01-08T10:51:00,0,0,0,0,0,0,0,0,0,15,HIGH,0.31
REP-ONETAP-1486,,Typhoon,high,8.154865902476347,125.12712263658128,Malaybalay Proper,2025-10-02T21:55:00,0,0,0,0,0,0,0,0,0,15,HIGH,0.25
REP-EXT-0961,Strong shaking felt in our area,Earthquake,moderate,8.162084,125.125607,Casisang,2015-11-12T00:00:00,1,31,6,0,0,0,0,0,1,33,LOW,0.56
REP-TEXT-1571,Small brush fire burning near perimeter fence,Fire,low,8.151166679446066,125.13012323098629,Barangay 8,2026-01-20T15:20:00,1,45,7,1,1,1,0,0,0,15,MEDIUM,0.05
REP-TEXT-1896,Heavy rain triggered landslide near homes blocking access road,Landslide,moderate,8.1572782607071,125.12899741757974,Barangay 9,2025-08-22T23:37:00,1,62,9,0,0,0,0,0,0,12,HIGH,0.08
REP-FA-2147,system test drill for cdrrmo rescuers,Flood,low,8.156375232017378,125.1305141451507,Sumpong,2025-02-25T03:16:00,1,37,6,0,0,1,1,1,0,22,HIGH,0.22
REP-EXT-0805,Water rising quickly near our house,Flood,moderate,8.152719,125.130472,Sumpong,2015-07-01T00:00:00,1,35,6,0,0,0,0,0,0,22,MEDIUM,0.14
REP-TEXT-1752,Severe seismic shaking cracked bridge collapsed school wall,Earthquake,critical,8.13689961811412,125.124442194896,Casisang,2025-12-02T12:19:00,1,59,8,1,2,0,0,0,1,33,HIGH,0.37
REP-EXT-0503,House on fire please send help,Fire,high,8.156777,125.119741,Bangcud,2024-11-11T00:00:00,1,30,6,0,0,0,0,0,1,26,MEDIUM,0.21
REP-EXT-0780,Minor tremor felt in the barangay,Earthquake,moderate,8.156278,125.129296,Barangay 9,2020-07-12T00:00:00,1,33,6,0,0,1,0,0,0,24,HIGH,0.1
REP-TEXT-1864,Massive hillside collapse buried 2 houses people trapped,Landslide,critical,8.156074090676276,125.12850513027786,Barangay 10,2025-09-02T04:32:00,1,56,8,1,3,0,0,0,0,22,HIGH,0.07
REP-EXT-0201,Road blocked due to floodwater,Flood,high,8.157927,125.128226,Barangay 10,2022-01-24T00:00:00,1,30,5,0,0,0,0,0,1,32,LOW,0.07
REP-FA-2183,prank call fake alarm haha,Typhoon,low,8.15723190884342,125.12533410329291,Barangay 4,2026-01-19T23:15:00,1,26,5,0,0,1,1,1,0,15,LOW,0.27
REP-TEXT-2089,Light precipitation weather clearing up,Typhoon,high,8.155014255504861,125.12597521853272,Barangay 10,2025-05-28T01:09:00,1,39,5,0,0,0,0,0,0,15,HIGH,0.34
REP-FA-2279,test emergency alert system please ignore,Flood,low,8.155622524136405,125.12620708879805,Malaybalay Proper,2025-01-15T17:37:00,1,41,6,0,0,1,1,1,1,27,LOW,0.27
REP-TEXT-1797,Strong tremor caused panic visible fissures in concrete pavement,Earthquake,moderate,8.143450190031652,125.11485644134791,Aglayan,2025-04-09T03:02:00,1,64,9,0,0,0,0,0,1,30,MEDIUM,0.54
REP-EXT-0379,Road blocked due to floodwater,Flood,moderate,8.147368,125.139441,Violeta,2022-04-15T00:00:00,1,30,5,0,0,0,0,0,0,13,HIGH,0.15
REP-CLUSTER-2337,Intense earthquake caused severe structural failure in commercial building,Earthquake,critical,8.152117605315755,125.1334650350251,Barangay 8,2025-05-02T02:49:00,1,74,9,1,1,0,0,0,0,15,MEDIUM,0.34
REP-EXT-0419,Road covered by landslide debris,Landslide,high,8.153898,125.130374,San Jose,2022-01-13T00:00:00,1,32,5,0,0,0,0,0,1,28,MEDIUM,0.27
REP-TEXT-1699,Creek water level high reaching road shoulder,Flood,moderate,8.157672230889665,125.12579595770742,Barangay 3,2025-07-25T19:41:00,1,45,7,0,0,0,0,0,0,15,LOW,0.22
REP-EXT-0392,Road blocked due to floodwater,Flood,moderate,8.157205,125.119322,Bangcud,2016-12-20T00:00:00,1,30,5,0,0,0,0,0,0,23,MEDIUM,0.22
REP-TEXT-1523,Multiple houses on fire with children trapped send rescue immediately,Fire,critical,8.150272253248867,125.1341009981026,Barangay 7,2025-12-15T10:41:00,1,69,10,1,2,0,0,0,0,15,MEDIUM,0.43
REP-ONETAP-1163,Earthquake - Barangay 5,Earthquake,moderate,8.157531862525666,125.12807588981104,Barangay 5,2025-03-16T04:34:00,0,23,4,0,0,0,0,0,0,15,LOW,0.03
REP-ONETAP-1496,,Earthquake,moderate,8.159674498919035,125.12832500989744,Barangay 2,2025-06-05T09:17:00,0,0,0,0,0,0,0,0,0,15,LOW,0.25
REP-TEXT-2028,Fierce winds causing trees to fall across main roads and houses,Typhoon,high,8.157737298804959,125.12976591378413,Barangay 4,2025-02-19T14:39:00,1,63,11,0,0,0,0,0,0,15,HIGH,0.18
REP-ONETAP-1153,Earthquake - Malaybalay Proper,Earthquake,moderate,8.155241532420582,125.12701151395169,Malaybalay Proper,2025-11-23T11:06:00,0,30,4,0,0,0,0,0,0,24,HIGH,0.23
REP-ONETAP-1368,,Earthquake,moderate,8.154456216551466,125.12248938581307,Barangay 3,2025-11-10T01:36:00,0,0,0,0,0,0,0,0,0,15,MEDIUM,0.42
REP-EXT-0065,Buildings shaking for several seconds,Earthquake,moderate,8.150409,125.129265,Sumpong,2016-06-29T00:00:00,1,37,5,0,0,0,0,0,0,23,MEDIUM,0.17
REP-TEXT-2063,Moderate storm winds blowing loose signs and tarpaulins,Typhoon,high,8.114834154713733,125.16738414011579,Santo Niño,2025-02-20T14:31:00,1,55,8,0,0,0,0,0,0,15,NONE,4.79
REP-ONETAP-1181,,Fire,moderate,8.154651247924908,125.12479903207593,Barangay 3,2025-09-29T06:24:00,0,0,0,0,0,0,0,0,0,15,LOW,0.46
REP-EXT-0493,Road covered by landslide debris,Landslide,high,8.159145,125.12227,Bangcud,2023-08-05T00:00:00,1,32,5,0,0,0,0,0,1,29,MEDIUM,0.17
REP-EXT-0380,Heavy rain triggered landslide near homes,Landslide,high,8.146975,125.140919,Violeta,2022-12-31T00:00:00,1,41,6,0,0,0,0,0,1,30,HIGH,0.19
REP-FA-2236,sample test report for capstone evaluation,Earthquake,low,8.159608552539371,125.12188478210366,Bangcud,2025-05-11T18:05:00,1,42,6,0,0,1,1,1,1,26,MEDIUM,0.19
REP-EXT-0764,Earthquake caused cracks in the wall,Earthquake,moderate,8.160298,125.124565,Casisang,2020-01-16T00:00:00,1,36,6,0,0,0,0,0,1,33,MEDIUM,0.45
REP-FA-2265,system test drill for cdrrmo rescuers,Earthquake,low,8.153909857705358,125.12737032547356,Barangay 7,2026-01-26T16:31:00,1,37,6,0,0,1,1,1,0,15,HIGH,0.33
REP-EXT-0792,Road blocked due to floodwater,Flood,moderate,8.155517,125.129478,Barangay 9,2020-09-09T00:00:00,1,30,5,0,0,0,0,0,0,19,HIGH,0.17
REP-ONETAP-1077,,Earthquake,moderate,8.177386868084396,125.11492937686529,Kalasungay,2025-01-15T12:21:00,0,0,0,0,0,0,0,0,0,15,NONE,2.26
REP-EXT-0879,Landslide damaged farm area,Landslide,moderate,8.147962,125.119144,Aglayan,2018-02-16T00:00:00,1,27,4,0,0,0,0,0,0,23,MEDIUM,0.15
REP-EXT-0338,Water rising quickly near our house,Flood,moderate,8.151707,125.131145,Sumpong,2021-07-10T00:00:00,1,35,6,0,0,0,0,0,0,22,MEDIUM,0.09
REP-CLUSTER-2344,Gas station explosion and uncontrolled fire spreading fast,Fire,critical,8.153705379307453,125.12739035021534,Barangay 4,2025-04-10T18:08:00,1,58,8,1,1,1,0,0,0,15,HIGH,0.35
REP-ONETAP-1017,,Flood,moderate,8.081041052838186,125.15676100077188,Linabo,2026-01-05T23:16:00,0,0,0,0,0,0,0,0,0,15,NONE,7.2
REP-ONETAP-1276,Typhoon - Aglayan,Typhoon,high,8.145223072370479,125.11877415144687,Aglayan,2025-07-14T04:52:00,0,17,3,0,0,0,0,0,0,15,MEDIUM,0.24
REP-EXT-0456,Strong shaking felt in our area,Earthquake,moderate,8.151394,125.131794,Sumpong,2023-12-31T00:00:00,1,31,6,0,0,0,0,0,0,23,MEDIUM,0.15
REP-EXT-0816,Market stall caught fire,Fire,high,8.150216,125.131935,Sumpong,2019-07-14T00:00:00,1,24,4,0,0,0,0,0,0,24,MEDIUM,0.22
REP-CLUSTER-2318,Severe seismic shaking cracked bridge collapsed school wall,Earthquake,critical,8.155160996215637,125.12765014756258,Barangay 4,2025-04-18T19:32:00,1,59,8,1,2,0,0,0,0,15,HIGH,0.2
REP-EXT-0996,Water rising quickly near our house,Flood,moderate,8.146431,125.11959,Aglayan,2017-04-12T00:00:00,1,35,6,0,0,0,0,0,0,18,MEDIUM,0.19
REP-TEXT-1982,Violent super typhoon winds ripping off roofs trees falling on houses,Typhoon,high,8.15544777545185,125.12986286707263,Barangay 10,2025-01-08T23:07:00,1,69,11,0,0,0,0,0,0,15,HIGH,0.2
REP-EXT-0202,Heavy rain triggered landslide near homes,Landslide,moderate,8.158572,125.129118,Malaybalay Proper,2021-05-10T00:00:00,1,41,6,0,0,0,0,0,0,21,LOW,0.19
REP-EXT-0162,Landslide damaged farm area,Landslide,high,8.160665,125.12419,Casisang,2016-07-28T00:00:00,1,27,4,0,0,0,0,0,1,29,MEDIUM,0.44
REP-TEXT-1580,Bonfire unattended spreading slightly to dry grass,Fire,moderate,8.159974559608633,125.12727397686255,Barangay 11,2025-06-24T11:53:00,1,50,7,1,1,1,0,0,1,26,LOW,0.28
REP-EXT-0703,Earthquake caused cracks in the wall,Earthquake,moderate,8.157943,125.129424,Barangay 9,2024-10-27T00:00:00,1,36,6,0,0,0,0,0,0,24,HIGH,0.17
REP-TEXT-1501,Massive structure fire spreading to adjacent residential houses URGENT HELP,Fire,critical,8.15314424855473,125.13243707156175,Barangay 7,2025-05-21T11:52:00,1,75,10,1,3,0,0,0,0,15,HIGH,0.25
REP-ONETAP-1130,Flood - Barangay 11,Flood,critical,8.160117610099404,125.13238464778799,Barangay 11,2025-04-30T13:02:00,0,19,4,0,0,0,0,0,1,27,HIGH,0.52
REP-ONETAP-1022,,Typhoon,high,8.153570348786998,125.12735169426858,Barangay 5,2025-09-28T19:27:00,0,0,0,0,0,0,0,0,0,15,HIGH,0.37
REP-TEXT-1586,Smoke coming from residential backyard,Fire,high,8.118134034839303,125.16465910301558,Santo Niño,2025-10-29T16:08:00,1,38,5,0,0,0,0,0,0,15,NONE,4.32
REP-TEXT-1956,Minor soil runoff along road gutter no blockage,Landslide,moderate,8.15507727814887,125.12784529345522,Barangay 6,2025-06-12T09:36:00,1,47,8,0,0,1,0,0,0,15,HIGH,0.19
REP-FA-2254,fake report test only,Flood,low,8.145638473898032,125.11532103113142,Aglayan,2025-12-17T10:58:00,1,21,4,0,0,1,1,1,0,18,MEDIUM,0.34
REP-EXT-0035,Strong shaking felt in our area,Earthquake,moderate,8.155327,125.126986,Barangay 9,2019-01-12T00:00:00,1,31,6,0,0,0,0,0,0,24,HIGH,0.23
REP-EXT-0776,Flood entering homes after heavy rain,Flood,high,8.157858,125.127025,Barangay 10,2017-07-15T00:00:00,1,37,6,0,0,0,0,0,1,32,LOW,0.09
REP-ONETAP-1479,,Earthquake,moderate,8.160853441601843,125.03654075258963,Cabangahan,2025-02-19T01:25:00,0,0,0,0,0,0,0,0,0,15,HIGH,0.29
REP-ONETAP-1391,,Landslide,moderate,8.157948199478374,125.03461125161006,Cabangahan,2025-12-01T07:19:00,0,0,0,0,0,0,0,0,0,15,HIGH,0.19
REP-FA-2140,fake report test only,Landslide,low,8.157837127986232,125.1283478111687,Barangay 11,2026-01-12T09:43:00,1,21,4,0,0,1,1,1,0,16,LOW,0.07
REP-ONETAP-1364,,Flood,critical,8.154661496652052,125.12916328018285,Malaybalay Proper,2025-05-30T22:04:00,0,0,0,0,0,0,0,0,1,27,HIGH,0.24
REP-TEXT-2042,Typhoon approaching region moderate continuous rains and gusty winds,Typhoon,high,8.141701848480768,125.1310942569816,Casisang,2025-09-17T07:29:00,1,68,9,0,0,0,0,0,0,15,HIGH,0.54
REP-EXT-0242,Soil and rocks falling from hillside,Landslide,high,8.16123,125.124003,Casisang,2015-06-13T00:00:00,1,36,6,0,0,0,0,0,1,29,MEDIUM,0.47
REP-TEXT-2062,Moderate storm winds blowing loose signs and tarpaulins,Typhoon,high,8.18936781041435,125.15383373062811,Canayan,2025-08-06T16:25:00,1,55,8,0,0,0,0,0,0,15,NONE,4.46
REP-CLUSTER-2364,Dam overflowing sudden massive surge of water entering all homes,Flood,critical,8.147781994439118,125.11822977289654,Aglayan,2025-07-18T20:48:00,1,64,10,1,1,0,0,0,0,18,MEDIUM,0.07
REP-EXT-0601,Earthquake caused cracks in the wall,Earthquake,high,8.156632,125.131971,San Jose,2019-05-16T00:00:00,1,36,6,0,0,0,0,0,1,29,HIGH,0.14
REP-CLUSTER-2436,Large rockslide crushed vehicles and blocked main highway completely,Landslide,critical,8.082376978790286,125.15839291082409,Linabo,2026-01-12T07:15:00,1,68,9,0,0,0,0,0,0,15,NONE,7.15
REP-ONETAP-1298,,Earthquake,moderate,8.14991312751681,125.13192253991069,Sumpong,2026-01-06T18:00:00,0,0,0,0,0,0,0,0,0,23,MEDIUM,0.24
REP-FA-2215,lol this is just a prank fire,Landslide,low,8.15725775368606,125.12614983818796,Barangay 11,2025-10-12T21:40:00,1,29,7,0,0,1,1,1,0,16,LOW,0.18
REP-TEXT-2069,Rainy weather with occasional strong gusts,Typhoon,high,8.158831216504181,125.1230109091914,Barangay 10,2025-11-18T02:24:00,1,42,6,0,0,0,0,0,0,15,MEDIUM,0.22
REP-EXT-0647,Water rising quickly near our house,Flood,moderate,8.145233,125.117683,Aglayan,2015-03-12T00:00:00,1,35,6,0,0,0,0,0,0,18,MEDIUM,0.22
REP-TEXT-1529,Gas station explosion and uncontrolled fire spreading fast,Fire,moderate,8.161097532795036,125.13014276098647,Barangay 10,2025-08-23T04:20:00,1,58,8,1,1,1,0,0,1,25,LOW,0.48
REP-ONETAP-1268,,Typhoon,high,8.15611809294988,125.12370212628383,Barangay 3,2025-11-16T21:39:00,0,0,0,0,0,0,0,0,0,15,MEDIUM,0.35
REP-TEXT-1900,Soil and large boulders falling from hillside into road,Landslide,moderate,8.158766635978761,125.12789642995942,Barangay 10,2025-02-25T18:46:00,1,55,9,0,0,0,0,0,0,22,LOW,0.14
REP-EXT-0563,Soil and rocks falling from hillside,Landslide,moderate,8.149156,125.117691,Aglayan,2022-06-05T00:00:00,1,36,6,0,0,0,0,0,0,23,MEDIUM,0.22
REP-EXT-0190,Road blocked due to floodwater,Flood,moderate,8.149092,125.116566,Aglayan,2023-07-30T00:00:00,1,30,5,0,0,0,0,0,0,18,MEDIUM,0.26
REP-TEXT-1807,Noticeable tremor felt by people indoors doors rattling,Earthquake,high,8.141139692782186,125.12759972373257,Casisang,2025-09-16T10:42:00,1,55,8,0,0,0,0,0,1,33,HIGH,0.26
REP-EXT-0976,House on fire please send help,Fire,high,8.161831,125.125059,Casisang,2017-02-11T00:00:00,1,30,6,0,0,0,0,0,1,25,LOW,0.57
REP-TEXT-2048,Strong wind and intermittent rain small branches broken,Typhoon,low,8.161360633399207,125.12757122464447,Barangay 2,2025-10-31T18:20:00,1,55,8,0,0,1,0,0,0,15,LOW,0.43
REP-ONETAP-1083,Fire - Barangay 1,Fire,moderate,8.164197670396296,125.12719616409419,Barangay 1,2025-05-03T04:30:00,0,17,4,0,0,0,0,0,0,15,LOW,0.75
REP-EXT-0475,House on fire please send help,Fire,high,8.157144,125.120021,Bangcud,2017-06-12T00:00:00,1,30,6,0,0,0,0,0,1,26,MEDIUM,0.16
REP-EXT-0748,Water rising quickly near our house,Flood,high,8.157308,125.130509,Barangay 11,2017-06-01T00:00:00,1,35,6,0,0,0,0,0,1,27,HIGH,0.23
REP-CLUSTER-2301,Gas station explosion and uncontrolled fire spreading fast,Fire,critical,8.15667030406285,125.12871033665267,Malaybalay Proper,2025-09-25T06:48:00,1,58,8,1,1,1,0,0,0,22,HIGH,0.02
REP-EXT-0022,Flood entering homes after heavy rain,Flood,high,8.155554,125.128959,Barangay 10,2018-01-25T00:00:00,1,37,6,0,0,0,0,0,1,32,HIGH,0.14
REP-EXT-0460,Electrical short circuit started a fire,Fire,high,8.156682,125.12712,Barangay 9,2017-11-14T00:00:00,1,39,6,0,0,0,0,0,1,25,LOW,0.12
REP-ONETAP-1185,,Typhoon,high,8.138379481800387,125.12589947882049,Casisang,2025-12-08T09:02:00,0,0,0,0,0,0,0,0,0,15,HIGH,0.15
REP-CLUSTER-2325,Vigorous shaking caused power outage and superficial structure damage,Earthquake,critical,8.15733956333933,125.03586226896763,Cabangahan,2025-02-16T19:40:00,1,69,9,0,0,0,0,0,0,15,HIGH,0.12
REP-EXT-0956,Landslide damaged farm area,Landslide,high,8.157079,125.130501,San Jose,2018-11-17T00:00:00,1,27,4,0,0,0,0,0,1,28,HIGH,0.22
REP-ONETAP-1216,Typhoon - Casisang,Typhoon,high,8.139127244472546,125.1248155383905,Casisang,2025-05-26T02:48:00,0,18,3,0,0,0,0,0,0,15,HIGH,0.26
REP-CLUSTER-2434,Huge blaze engulfing commercial warehouse people trapped inside,Fire,critical,8.151479102228699,125.13068209744375,Sumpong,2025-01-20T03:24:00,1,63,8,1,2,0,0,0,0,24,MEDIUM,0.03
REP-TEXT-1516,Forest fire moving rapidly towards community high wind spreading flames,Fire,critical,8.17712379510643,125.11819749635796,Kalasungay,2025-11-04T12:42:00,1,71,10,1,2,0,0,0,0,15,NONE,2.15
REP-CLUSTER-2392,Huge mudslide continuing to move towards village emergency evacuation needed,Landslide,critical,8.151251713009609,125.13362060507788,Barangay 8,2025-08-25T18:02:00,1,76,10,1,2,0,0,0,0,15,MEDIUM,0.36
REP-EXT-0770,Floodwater already waist deep,Flood,high,8.159094,125.127243,Malaybalay Proper,2015-02-03T00:00:00,1,29,4,0,0,0,0,0,1,27,LOW,0.19
REP-TEXT-1686,Flood entering yard after heavy rain knee deep water,Flood,moderate,8.151281735266775,125.124271064845,Barangay 4,2025-09-02T07:58:00,1,52,9,0,0,0,0,0,0,15,MEDIUM,0.68
REP-EXT-0131,Strong shaking felt in our area,Earthquake,moderate,8.149954,125.128966,Sumpong,2017-11-19T00:00:00,1,31,6,0,0,0,0,0,0,23,MEDIUM,0.23
REP-FA-2136,sample test report for capstone evaluation,Landslide,low,8.15400477177979,125.13431296810118,Barangay 7,2025-12-24T18:11:00,1,42,6,0,0,1,1,1,0,15,HIGH,0.27
REP-ONETAP-1483,,Landslide,moderate,8.082264756175318,125.15610928732325,Linabo,2025-08-17T01:16:00,0,0,0,0,0,0,0,0,0,15,NONE,7.05
REP-EXT-0331,Floodwater already waist deep,Flood,moderate,8.149079,125.118453,Aglayan,2019-02-06T00:00:00,1,29,4,0,0,0,0,0,0,18,MEDIUM,0.21
REP-ONETAP-1239,,Fire,critical,8.150306575853373,125.14127646364688,Violeta,2025-11-08T21:50:00,0,0,0,0,0,0,0,0,1,27,HIGH,0.23
REP-EXT-0467,Heavy rain triggered landslide near homes,Landslide,high,8.158679,125.121886,Bangcud,2024-08-29T00:00:00,1,41,6,0,0,0,0,0,1,29,MEDIUM,0.11
REP-FA-2170,system test drill for cdrrmo rescuers,Typhoon,low,8.148943142506653,125.12831264792867,Barangay 7,2025-12-10T17:11:00,1,37,6,0,0,1,1,1,0,15,MEDIUM,0.37
REP-TEXT-1639,Dam overflowing sudden massive surge of water entering all homes,Flood,critical,8.160045024242756,125.12681167081072,Barangay 3,2025-03-14T05:11:00,1,64,10,1,1,0,0,0,0,15,LOW,0.3
REP-ONETAP-1096,,Landslide,moderate,8.15234365603668,125.13367541739845,Barangay 8,2025-01-09T02:18:00,0,0,0,0,0,0,0,0,0,15,HIGH,0.37
REP-ONETAP-1131,,Landslide,moderate,8.15936823090939,125.13073136728615,Barangay 11,2025-12-06T20:09:00,0,0,0,0,0,0,0,0,0,16,LOW,0.38
REP-ONETAP-1295,,Flood,moderate,8.156886715402853,125.13108971203226,Barangay 6,2025-06-22T09:36:00,0,0,0,0,0,0,0,0,0,15,HIGH,0.21
REP-EXT-0861,Smoke and flames seen in residential area,Fire,high,8.159432,125.12318,Bangcud,2020-09-18T00:00:00,1,41,7,0,0,0,0,0,1,26,MEDIUM,0.27
